:020000040800F2
:10000000183400209D0100083F300008D722000866
:100010003D300008BD0B00088D47000800000000BF
:1000200000000000000000000000000005010008C2
:100030003F0D00080000000049010008514400087D
:10004000B7010008B7010008B7010008B7010008B0
:10005000B7010008B7010008B7010008B7010008A0
:10006000B7010008410D0008470D0008B70100085E
:10007000B7010008B7010008B7010008B701000880
:10008000B7010008B7010008B7010008B701000870
:10009000B7010008B7010008B70100084D0D0008BE
:1000A000E5440008B7010008B7010008B7010008DF
:1000B000B7010008B7010008F1440008B7010008C3
:1000C000B7010008B7010008B7010008B701000830
:1000D000B7010008B7010008B7010008B701000820
:1000E000B7010008B7010008B7010008DFF810D019
:1000F00000F0D6FC00480047EB630008AFF3008037
:1001000018340020224B19680868B0E8F00F80F31B
:100110000988BFF36F8F4FF0000080F311884EF015
:100120000D0E70470000000006480068006880F36C
:10013000088862B661B6BFF34F8FBFF36F8F00DFE1
:1001400000BF00BF08ED00E0EFF30980BFF36F8F41
:100150000F4B1A6820E9F00F106008B54FF05000FF
:1001600080F31188BFF34F8FBFF36F8F08F088FDC6
:100170004FF0000080F31188BDE808401968086856
:10018000B0E8F00F80F30988BFF36F8F704700BFAE
:100190004C000020EFF305807047000006488047C0
:1001A00006480047FEE7FEE7FEE7FEE7FEE7FEE75C
:1001B000FEE7FEE7FEE7FEE7DB440008ED0000088F
:1001C0002DE9F05F0546002092469B46884606468C
:1001D000814640241BE0284641464746224600F01F
:1001E00051F853465A46C01A914110D31146184649
:1001F000224600F059FB2D1A67EB01084F462246B4
:100200000120002100F050FB17EB00094E41201E99
:10021000A4F10104DFDC484631462A464346BDE8E6
:10022000F09F2DE9F0410024061B254671F10006E0
:1002300005DA01240027D0EB070067EB0101161E49
:1002400073F1000605DA0027D2EB0702012567EB00
:100250000303FFF7B5FF86460E4617469C46AC42A1
:1002600004D00025D0EB050E65EB010624B100207B
:10027000D2EB000760EB030C704631463A4663460A
:10028000BDE8F081202A04DB203A21FA02F00021A7
:10029000704721FA02F3D040C2F120029140084396
:1002A0001946704740EA01039B0703D009E008C9DB
:1002B000121F08C0042AFAD203E011F8013B00F82B
:1002C000013B521EF9D27047D2B201E000F8012B77
:1002D000491EFBD270470022F6E710B513460A46C6
:1002E00004461946FFF7F0FF204610BD30B504461E
:1002F0000020034600E05B1C934203D2E05CCD5C2F
:10030000401BF8D030BDF0B480EA0102D40F4200A7
:10031000B2EB410F02D20246084611464A0042D0D3
:10032000C30DDDB2C1F3C752AD1A202D35DAC1F3CA
:10033000160141F4000204B15242C5F1200602FA4E
:1003400006F12A411044B3EBD05F23D0C4B1012D94
:10035000A0EBC35009DCF0BC4FF0004202EAC352EC
:10036000DBB200F5000000F0C9BA400000F1807077
:1003700000EBC350A0F1807040EAD170490009E061
:10038000490841EAC071A0EBC35000F500004008E5
:1003900000EBC350F0BC00F0A8BA6142012202EBAE
:1003A0004101001BF6E7F0BC704781F00041AAE76D
:1003B00080F00040A7E780EA010210B502F0004398
:1003C000400022D04A001FD0010E01EB1261C0F3A1
:1003D0005600C2F3560240F4000042F40002A0FBB3
:1003E000022000047F39140400D0401C50EA12405F
:1003F00001D44000491EC2B20C0604EBD010401CD0
:100400004008802A02D003E0002010BD20F0010047
:10041000002900DA0020184310BD30B480EA010240
:1004200002F0004530F0004221F0004013D090B1BE
:10043000C30DD40DC2F31601C0F31600E41A41F443
:10044000000140F400027D34914201D3641C00E0BD
:100450004900002C02DA30BC002070474FF4000045
:100460000023914201D3891A034340084FEA410116
:10047000F7D151B1914202D14FF0004105E002D2D3
:100480004FF0010101E06FF0010103EBC45028447B
:1004900030BC00F02ABA420005D0C0F3C752524225
:1004A000914201DC0020704700EBC15070472DE9FC
:1004B000FE4F804681EA0300C00F0C46009021F0F9
:1004C000004123F00045B8EB0200A94105D24046A7
:1004D000214690461C460B46024623F0004010433E
:1004E00047D0270DC7F30A00C3F30A510290401A00
:1004F000019040286BDAC3F3130040F4801B00988E
:10050000924620B10023D2EB030A63EB0B0B019858
:100510005946C0F14002504600F0C6F906460D4665
:1005200050465946019A00F0CEF910EB080061419F
:10053000002487EA115284EAE7731A4340D0009AF4
:1005400062B3019A012A4FEA075215DC001B61EBE6
:1005500002014FF0004202EA0752CDE90042001CBE
:1005600041F5801132462B4600F005FA03B0BDE894
:10057000F08F40462146F9E7001B61EB0201001CA9
:1005800041F5801300185B412018A2F5001747EBD6
:10059000030140EAD570B6196D4111E06D084FEACC
:1005A000360645EAC0754FEA0752001B61EB0201AF
:1005B000001C41F5801149084FEA300000195141F3
:1005C00032462B4603B0BDE8F04F00F0C5B90098A5
:1005D000012240000023D0EB020263EBE07300989D
:1005E00021464FEAE074B8EB000061EB0401E9E753
:1005F00083F000435BE781F0004158E72DE9FE4FAF
:1006000081EA030404F0004421F0004100944FF01B
:10061000000B23F0004350EA01045ED052EA0304C9
:100620005BD0C3F30A54C1F30A552C44A4F2F3344B
:100630000194A0FB0254C1F3130141F48011C3F3F0
:10064000130343F4801301FB024400FB034E840AAE
:10065000970A44EA815447EA8357A4FB0768029546
:100660008D0A05FB07854FEA932C04FB0C542705E4
:10067000029D4FEA065847EA1637B5EB08056EEBC0
:10068000070C870E920E47EA811742EA8312A7FBF6
:100690000201B6EB0B0164EB00042B0D43EA0C33B3
:1006A0005E1844EB1C50DA465146E7FB0201C5F3E5
:1006B00013044FEA0B3343EA14534FEA0432019C0C
:1006C00043EA0603A4F10C040294009CCDE900B4B3
:1006D00000F051F903B0BDE8F08F00200146F9E7C2
:1006E0002DE9F04D81EA030404F0004B21F00045B0
:1006F00014464FF0000A23F0004150EA050220D0D2
:1007000054EA01021DD0C5F30A570246C5F313038C
:10071000C1F31300C1F30A5640F4801543F480136B
:10072000A7EB0608101BD64608F2FD3873EB050050
:1007300002D308F1010801E092185B41B8F1000F03
:1007400003DA00200146BDE8F08D00204FF480114F
:10075000064684460EE0171B73EB050705D3121BF4
:1007600063EB050306434CEA010C49084FEA3000ED
:1007700092185B4150EA0107EDD152EA030012D012
:1007800082EA040083EA0501084305D0101BAB414F
:1007900006D20122002306E000224FF0004302E0CF
:1007A0006FF0010253101AEB06004CEB085110EBEE
:1007B0000A0041EB0B01BDE8F04D00F0CDB8C10FD0
:1007C00080EAE0700844CA079623002100F096B83A
:1007D00096230022114600F091B80EB5C10F80EAB1
:1007E000E0700844CA07002140F233438DE80E0050
:1007F0000A460B4600F0BFF803B000BD00F000420F
:1008000020F00040C10DC0F3160040F400007F2925
:1008100001DA00207047962903DCC1F19601C84037
:1008200001E096398840002AF4D04042704720F019
:100830000040C10DC0F3160040F400007F2901DA2A
:1008400000207047962903DCC1F19601C84070472B
:1008500096398840704700F0004230F000400AD0DE
:10086000C10D01F56071C0F3160042EA0151C208E2
:1008700040071143704700200146704730B50B46D2
:10088000014600202022012409E021FA02F59D42C0
:1008900005D303FA02F5491B04FA02F52844151E94
:1008A000A2F10102F1DC30BD202A04DB203A00FA7B
:1008B00002F1002070479140C2F1200320FA03F3B7
:1008C000194390407047202A06DBCB17203A41FAA3
:1008D00002F043EAE07306E041FA02F3D040C2F1CD
:1008E000200291400843194670470029A8BF70476D
:1008F000401C490008BF20F00100704710B4B0FA56
:1009000080FC00FA0CF050EA010404BF10BC7047F0
:1009100049B1CCF1200421FA04F411FA0CF118BF0A
:10092000012121430843A3EB0C01CB1D4FEA0061D9
:100930004FEA102042BF002010BC704700EBC350AC
:1009400010440029A4BF10BC7047401C490008BFD8
:1009500020F0010010BC704710B5141E73F10004A4
:1009600008DA401C41F1000192185B411A4301D1A1
:1009700020F0010010BD2DE9F04D92469B4611B1CB
:10098000B1FA81F202E0B0FA80F220329046FFF72D
:100990008BFF04460F4640EA0A0041EA0B0153462A
:1009A0005A46084313D0114653EA010019D0C8F142
:1009B00040025046FFF766FC05460E465046594633
:1009C0004246FFF771FF084305D0012004E02046AE
:1009D0003946BDE8F08D0020054346EAE0762C4319
:1009E00037430A986305E40AA0EB08000022FD0AD9
:1009F00044EA47540A3002D500200146E9E70105E0
:100A000010196941DDE9084500196941BDE8F04D5B
:100A1000A2E770B521F0004303430CD0C1F30A559F
:100A20000024D5EB040564EB0403D617AD1AB341DB
:100A300002DB0020014670BD201841EB025170BD61
:100A4000C1F30A52C1F3130140F2FF3341F48011A4
:100A50009A4202DA00200146704740F233439A423C
:100A6000A2F2334202DC5242FFF70CBCFFF71CBF7C
:100A700030B5041E71F1000404DB4FF00044404225
:100A800064EB0101141E73F1000405DB1C464FF0FA
:100A90000043524263EB0403994208BF904230BDC9
:100AA000064C074D06E0E06840F0010394E80700BB
:100AB00098471034AC42F6D3FFF71CFBE4AD0008B6
:100AC00004AE00082DE9F04D00231A461B1A8A4196
:100AD00003DB00200146BDE8F08DC1F30A52C1F3EB
:100AE000130141F480154FF0000BD10702D100181B
:100AF0006D41521E0027044640F2FF11384601EBBB
:100B0000620A3E468046024600204FF48011FFF7FD
:100B1000B9FBC2197141BB1846EB0100B4EB030CE1
:100B200075EB000C04D3E41A65EB000517460E467E
:100B3000241908F101006D4180463428E3DDF919DC
:100B400046EB0600091BA84103D24FF0FF321346C3
:100B500001E0002213461BEB070046EB0A51BDE8FB
:100B6000F04DFFF7F9BE70B58C1810F8015B15F069
:100B7000070301D110F8013B2A1106D110F8012B0F
:100B800003E010F8016B01F8016B5B1EF9D12B0734
:100B900005D40023521E0DD401F8013BFAE710F8EA
:100BA000013BCB1A921C03E013F8015B01F8015BD7
:100BB000521EF9D5A142D8D3002070BDFEE7000037
:100BC00011484188491C89B2418009291AD900215C
:100BD00041800C30C288521C92B2C280092A11D9BD
:100BE0008288521C92B28280C180052A0AD942882A
:100BF000521C92B242808180092A03D90288521C79
:100C0000028041807047000030010020012000F088
:100C10000DB8000010B50221034800F01DFA0128AC
:100C200000D0002010BD000000080140044B08B1B6
:100C3000012200E000220221184600F012BA000052
:100C4000000801402DE9F05F82468B460020FFF747
:100C5000EDFF142005F0DCFB012202211C4800F00E
:100C600000FA3C2007F066FDFFF7D4FF4FF0FF3994
:100C700058BB4FF47A742146012000F04EF820BB97
:100C80002146002000F049F8F8B900F023F8C5B279
:100C900000F020F800F0FF0800F01CF8C4B200F0EB
:100CA00019F8C7B200F016F8C6B20120FFF7BEFF70
:100CB00005EB080020443844B04206D1CAF8005081
:100CC0000020CBF80040BDE8F09F4846FBE700005D
:100CD000000801402DE9F04100242546671E4FF42D
:100CE0007A763146012000F018F870B9282007F014
:100CF00021FD6400FFF78EFF012801D144F00104BB
:100D00003146002000F009F810B13846BDE8F08106
:100D10006D1C082DE5DB2046F8E770B50C4605464E
:100D200008E0FFF777FFA84201D1002070BD012045
:100D300007F000FD641EF4D24FF0FF3070BD704725
:100D4000082000F08DB8102000F08AB810B52020DF
:100D500000F086F8BDE81040402000F081B872B67F
:100D6000FEE7000070B5044600F080F90546601CFF
:100D700002D004480078044400F078F9401BA042F7
:100D8000FAD370BD000000202DE9F84F054608F0A9
:100D900001FB2E4CA16A401AC8282BD308F0FAFA9E
:100DA000A0622B482B4FDFF8B0A02C4E4FF001086B
:100DB0004FF40059402D1FD0202D2BD0102D37D0AF
:100DC000082D17D1082100F047F9012812D1306809
:100DD00001280FD1386800280CD18DF8038000233A
:100DE0001A466946606B08F035F9002249465046BC
:100DF00000F037F9BDE8F88F402100F02DF9012807
:100E0000F8D130680128F5D138680028F2D18DF882
:100E10000080E4E7202100F01FF90128EAD13068C2
:100E20000128E7D138680028E4D18DF80180D6E7A1
:100E3000102100F011F90128DCD130680128D9D146
:100E400038680028D6D18DF80280C8E7100000204D
:100E5000000801402C010020001001402801002062
:100E6000044910B50A68024202D00860FFF78CFFFF
:100E700010BD0000140401402DE9F84FDFF8B891CF
:100E80000024A9F1040B23460F2709F1040AABF152
:100E9000040EC9E00125A5402A40AA427DD1674E33
:100EA000D1F804C0ACEB0608B44532D014DCBCF178
:100EB000030F3AD009DCBCF1000F2AD0BCF1010FBE
:100EC0001CD0BCF1020F31D11DE0BCF1110F17D0C5
:100ED000BCF1120F2AD119E0B8F5881F19D006DC31
:100EE000B8F5803F15D0B8F5801F1FD111E0B8F5D7
:100EF000001F0ED0B8F5041F18D10AE0CB6815E02A
:100F0000CB681B1D12E0CB6808330FE0CB680C33B5
:100F10000CE08B682BB1012B4FF0080303D0456127
:100F200004E0042302E0056100E00023FF2A01D869
:100F3000064601E000F104064FEA840501D9A5F157
:100F40002005D6F8008007FA05FC28EA0C0803FA09
:100F500005F548EA0508C6F800804D68ED0062D541
:100F6000374DAE6946F00106AE61AD6924F0030667
:100F700005F001050095334D06EB050CDCF8085033
:100F8000A607360F07FA06F825EA0805DFF8B88045
:100F9000404503D14FF0000817E044E0DFF8AC8093
:100FA000404502D14FF001080FE0DFF8A480404532
:100FB00002D14FF0020808E0DFF89880404502D1E6
:100FC0004FF0030801E04FF0040808FA06F848EA79
:100FD0000508CCF808804D68D9F80060ED024D4650
:100FE00001D5164300E096432E604D68DAF80060A4
:100FF000AD02554601D5164300E096432E604D687C
:10100000DBF80060AD035D4601D5164300E0964372
:101010002E604D68DEF80060ED03754601D516437D
:1010200000E096432E60641C0D682A46E5407FF47C
:1010300031AFBDE8F88F0000080401400000111036
:10104000001002400000014000080140000C014077
:1010500000100140001401408068084000D00120C9
:1010600070470AB1016170470904FBE701488068D5
:10107000704700000000002070B5040025D094F8EF
:101080003D00002520B984F83C50204600F078FA55
:10109000242084F83D002068016821F001010160EE
:1010A0002068016841F4004101602068016821F472
:1010B0000041016000F040FC4D4A6168914201D856
:1010C0004C4900E04C49884201D2012070BD4B4997
:1010D0002368B0FBF1F15E6826F03F060E435E60C8
:1010E0006368934206D94FF4967359434FF47A7369
:1010F000B1FBF3F12368491C1E6A26F03F06314319
:1011000019626168914210D84900401EB0FBF1F2AB
:10111000521CC2F30B02042A01D2042022E0B0FBCD
:10112000F1F0401CC0F30B001CE0A268F2B301EB2D
:10113000C10303EB0116431EB3FBF6F35B1C43F440
:1011400080431B0549D092B301EBC10202EB0111B0
:10115000401EB0FBF1F0401CC0F30B0040F4804097
:1011600040F400402168CA694CF6FF739A4310436B
:10117000C861D4E9071001432068026822F0C00268
:1011800011430160D4E9030101432068826848F2F9
:10119000FF339A4311438160D4E905010843216874
:1011A000CA6822F0FF021043C86001E00EE016E0BA
:1011B0002068016841F0010101602564202084F865
:1011C0003D00256384F83E50002070BD01EB4106D0
:1011D000431EB3FBF6F35B1CB3E70120C2E701EB50
:1011E0004101401EB0FBF1F0401CC0F30B00B7E71B
:1011F000A086010080841E0000093D0040420F00CF
:101200002DE9FF4F83B00025DDE910799A4693461A
:101210000446DDF848800095FFF728FF064694F85D
:101220003D0020287CD119230122854920460096C3
:1012300001F068F90028F5D194F83C0001286FD03E
:10124000012084F83C0020680168C90703D10168C7
:1012500041F0010101602068016821F40061016032
:10126000222084F83D00402084F83E002564676217
:10127000A4F82A90608D20857248E062CDE900864E
:1012800053465A462046049901F03EF800287DD185
:10129000208DDFF8B491202768B1012814D00228EE
:1012A000206801681ED041F48061016020684169B6
:1012B00080690090B6E02068416981690091016809
:1012C00041F400710160ADE02068016821F48061A3
:1012D000016072B62068416981690091016841F43A
:1012E00000710AE041F40061016072B62068416952
:1012F00081690091016821F48061016062B691E02A
:10130000032868D801280CD0022843464FF0000279
:101310004946204600960FD001F0F4F8B0BB10E02B
:101320008BE032464146204601F092F970BB2068BE
:101330000069616A08706CE001F0E4F830BB72B6D5
:1013400034E02068016821F48061016072B6206891
:101350000069616A0870606A401C6062208D401EEE
:101360002085608D401E6085384846F2A8110068CF
:10137000B0FBF1F0C0EBC00000EB80000090401E1D
:10138000009008D020684069C04300E029E0400791
:101390000CD50098F3E744F8305F6773A5732069B4
:1013A00040F02000206162B625731AE020680168D1
:1013B00041F40071016020680069616A0870606A28
:1013C000401C6062218D491E2185618D491E618509
:1013D00062B621681BE032464146204601F038F9EA
:1013E00018B1012007B0BDE8F08F20680069616A7C
:1013F0000870606A401C6062218D491E2185618DE4
:10140000491E618521684A69D24352070AD4096995
:101410000170606A401C6062208D401E2085608DD6
:10142000401E6085208D00287FF46AAF84F83D70EF
:1014300084F83E5084F83C50D4E70220D2E7000004
:10144000020010000000FFFF040001000C0000205B
:101450002DE9FF4F83B09A46DDE911979346044684
:10146000DDF84080FFF702FE054694F83D00202895
:101470007FD11923012240492046009501F042F80E
:10148000002876D194F83C00012872D0012084F81D
:101490003C0020680168C90703D1016841F00101DF
:1014A00001602068016821F400610160212084F856
:1014B0003D00402084F83E0000262664C4F82480C5
:1014C000A4F82A90608D20852C48E062CDE9007553
:1014D00053465A462046049900F094FF70B930E014
:1014E0002A463946204601F0EBF858B1206C042812
:1014F00004D12068016841F400710160012007B047
:10150000BDE8F08F606A216800780861606A401C5D
:101510006062218D491E89B22185628D521E6285CD
:1015200022685369DB435B070BD469B10078106113
:10153000606A401C6062208D401E2085608D401EC8
:101540006085208D0028CBD12A463946204600F000
:10155000ADFF0028CAD154F83D0B016841F4007179
:101560000160202004F81E09E67766770020C6E7B0
:10157000FFE70220C3E70000020010000000FFFFA9
:1015800030B585B0002100910191029103911E4D6B
:1015900003681E4C122103221D48AB4216D1A369D9
:1015A00043F00803A361A369039203F008030493C3
:1015B000C023CDE900316946FFF75EFCE06940F4E5
:1015C0000010E061E06900F4001019E0114DAB4239
:1015D00017D1A36943F00803A361A369039203F041
:1015E000080304934FF44063CDE900316946FFF7E7
:1015F00043FCE06940F48000E061E06900F48000B1
:10160000049005B030BD00000054004000100240BE
:10161000000C0140005800400248816802781144E3
:101620008160704700000020074810B5016841F054
:1016300010010160032000F0B7F80F2000F006F859
:1016400000F050F8002010BD0020024030B50546E3
:101650001F4887B0C16941F00401C161C06906A992
:1016600000F00400009001A800F046F90498B0B121
:1016700000F062F940001749174AB0FBF1F1174832
:10168000491E0260416040F2E7320021C0E90321B7
:101690008160816100F07AFB040003D015E000F066
:1016A0004BF9E8E70D4800F0CFFB04000DD11E20F8
:1016B00000F04DF8102D07D2002229461E2000F020
:1016C00053F80748056000E0012407B0204630BD0C
:1016D0000010024040420F0000080040A402002019
:1016E000040000200F4808B5816941F001018161C3
:1016F000816901F001010091C16941F08051C1612E
:10170000C069002200F0805000900F21901E00F070
:101710002BF80548416821F0E06141F0007141601B
:1017200008BD0000001002400000014000280DDB51
:1017300000F01F02012191404009800000F1E020EB
:10174000C0F88011BFF34F8FBFF36F8F7047002831
:1017500009DB00F01F02012191404009800000F1E7
:10176000E020C0F800117047F0B40E4B1B680C4627
:10177000C3F30223C3F10705042D00D90425191D65
:10178000072901D2002300E0DB1E012606FA05F13D
:10179000491E214099409E40761E16403143F0BCC0
:1017A00003F02EB80CED00E0064900F007020868CF
:1017B0004FF6FF03184040EA0220034A1043086036
:1017C000704700000CED00E00000FA052DE9F0473D
:1017D0000F46050061D0434E306800F00700B84264
:1017E00009D2306820F0070038433060306800F0DC
:1017F0000700B84251D128683B4C810712D54007F9
:1018000003D5606840F4E06060602878000703D585
:10181000606840F4605060606068A96820F0F00083
:10182000084360602878C00728D06868012810D075
:101830002168022810D0890700292EDA616821F07A
:10184000030101436160FFF711FC804641F28839D2
:101850000DE021688903EFE78901EDE7FFF706FC5A
:10186000A0EB0801494502D90320BDE8F087606874
:10187000696800F00C00B0EB810FEFD1306800F028
:101880000700B8420BD9306820F0070038433060B9
:10189000306800F00700B84201D00120E5E7287861
:1018A000400705D56068E96820F4E060084360609F
:1018B0002878000706D56068296920F4605040EA5E
:1018C000C100606000F048F86168084AC1F3031184
:1018D000515CC8400649086006480068FFF7B6FE3C
:1018E0000020C2E700200240001002402E970008AE
:1018F0000C000020040000200F2202600C4A5368F4
:1019000003F003034360536803F0F00383605368FC
:1019100003F4E063C36052684FF4E06303EAD20269
:1019200002610448006800F007000860704700008A
:101930000010024000200240044805490068496840
:10194000044AC1F30221515CC84070470C000020DA
:10195000001002403E9700080E4A51680E4801F000
:101960000C03042B11D0082B0FD10C48C1F3834377
:10197000C903C05C0AD55168084AC1F34041921EB0
:10198000515C054A5043B0FBF1F0704704494843AD
:10199000704700000010024000127A001E970008F5
:1019A00000093D002DE9F84F040070D02078C04DAB
:1019B000C00749D06868C0F38100012807D0686873
:1019C000C0F38100022809D16868C00306D52868E1
:1019D000800339D560680028E7D035E06068B0F54D
:1019E000803F0BD010B1B0F5A02F11D0286820F4A3
:1019F00080302860286820F4802002E0286840F4C5
:101A000080302860606890B1FFF730FB06460AE03E
:101A1000286840F480202860F0E700BFFFF726FB2D
:101A2000801B642873D828688003F7D50CE0FFF783
:101A30001DFB064605E000BFFFF718FB801B64286E
:101A4000F0D828688003F7D420789A4E80074FF0AA
:101A500001094FF0000839D5686810F00C0F07D065
:101A60006868C0F38100022809D16868C00306D401
:101A70002868800714D52069012808D110E0206962
:101A8000B0B1C6F80090FFF7F1FA074605E00AE1A9
:101A9000FFF7ECFAC01B0228C4D828688007F7D5E6
:101AA0002868616920F0F80040EAC10028600DE074
:101AB000C6F80080FFF7DAFA074604E0FFF7D6FA27
:101AC000C01B022823D828688007F7D42078000795
:101AD0002CD57948A169D9B1C0F80090FFF7C6FAB2
:101AE000074604E0FFF7C2FAC01B02280FD8686A55
:101AF0008007F7D571484FF4FA510068B0FBF1F058
:101B0000009000BF0098411E0091FAD20EE080E0E4
:101B1000C0F80080FFF7AAFA074604E0FFF7A6FA2C
:101B2000C01B022875D8686A8007F7D42078400760
:101B300060D5E8690027C00008D4E86940F080500B
:101B4000E861E869012700F0805000905C48016876
:101B5000C90513D40168834641F480710160FFF721
:101B600085FA824606E000BFFFF780FAA0EB0A0084
:101B700064284ED8DBF80000C005F5D5E0680128E0
:101B80000AD008B1052813D0286A20F00100286285
:101B9000286A20F0040002E0286A40F00100286270
:101BA000E06841F2883B98B1FFF760FA82460BE0AB
:101BB000286A40F004002862EEE700BFFFF756FAFB
:101BC000A0EB0A0159455AD8286A8007F6D50CE0DF
:101BD000FFF74CFA824605E0FFF748FAA0EB0A014E
:101BE00059454CD8286A8007F6D41FB1E86920F01F
:101BF0008050E861E06988B36968C1F38101022916
:101C000044D00228C6F8608004D0FFF72FFA0446BB
:101C100038E034E0FFF72AFA074604E0FFF726FA37
:101C2000C01B02282BD828688001F7D4206AB0F5A1
:101C3000803F05D16868A16820F4003008436860DF
:101C4000D4E908010843696821F474110843686005
:101C5000C6F86090FFF70AFA044606E025E000BFE8
:101C6000FFF704FA001B022809D828688001F7D57D
:101C70001BE000BFFFF7FAF9001B022802D903207E
:101C8000BDE8F88F28688001F4D40EE00128F7D071
:101C90006868226A00F48031914204D1616A00F4DC
:101CA0007010884201D00120EAE70020E8E7000038
:101CB0000010024000004242800442420C0000201A
:101CC000007000407047704770B590F83C20012AC2
:101CD00026D0012480F83C40022280F83D20036891
:101CE0005A689D6822F070060A6832435A600D4BAC
:101CF00002689A4208D0B2F1804F05D00A4B9A424E
:101D000002D00A4B9A4204D1496825F08003194356
:101D1000916080F83D40002180F83C10084670BD7D
:101D2000022070BD002C014000040040000800406B
:101D300010B50446022084F83D002068016A41F293
:101D40001112114207D1016A9210114203D10168A8
:101D500021F001010160204600F046F8002084F8DF
:101D6000460084F83E0084F83F0084F8400084F880
:101D7000410084F8420084F8430084F8440084F869
:101D8000450084F83D0084F83C0010BD10B5040007
:101D900003D094F83D0010B107E0012010BD0020F1
:101DA00084F83C00204600F031F8022084F83D0021
:101DB000211D206802F0A2FB012084F8460084F86F
:101DC0003E0084F83F0084F8400084F8410084F825
:101DD000420084F8430084F8440084F8450084F805
:101DE0003D00002010BD000000680649884207D170
:101DF0000548816921F4006181611820FFF796BCD4
:101E000070470000002C01400010024008B5006837
:101E10000B49884212D10B48816941F4006181610C
:101E20008069002200F40060009005211820FFF76F
:101E30009BFCBDE808401820FFF789BC08BD0000E6
:101E4000002C01400010024090F83D10012901D003
:101E500001207047022180F83D100168CA6842F0F5
:101E60000102CA6000680B49884208D0B0F1804F77
:101E700005D00949884202D00849884204D18168C6
:101E800001F00701062903D0016841F0010101605A
:101E900000207047002C0140000400400008004072
:101EA00070B5044690F83C000025012817D00126A3
:101EB00084F83C60022084F83D002068826822F0AB
:101EC000770222F47F4282600868502838D00DDC07
:101ED00020284FD005DC90B3102811D14AE0022011
:101EE00070BD302846D040280AD13BE060282FD072
:101EF00070280DD0B0F5805F03D0B0F5005F12D030
:101F0000012584F83D60002084F83C00284670BD1F
:101F1000CB68D1E90121206802F033FB2068816899
:101F200041F0770109E0CB68D1E90121206802F096
:101F300028FB2068816841F480418160E1E719E075
:101F4000CA684968206802F0D1FB5021206806E089
:101F5000CA684968206802F0DAFB6021206802F054
:101F60001AFBCEE7CA684968206802F0BFFB40212F
:101F70002068F4E7226801461046F0E7704770B524
:101F80000446006801694FF00005C943890715D46C
:101F9000C168C943890711D4E91E01610120207776
:101FA000206880698007204602D0FFF7E7FF04E041
:101FB00000F098F8204600F0FCF8257720680169C9
:101FC000C943490717D4C168C943490713D46FF0FF
:101FD00004010161022020772068806910F4407FAD
:101FE000204602D0FFF7CAFF04E000F07BF820464D
:101FF00000F0DFF8257720680169C943090716D486
:10200000C168C943090712D46FF0080101610420B7
:1020100020772068C0698007204602D0FFF7AEFF16
:1020200004E000F05FF8204600F0C3F82577206850
:102030000169C943C90617D4C168C943C90613D485
:102040006FF010010161082020772068C06910F44A
:10205000407F204602D0FFF791FF04E000F042F8F5
:10206000204600F0A6F8257720680169C943C90712
:1020700008D1C168C943C90704D1891E016120463E
:1020800000F01EF920680169C943090609D4C16836
:10209000C943090605D46FF0800101612046FFF7AE
:1020A00011FE20680169C943490609D4C168C943C2
:1020B000490605D46FF040010161204600F00AF99D
:1020C00020680169C94389060BD4C168C9438906E0
:1020D00007D46FF0200101612046BDE87040FFF792
:1020E000F2BD70BD704770B5044690F83C00002604
:1020F0000D4601280FD0012084F83C006AB1042A63
:102100001DD0082A2FD00C2A3FD00126002084F8A9
:102110003C00304670BD022070BD206802F044FAD9
:102120002068816941F0080181612068816921F09E
:1021300004018161206881692A69114311E02068E6
:1021400002F05AFA2068816941F4006181612068D7
:10215000816921F480618161206881692A6941EA8D
:1021600002218161D2E7206802F072FA2068C16919
:1021700041F00801C1612068C16921F00401C16119
:102180002068C1692A69114311E0206802F08CFAC5
:102190002068C16941F40061C1612068C16921F40E
:1021A0008061C1612068C1692A6941EA0221C16177
:1021B000ACE7704710B50446022249B104290ED09D
:1021C000082913D094F84100012816D0012010BD31
:1021D00094F83E000128F9D184F83E200FE094F8ED
:1021E0003F000128F2D184F83F2008E094F8400035
:1021F0000128EBD184F8402001E084F8412001223D
:10220000206802F0B1F90F492068884203D1426C7E
:1022100042F4004242642068884208D0B0F1804F06
:1022200005D00949884202D00849884204D1816812
:1022300001F00701062903D0016841F001010160A6
:10224000002010BD002C01400004004000080040A8
:1022500030B504460D460068002202F085F9174BA0
:1022600041F2111120688A10984209D1036A0B4289
:1022700006D1036A134203D1436C23F40043436441
:102280002068036A0B4206D1016A114203D101683A
:1022900021F00101016001203DB1042D08D0082D7D
:1022A00009D084F84100002030BD84F83E00FAE7F0
:1022B00084F83F00F7E784F84000F4E7002C014081
:1022C00000680349884201D1FFF7A6B970470000B2
:1022D000000800407047FEE701684A69D243520592
:1022E0000FD46FF480624A61002140F8301F202231
:1022F00042738173026942F004020261017301209A
:1023000070470020704700002DE9F84F0446006830
:1023100089460B9D01689846174641F4806101602B
:102320002068016841F48071016000954FF0011B45
:102330000022594620460A9B00F0E4F84FF4007A48
:1023400040B120680068C00501D5C4F840A0032052
:10235000BDE8F88F216809F0FE0008612B46284986
:1023600020460A9A00F016F9F0BB2068416980699E
:1023700000902A4620460A9900F0A2F940B1206C4C
:1023800004283AD12068016841F40071016034E00A
:10239000FEB2B8F1010F09D02168380A08612A4657
:1023A00020460A9900F08CF90028E8D120680661DF
:1023B0002A4620460A9900F083F90028DFD12068D8
:1023C000016841F480710160009500225946204661
:1023D0000A9B00F097F80028B3D1216809F0FF00AC
:1023E00040F00100086100E007E02B460449204668
:1023F0000A9A00F0CFF80028AAD00120A8E7000030
:10240000020001002DE9F843044600680D46DDE9AD
:10241000089701689846164641F4807101604B4662
:1024200000224FF001112046009700F06BF848B1F0
:1024300020680068C00502D54FF4007020640320B6
:10244000BDE8F883216805F0FE0008613B464A4676
:102450001549204600F09EF888B9206841698069D6
:1024600000903A464946204600F02AF948B1206CCF
:10247000042804D12068016841F400710160012042
:10248000DEE7F5B2B8F1010F09D02168300A086122
:102490003A464946204600F013F90028E7D1206863
:1024A00005610020CCE700000200010070B516466F
:1024B0000D4604461EE02046FFF70EFF08B101203E
:1024C00070BD681C16D0FEF7D1FD801BA84200D855
:1024D00085B920684069C04340070BD5002044F807
:1024E000300F20216173A073216941F02001216127
:1024F0002073E4E720684069C0434007DBD4002034
:1025000070BD00002DE9F047984617460D46044679
:10251000C1F30746DDF820902AE000BFB8F1FF3F85
:1025200026D0FEF7A3FDA0EB0901414502D8B8F182
:10253000000F1DD12068012E16D0806925EA000009
:102540000004000C12D00020B84211D1002044F841
:10255000300F20216173A073216941F020012161B6
:1025600020730120BDE8F0874069E7E70120EBE731
:102570002068012E0AD0806925EA00000004000CC2
:1025800006D00020B842C9D00020EBE74069F3E74D
:102590000120F7E72DE9F047984616460D46044618
:1025A0004FF000094FF0200AC1F3074723E02068ED
:1025B0004069C043400515D42068016841F40071AA
:1025C000016021686FF480604861C4F8309084F83D
:1025D0003DA084F83E90216C41F00401216484F810
:1025E0003C9021E0701C06D0FEF740FDA0EB0800F7
:1025F000B04203D816B1012F1FD021E02068012F6F
:1026000015D0806925EA00000004000C18D000BF36
:1026100044F8309F84F80DA084F80E90216941F0B1
:102620002001216184F80C900120BDE8F087406909
:1026300025EA00000004000CEAD12068406901E0AE
:102640002068806925EA00000004000CAFD1ECE7A7
:102650002DE9F041002590460E460446202728E04B
:102660004069C043C0060CD454F8301B6FF0100012
:10267000486144F810596777A577206A206225776A
:1026800014E0FEF7F3FCA0EB0800B04200D886B9D6
:1026900020684069C04340060BD544F8305F67733B
:1026A000A573206940F02000206125730120BDE85A
:1026B000F08120684169C9434906D1D40020F6E77A
:1026C00070B516460D4604461EE02046FFF704FE90
:1026D00008B1012070BD681C16D0FEF7C7FC801B36
:1026E000A84200D885B920684069C04300060BD5D0
:1026F000002044F8300F20216173A073216941F05C
:10270000200121612073E4E720684069C04300068E
:10271000DBD4002070BD7CB514460D4606466B46E2
:1027200006223B21682000F0A9F900280BD1BDF852
:10273000001049BA3180BDF8021049BA2980BDF8AD
:10274000041049BA21807CBD70B5104D4FF48074DF
:10275000002221462846FEF784FC00F0D5F900222D
:1027600061002846FEF77DFC022005F0E3FF012210
:1027700021462846FEF775FC022005F0DBFF2146C6
:102780002846BDE870400022FEF76BBC000C0140FB
:102790007FB5002002904FF440740120CDE9004045
:1027A0000320064D039069462846FEF765FB01228B
:1027B00021462846FEF755FC7FBD0000000C014075
:1027C00070B5104D4FF48074002221462846FEF764
:1027D00048FC00F099F9012251022846FEF741FC1D
:1027E000022005F0A7FF012221462846FEF739FC0A
:1027F000022005F09FFF21462846BDE870400022D8
:10280000FEF72FBC000C01402DE9F0478046002464
:1028100000F06AF9164F00254FF480764FF40079E6
:10282000002231463846FEF71CFC022005F082FFEC
:10283000012231463846FEF714FC6006040E494674
:102840003846FEF709FC08B1641CE4B2022005F02A
:1028500071FF6D1CEDB2082DE2D3B8F1000F04D06A
:10286000FFF772FF2046BDE8F087FFF7A9FFF9E701
:10287000000C01402DE9F041054600F045F9144EE9
:102880004FF48077002239463046FEF7EAFB0024F9
:102890004FF40078EA0941463046FEF7E2FB68064D
:1028A000050E012239463046FEF7DBFB022005F01B
:1028B00041FF002239463046FEF7D3FB022005F0E7
:1028C00039FF641CE4B2082CE4D3BDE8F0810000B9
:1028D000000C014070B500F017F901220E4D5402B2
:1028E00021462846FEF7BDFB012216023146284646
:1028F000FEF7B7FB022005F01DFF00222146284607
:10290000FEF7AFFB022005F015FF31462846BDE873
:1029100070400022FEF7A5BB000C014070B500F02E
:10292000F3F8104D4FF48074002221462846FEF73C
:1029300098FB6600002231462846FEF792FB0220F3
:1029400005F0F8FE012221462846FEF78AFB012207
:1029500031462846FEF785FBBDE87040022005F0B1
:10296000E9BE0000000C01402DE9F041002400F018
:10297000BBF80122144D560231462846FEF771FB82
:10298000022005F0D7FE0122170239462846FEF73D
:1029900068FB022005F0CEFE08E0641CE4B2FA2CCD
:1029A00004D9FFF7BBFF0120BDE8F081314628467E
:1029B000FEF752FB0028F0D1002239462846FEF7E8
:1029C00050FB0020F0E70000000C014010B5FFF7BD
:1029D000DFFE80216B2000F0E2F8642003F018FD98
:1029E00000216B2000F0DBF8032000F0A4F80020A9
:1029F00000F09CF8322000F0BBF80021382000F0F5
:102A0000CEF800216A2000F0CAF80021232000F04F
:102A1000C6F88021372000F0C2F8752000F011F8C8
:102A2000682801D0012010BD01216B2000F0B7F80B
:102A300000216C2000F0B3F8322000F099F800205B
:102A400010BD10B50446FFF745FFD020FFF712FF79
:102A5000FFF78AFF2046FFF70DFFFFF785FFFFF71F
:102A600039FFD120FFF706FFFFF77EFF0020FFF7B9
:102A7000CBFE0446FFF752FF204610BD2DE9F04182
:102A80001D4614460F460646FFF724FF7006000E4B
:102A9000FFF7F0FEFFF768FF20B1FFF73FFF0120CF
:102AA000BDE8F0813846FFF7E5FEFFF75DFFFFF771
:102AB00011FF012000EB4600C0B2FFF7DBFEFFF77D
:102AC00053FF09E0012C0DD05FF00100FFF79CFEE1
:102AD000641E05F8010BE4B2002CF3D1FFF71EFFD2
:102AE0000020DDE70020F1E71FB5002001900290F3
:102AF0004FF4007000900320039069460148FEF7F0
:102B0000BBF91FBD000C01401FB5002002904FF41F
:102B10000070009001200190032003906946024854
:102B2000FEF7AAF91FBD0000000C0140C006010E0F
:102B30001C2000F034B8C006010E1B2000F02FB896
:102B4000BC2801D3012110E0622801D302210CE04E
:102B50002A2801D3032108E0142801D3042104E02A
:102B60000A2801D3052100E006211A2000F017B839
:102B700010B504464FF47A70844201D9044602E04D
:102B8000042C00D20424B0FBF4F0401EC1B2192082
:102B900000F005F86008BDE81040FFF7D1BF70B540
:102BA0000C460546FFF796FED020FFF763FEFFF7C1
:102BB000DBFE50B92846FFF75DFEFFF7D5FE204645
:102BC000FFF758FEFFF7D0FE18B1FFF7A7FE012070
:102BD00070BDFFF7A3FE002070BD2DE9F0411E4639
:102BE00015460F460446FFF775FE6006000EFFF718
:102BF00041FEFFF7B9FE60B93846FFF73BFEFFF72D
:102C0000B3FE00240CE0305DFFF734FEFFF7ACFEAE
:102C100020B1FFF783FE0120BDE8F081641CE4B21F
:102C2000AC42F0D3FFF77AFE0020F5E72DE9FC4136
:102C300002F032FC4C480090002301224FF47A71DC
:102C40004AA006F0EDFC4B4D00230122E8624A4801
:102C50000090642149A006F0E3FC042128630022CF
:102C6000084606F0ABF86863464A0021464804F07F
:102C70006FFAA86328461824CDE90040002380227B
:102C800042A1464806F01AFB281DCDE9004000236A
:102C9000802243A1464806F011FB05F10800CDE96A
:102CA00000400023802243A1474806F007FB05F1BE
:102CB0001000CDE900400023802244A1484806F0DE
:102CC000FDFA05F11800CDE900400023802245A15E
:102CD000484806F0F3FA05F11C00CDE90040002356
:102CE000802245A1484806F0E9FA05F10C00CDE93B
:102CF00000400023802245A1494806F0DFFA05F193
:102D00001400CDE900400023802246A14A4806F085
:102D1000D5FA05F12000CDE900400023802247A12B
:102D20004A4806F0CBFA00264FF4C8774FF47A6889
:102D3000012804D0394640462E6202F095FB0D482A
:102D400000232430CDE90040802241A1444806F010
:102D5000B5FA012806D0394640466E62BDE8FC410E
:102D600002F082BBBDE8FC813547000854696D65FF
:102D70007231000010000020C10B000854696D651D
:102D800072320000489700081542000853686F77B8
:102D900054696D655461736B000000006140000868
:102DA00053686F774D656E755461736B000000005A
:102DB000C93B000853686F7743616C656E6461724C
:102DC0005461736B00000000CD35000853686F77C5
:102DD000466C6173684C696768745461736B00007A
:102DE000013B000853686F77444854313154617394
:102DF0006B000000C939000853686F77424D5032AC
:102E000038305461736B00005D34000853686F778D
:102E1000436C6F636B54696D655461736B000000A4
:102E20005D38000853686F7753657474696E675F27
:102E30005461736B00000000393D000853686F77E0
:102E4000537465705461736B000000008D3F00087F
:102E500053746570436F756E745461736B0000003A
:102E60003D420008F0B585B0002534480095019535
:102E700002950395816941F010018161816901F03A
:102E800010010491816941F020018161816901F0A3
:102E900020010491816941F004018161816901F09F
:102EA00004010491816941F0080181618069244E27
:102EB00000F008004FF400540490002221463046F0
:102EC000FEF7CFF81F4F002202213846FEF7C9F85F
:102ED00000940124CDE90145022569463046039559
:102EE000FDF7CAFF1120CDE9005069463846CDE90B
:102EF0000245FDF7C1FF782000901348CDE9010499
:102F000069463846FDF7B8FF002205210920FEF783
:102F10002BFC0920FEF71BFC002205210A20FEF7EE
:102F200023FC0A20FEF713FC002205211720FEF7E0
:102F30001BFC1720FEF70BFC05B0F0BD0010024093
:102F40000010014000080140000011100D4810B5AC
:102F50000B4901600C49416000214FF480428160BF
:102F6000C0E9031241618161C1610162FEF784F829
:102F7000002803D0BDE81040FDF7F1BE10BD0000F1
:102F800000540040B4010020801A06000D4810B51E
:102F90000B4901600C49416000214FF4804281607F
:102FA000C0E9031241618161C1610162FEF764F809
:102FB000002803D0BDE81040FDF7D1BE10BD0000D1
:102FC0000058004008020020801A060010B586B0A4
:102FD0000024194800940194029403940494154920
:102FE0000594016041F61F41C0E9011442F20F71DE
:102FF000C1604FF48071C0E9041480218161FEF743
:10300000C5FE08B1FDF7ABFE4FF480500090694655
:103010000948FEF745FF08B1FDF7A1FE049404A995
:1030200005480594FEF750FE002801D0FDF797FEF5
:1030300006B010BD002C01405C020020FEE7FEE758
:1030400070B5002404F1B000C0B200F00FF9002008
:1030500000F00CF9102000F009F90025002000F024
:1030600017F96D1CEDB2802DF8D3641CE4B2082C66
:10307000E8D370BD10B58D2000F0F8F8142000F0F2
:10308000F5F8BDE81040AF2000F0F0B870B5C820EA
:10309000FDF768FE044D0024285D00F0E7F8641C8D
:1030A000E4B2172CF8D370BDCC00002070B500241A
:1030B00004F1B000C0B200F0D9F8002000F0D6F85A
:1030C000102000F0D3F80025FF2000F0E1F86D1C7F
:1030D000EDB2802DF8D3641CE4B2082CE8D370BDA7
:1030E00010B50446B031C8B200F0C0F8102040EA74
:1030F000141000F0BBF804F00F00BDE8104000F021
:10310000B5B800002DE9F047203A0024089E0F468C
:103110008146D5B27F2803D900208F1C8146FFB29B
:10312000102B394612D0FFF7DBFF1B4905EB45009A
:1031300001EB4005285D0EB1C043C0B200F0A8F815
:10314000641CE4B2062CF5D3BDE8F087FFF7C8FF96
:10315000DFF8488004EB051118F801000EB1C043F8
:10316000C0B200F095F8641CE4B2082CF2D37F1CC6
:10317000F9B24846FFF7B4FF0024474604EB0510B8
:103180003844007A0EB1C043C0B200F081F8641C2C
:10319000E4B2082CF2D3D7E76C97000894990008A2
:1031A0002DE9FF4F81B00026DDE90EA91D469346AB
:1031B000804634464FEA5A0727E0281B401EC1B21A
:1031C0000A2003F067FFBBFBF0F00A21B0FBF1F22D
:1031D00001FB120026B9691E8C4201DA48B10126B2
:1031E0003030C2B207FB0480C0B25346CDF8009025
:1031F00006E007FB0480C0B253462022CDF80090C1
:103200000299FFF77FFF641CE4B2AC42D5D305B04E
:10321000BDE8F08F2DE9F8431E461746894604465F
:103220000025DDF8208014E0334649462046CDF8DD
:103230000080FFF767FF0C2E10D00834E4B27A2C20
:1032400001D90C2E0CD0782C01D9102E08D06D1C71
:10325000EDB27A5D002AE7D1BDE8F883A41DEDE761
:1032600009F10100002400F0FF09F0E701B584B086
:1032700001214FF4807204A88DE807000B4600225C
:1032800078210248FEF7E4F805B000BDB401002043
:1032900001B584B001214FF4807204A88DE80700C5
:1032A0000B46402278210248FEF7D2F805B000BD57
:1032B000B4010020010004484FF00001006801D073
:1032C000FEF778BFFEF7C4BFC400002070B58CB015
:1032D0001C216846FCF7FFFF4FF480700225CDE902
:1032E0000705002407A91048CDE90945FDF7C4FDED
:1032F0000F4E0E484722316815C140F2E732E1E82F
:103300000224802261E8044201F0F8F86020009075
:10331000049440F2F310CDE90105002269463068BB
:10332000FEF7E1FE0CB070BD00080140002C01402A
:10333000C40000202DE9F04188B0884606461C21D3
:103340006846FCF7C8FF1A4C00212068FEF780FF92
:103350002068FEF7EDFC2068164900250160472132
:10336000C0E90115144F97FBF6F1491EC0E903159A
:103370008021C0E90551FEF709FD60200090022080
:10338000029097FBF6F0401E00FB08F0642190FBD2
:10339000F1F004950190002269462068FEF7A3FE33
:1033A00000212068FEF706FF08B0BDE8F0810000AC
:1033B000C4000020002C014040420F00F8B51A4C18
:1033C0000025A4F1240620680095C11700EB517078
:1033D000C0F3C7013079102314A2FFF71BFF606808
:1033E0000095C11700EB5170C0F3C701307910236D
:1033F00011A2FFF70FFFA0680095C11700EB5170F5
:10340000C0F3C701307910230EA2FFF703FFE06875
:103410000095C11700EB5170C0F3C701307910233C
:103420000BA2FFF7F7FEF8BD680100207468616E1B
:103430006B20796F75000000666F6C6C6F77696E3A
:10344000670000006D792070726F6A656374000018
:1034500040636873266D7A6B00000000A6B002F02E
:103460001BF84A4D286820B1012251034848FDF756
:10347000F8FDFFF70BFEFFF7E3FD22A801F03AFF8E
:103480007620ADF85C004348189022A90EA801F000
:10349000CDFE9DF86A00602876D000270024A8465B
:1034A0004FF47A79CDF88440FFF7CAFD20AB1EAA0D
:1034B0001FA90EA801F0AEFF1F98FDF7CCF9054635
:1034C0000E461E98FDF7C7F92A46334602F0A8F8C3
:1034D00005460E461E98FDF7BEF902460B462EA184
:1034E00001A801F065F90021102301AA0846009403
:1034F000FFF790FE1F98FDF7AEF902460B4629A193
:1035000001A801F055F9102301AA0221002000941E
:10351000FFF780FE2A46334625A101A801F048F9AD
:10352000102301AA042100200094FFF773FE7FB14D
:103530002098FDF790F902460B4620A101A801F062
:1035400037F9102301AA062100200094FFF762FE3C
:103550004A4621A9D8F8000005F0DAFD0128A3D1D8
:103560009DF8870001289FD1642140F6C41001F026
:103570007BFF1548006805F0ABFA002005F02AFB38
:103580008DF8874090E7FFE7012787E74400002098
:1035900000100140080200207072653A20252E308C
:1035A0006600000074656D703A20252E31660000BB
:1035B000616C743A20252E316600000068756D3A02
:1035C00020252E316600000014000020B0B001F06C
:1035D00063FF6248006820B1012251036048FDF793
:1035E00040FDFFF753FDFFF72BFD60225D4901A869
:1035F000FCF758FE5B491822603121A8FCF752FE07
:1036000058480DF1680C78300FC88CE80F00554A07
:103610001EAB883207CA83E807005249182294314A
:1036200028A8FCF73FFE0020814601260DF168081E
:1036300005462790FFF704FD00240DF1840A474654
:1036400004EB440101EB0A020095B84617F8140098
:103650000C230121FFF7DEFD641C062CF0DD304653
:1036600002F0E3FE83464FF4FD6002F08EFE84B26A
:1036700001224FF0070A09E0104602F0D6FE0119B8
:1036800091FBFAF30AFB131084B2521CB242F3D33B
:1036900001272E9421E000BFB4FBFAF10AFB114090
:1036A0002E99641CC1F10701B94201D3002103E046
:1036B00018B909F10101C9B2894607EB470201A90E
:1036C0001EAB00950A4433F8191018F81000C1F326
:1036D000C7010C23FFF79EFD7F1C5F45DCD92798AF
:1036E000009500EB400101A80A180C230421752065
:1036F000D21CFFF78FFD19484FF0FF3219A900685F
:1037000005F006FD9DF86400012812D1642140F601
:10371000C41001F0A9FE2798761C401CC0B2279067
:103720000B2801D9002027900C2E00D901268DF8F6
:1037300064509DF8670001287FF47CAF642140F657
:10374000C41001F091FE0848006805F0C1F900209E
:1037500005F040FA8DF867506CE700004400002047
:103760000010014000AC0008140000207CB50024CB
:10377000102334A2022120460094FFF74BFD1023B2
:1037800032A2062100200094FFF744FD1025314E9F
:10379000CDE900543288012302212820FFF700FDE3
:1037A000CDE900547288012302213020FFF7F8FC94
:1037B000102329A2022138200094FFF72BFDCDE928
:1037C0000054B288012302214020FFF7E9FCCDE933
:1037D0000054F288012302214820FFF7E1FCCDE9E3
:1037E000005408360123328806212820FFF7D8FC30
:1037F000CDE900547288012306213020FFF7D0FC68
:10380000102315A2062138200094FFF703FDCDE90F
:103810000054B288012306214020FFF7C1FCCDE906
:103820000054F288012306214820FFF7B9FCCDE9B6
:103830000054A6F10C000123428804215E20FFF70A
:10384000AFFC7CBD5365743A000000005265743AC9
:1038500000000000340100203A0000001CB501F017
:103860001BFEDFF85091D9F8000020B1012251036E
:103870005148FDF7F6FBFFF709FCFFF7E1FB4F4D61
:103880004F4F2C1F05F10808002640F6C41A00BF50
:10389000FFF7D6FBFFF76AFF207830B94FF0FF3211
:1038A00001A9D9F8000005F033FC9DF804000128B7
:1038B0000AD16421504601F0D7FD6078401C40B227
:1038C0006070042800DD66709DF8050001280BD1AA
:1038D0006421504601F0C8FD6078401E40B260701F
:1038E000002801DA042060709DF80600012811D13B
:1038F0006421504601F0B8FD94F9010004280ED06F
:1039000035F81010491C89B225F81010092901D981
:1039100025F810609DF80700012811D024E03868D0
:103920000028F7D005F030FD024600960023012163
:10393000386805F0BFFE012020708DF80660E9E7C9
:103940006421504601F090FD2670386828B10023AC
:103950001A460321009605F0ADFE1A48006805F0EE
:10396000B7F8002005F036F92078012890D1298891
:10397000B8F80020404691428AD169884288914235
:1039800086D1A9888288914282D1E988B8F8060058
:103990008142EBD12670386828B100231A460321F2
:1039A000009605F087FE4FF47A71504601F05CFDF9
:1039B0006EE70000440000200010014034010020A8
:1039C00040000020140000208CB0FDF71FF901F02A
:1039D00063FD434D286820B1012251034148FDF7A2
:1039E00040FBFFF753FBFFF72BFB002418223E4957
:1039F00003A80294FCF756FCAA464FF47A7B00BF5A
:103A0000FFF71EFB0AA909A8FDF71CF980B1FDF715
:103A1000FDF8102335A202210A200094FFF7FAFBDB
:103A2000102334A204210A200094FFF7F3FB3CE0AA
:103A30000A990A2091FBF0F291FBF0F800FB1219B1
:103A40000999102391FBF0F291FBF0F600FB12179D
:103A500026A202210094FFF7DDFB1025CDE90054DA
:103A60000123424602213220FFF79AFBCDE90054A0
:103A700001234A4602213A20FFF792FB10231DA2A0
:103A800004210A200094FFF7C5FBCDE9005401236F
:103A9000324604213220FFF783FBCDE90054012395
:103AA0003A4604213A20FFF77BFB5A4602A9DAF88E
:103AB000000005F02DFB0128A2D19DF80B00012884
:103AC0009ED1642140F6C41001F0CEFC0B48006882
:103AD00004F0FEFF002005F07DF88DF80B408FE725
:103AE0004400002000100140E0AC000854656D70F7
:103AF0003A00000048756D693A000000140000208B
:103B00001CB501F0C9FC2A4E306820B101225103D6
:103B10002848FDF7A6FAFFF7B9FAFFF791FA002453
:103B2000102325A2032114200094FFF773FB002526
:103B3000671E40F6C4183A4601A9306805F0E8FA55
:103B40009DF80600012815D16421404601F08CFC47
:103B500015B1012D0ED103E0FFF7A8FA012509E008
:103B6000FFF76EFA102314A2032114200094FFF72C
:103B700051FB00259DF807000128DCD16421404657
:103B800001F072FCFFF75CFA0E48006804F0A0FF39
:103B9000002005F01FF80025FFF752FA102306A2B7
:103BA000032114200094FFF735FB8DF80740C2E78E
:103BB00044000020001001404C696768743A204FAF
:103BC000464600001400002008B501F065FC3E4E9A
:103BD000306820B1012251033C48FDF742FAFFF75B
:103BE00055FAFFF72DFAFFF745FA394C4FF0FF373A
:103BF00000254FF4FA6800BFFFF722FA00F0D8FA68
:103C00003A466946306805F083FA9DF800000128BD
:103C100019D09DF80100012823D09DF80300012848
:103C20002ED09DF802000128E6D16421404601F023
:103C30001BFC2848006804F04BFF002004F0CAFF7A
:103C40008DF80250D8E7207840B1401E207060689F
:103C50006421401E6060404601F006FC8DF8005073
:103C6000CAE72078062808D2401C207060686421CA
:103C7000401C6060404601F0F7FB8DF80150BBE747
:103C80006421404601F0F0FB20780728B4D2DFE839
:103C900000F004061012141618000F4800E00F4838
:103CA000006804F015FF002004F094FF8DF8035025
:103CB000A2E70B48F4E70B48F2E70B48F0E70B48A4
:103CC000EEE70B48ECE70000440000200010014044
:103CD00020010020100000201800002020000020FB
:103CE000280000201C0000202C00002030000020B4
:103CF000240000202DE9F8430D4E00240D4F2546E9
:103D0000A6F1100856F8240004EB840107EB4102E9
:103D1000C11700EB5170C0F3C701009598F800007F
:103D20001023FFF777FA641C052CEBDBBDE8F88362
:103D300054010020ACAC000886B001F0ADFB894F07
:103D4000386820B1012251038748FDF78AF9FFF74F
:103D50009DF9FFF775F9FFF78DF9844D4FF00008D5
:103D600005F11400A5F11806059006F11400049061
:103D700005F10800039006F1080005F10C0B06F1AF
:103D80000C0ADFF8EC91A5F14C040290FFF758F90A
:103D9000A06805281BD2DFE800F0031414141800F3
:103DA000102374A203214020CDF80080FFF732FADF
:103DB000102373A206213D20CDF80080FFF72AFAD8
:103DC00005E0E06800F034F901E0FFF7F7FAFFF7EB
:103DD00091FFD9F8000028B94FF0FF3201A93868E7
:103DE00005F096F99DF80400012804D09DF805001F
:103DF00001284ED092E0D9F80010491CC9F80010F3
:103E0000A06804282DD005282BD2DFE800F0030B92
:103E1000151D30000122291D544804F0A7FC012281
:103E2000311D06E001225148039904F09FFC0299DC
:103E300001224E48183812E0012259464B4804F03E
:103E400095FC01225146F4E74849012210314748C8
:103E500004F08CFC454901220839A1F1100004F05E
:103E600085FCD9F80000142809D080B356E001225F
:103E70003E48059904F07AFC01220499D9E7A0682C
:103E8000042801D0401CA060C9F800808DF804808F
:103E90003FE0D9F80010491CC9F80010A06850B3E1
:103EA000052828D2DFE800F027030B141C000122AC
:103EB0002E48059904F05AFC0122049917E00122CA
:103EC000291D2A4804F052FC0122311D0FE020E098
:103ED00001222648039904F049FC0122029906E0D8
:103EE00001225946214804F041FC012251461F4855
:103EF000183804F03BFCD9F80010142901D041B166
:103F00000CE0A16809B1491EA160C9F800808DF8D4
:103F10000580642140F6C41001F0A6FA9DF8060061
:103F200001280CD1642140F6C41001F09DFAE0682C
:103F3000401C00EBD07121F00101401AE0609DF8B7
:103F4000070001287FF422AF642140F6C41001F07D
:103F50008BFA0D48006804F0BBFD002004F03AFE27
:103F600014E70000440000200010014090010020F0
:103F70002C01002040636873266D7A6B00000000FE
:103F8000323032352F313100140000200EB5FFF7EA
:103F90007DF8FFF755F8FFF76DF81F4D286820B141
:103FA000012251031D48FDF75CF810261C4F4FF409
:103FB0007A79002440F6C41ADFF86880FFF740F8E9
:103FC000102319A200210F200094FFF723F9CDE957
:103FD0000064052302210A203A68FFF7E1F8C820AF
:103FE00004F00EFD4A4602A9286805F091F8012860
:103FF000E4D19DF80B000128E0D16421504601F086
:1040000033FAD8F8000004F063FD8DF80B4000206F
:1040100004F0E0FDD2E70000440000200010014061
:10402000A8010020140000207374657000000000D7
:1040300008B5002148B1012806D10091102306A23D
:1040400004214520FFF7E6F808BD00911023042164
:1040500002A26420F6E700006F6666006F6E000043
:104060000EB501F019FA454F386804F0B3FD444825
:10407000006804F0AFFD4348006804F0ABFD42481F
:10408000006804F0A7FD4148006804F0A3FD404823
:10409000006804F09FFD3F48006804F09BFD3E4827
:1040A000006804F097FDFEF7F1FFFEF7C9FF102648
:1040B0003A4D0024FEF7C4FF102339A201211E202F
:1040C0000094FFF7A7F8CDE900640123AA79032142
:1040D0001420FFF765F8CDE9006401236A79032114
:1040E0001C20FFF75DF810232FA203212420009449
:1040F000FFF790F8CDE9006401232A7903212C20F1
:10410000FFF74EF8CDE900640123EA78032134205B
:10411000FFF746F8102324A203213C200094FFF768
:1041200079F8CDE900640123AA7803214420FFF740
:1041300037F8CDE9006401236A7803214C20FFF7AA
:104140002FF8FA2004F05CFC287828B917480022E0
:1041500002A9006804F0DCFF9DF80A000128A9D13B
:10416000642140F6C41001F07FF9386804F0B0FC17
:10417000002004F02FFD8DF80A409BE7140000207A
:1041800020000020240000201C0000201800002037
:10419000280000202C000020300000201901002001
:1041A00054696D65000000003A00000044000020E2
:1041B00038B50024102311A2214620460094FFF7B1
:1041C00029F810230FA2032100200094FFF722F802
:1041D00010230DA2032178200094FFF71BF80B4851
:1041E00000940B494068102300EB800001EB400273
:1041F00003211E20FFF70EF838BD00004D656E75D7
:10420000000000003C0000003E00000020010020F3
:10421000BAAB0008084C08B5E06A48B105F0B4F83C
:1042200002460020034600900121E06A05F042FAB0
:10423000012002F037FFFBE71000002008B5FEF771
:10424000C5FB02E0C82004F0DBFB02F029F90028DE
:10425000F8D100BF4FF000084646454647460020CB
:104260000090794807EB470100EB410404F1280B6B
:1042700004F1260A04F1240907E0012004F0C0FB40
:104280000098401C00900A2806DC5A4651464846D1
:10429000FEF741FA0028F0D1A18C7F1C01EB080049
:1042A0000FFA80F8E08C042F304406B2208D2844A9
:1042B00005B2D4DB4FEAE87108EB9170F11706EB19
:1042C00091718B10E91705EB91718A105E4980108E
:1042D0000C6C641C0C64322C0BD901240C640C682B
:1042E000CC608C880C82D1F80640C1F812404C8911
:1042F000CC82B1F90040844200DC04460C80B1F964
:104300000270A1469F4200DC1F464F80B1F9044075
:10431000944200DC14468C80B1F90660864200DBD2
:104320000646CE80B1F908C09C4500DB9C46A1F84A
:1043300008C0B1F90A50954200DB15468A464D8106
:10434000B1F91810A0EB010808F11E08B8F13C0FF4
:1043500004D9AAF81E10AAF8180001E0AAF81E1045
:10436000BAF91A005146A3EB000808F11E08B8F18B
:104370003C0FAAF8200000D94B83B1F91C004884F7
:10438000131A1E333C2B00D98A83A9EB06000028A0
:1043900001DCA6EB0900A7EB0C0200B2002A01DC4D
:1043A000ACEB0702631B12B2002B00DC2B1B1BB211
:1043B000904213DD984211DD3C280FDBB1F90C006F
:1043C000B1F91220104400EBD070B1F91E2040F377
:1043D0004F00824233DDBAF918102AE0824213DD21
:1043E0009A4211DD3C2A0FDBB1F90E00B1F914201D
:1043F000104400EBD070B1F9202040F34F0082420E
:104400001DDDBAF91A1014E0834218DD934216DD5F
:104410003C2B14DBB1F91000B1F91620104400EB6D
:10442000D070B1F9222040F34F00824207DDBAF983
:104430001C10814203DA05490868401C0860C82046
:1044400004F0DEFA06E70000D02F0020A8010020CB
:1044500010B5502080F31188BFF34F8FBFF36F8FDB
:1044600004F0A0FF18B104494FF08050086000200C
:1044700080F3118810BD000004ED00E030B58FB06E
:1044800028216846FBF727FF14210AA8FBF723FF22
:1044900001210804CDE900100024029402250491B2
:1044A000CDE907504FF4E01009906846FDF77AFA1D
:1044B00008B172B6FEE70F20CDE90A054FF480601F
:1044C000CDE90C4002210AA80E94FDF77FF90028DF
:1044D00001D072B6FEE70FB030BD70470020FEF786
:1044E000E9BE00000148FDF74ABD00005C02002063
:1044F0000148FDF744BD0000A4020020F0B50268A9
:10450000164B174C174D4FF08047984205D0B842D4
:1045100003D0A04201D0A84203D122F070064A681D
:104520003243984205D0B84203D0A04201D0A842FD
:1045300003D122F44074CA6822434C6922F08002FD
:10454000224302608A68C2620A688262984201D18C
:104550000969016301214161F0BD0000002C0140A7
:10456000000400400008004010B501F01F030121C5
:10457000046A99408C430462016A9A4011430162C3
:1045800010BD10B5846842EA032224F47F440A4334
:104590002243826010BD826822F070020A4342F01A
:1045A000070181607047000030B5036A026A22F09B
:1045B000010202624268846924F073050C682C438E
:1045C00023F002058B682B430A4DA8420BD123F040
:1045D0000805CB6822F440722B434D6923F0040395
:1045E00015438A692A4342608461496841630362D2
:1045F00030BD0000002C014030B5026A036A23F090
:1046000010030362436884690D6824F4E64444EAB5
:1046100005248D6822F0200242EA05120B4DA842C3
:104620000ED1CD6822F0800242EA05124D6923F4D2
:10463000406343EA85038D6922F0400243EA850323
:104640004360846149688163026230BD002C01408F
:1046500030B5036A026A22F4807202624268C46959
:1046600023F4007324F073050C682C438D6843EA2F
:1046700005230C4DA8420ED1CD6823F4006343EA14
:1046800005234D6922F4405242EA05128D6923F454
:10469000806342EA05124260C4614968C1630362F3
:1046A00030BD0000002C014030B5046A026A22F4DB
:1046B000805202624268C3690D6823F4E64343EA0C
:1046C00005238D6824F4005444EA0534064DA842BD
:1046D00004D14D6922F4804242EA85124260C361EE
:1046E00049680164046230BD002C014010B5036AC2
:1046F000046A24F001040462846924F0F00444EAAA
:10470000021423F00A020A438461026210BD10B54C
:10471000036A046A24F010040462846923F0A0038D
:1047200024F4704444EA023243EA011182610162D6
:1047300010BD000014484178491CCAB200214270E3
:10474000092A03D941708278521C82708278052A26
:1047500003D98170C278521CC270C278092A03D969
:10476000C1700279521C02710279052A03D90171C4
:104770004279521C42714279052A03D941718179EB
:10478000491C81717047000019010020FEE70000FC
:104790000FB4054B10B503A9044A029800F08EF936
:1047A00010BC5DF814FB0000795E0008AC0100202D
:1047B0000FB4084B10B504A902AA039800F07EF9C3
:1047C000044602A9002000F0FCFC204610BC5DF865
:1047D00014FB0000C3510008490050EAC12018BF73
:1047E00004204A0D18BF40F0010040F2FF72B2EB06
:1047F000515F08BF40F00200012808BF0520704744
:104800000907090E002804DB00F1E02080F80014FD
:10481000704700F00F0000F1E02080F8141D704791
:104820002DE9F0414F1E00EBC7010446D1E900011C
:1048300015461E4637F006020DD02A463346FBF7D2
:10484000DDFE7F1E04EBC703D3E90023FBF72FFE39
:1048500037F00602F1D1022F25D0042F13D0062FF6
:1048600018BFBDE8F0812A463346FBF7C7FED4E9FE
:104870000A23FBF71CFE2A463346FBF7BFFED4E9AA
:104880000823FBF714FE2A463346FBF7B7FED4E9AC
:104890000623FBF70CFE2A463346FBF7AFFED4E9AE
:1048A0000423FBF704FE2A463346FBF7A7FED4E9B0
:1048B0000223FBF7FCFD2A463346FBF79FFED4E9B3
:1048C0000023BDE8F041FBF7F2BD000000221346D3
:1048D00010460149FBF704BF0000F03FFBF7E7BDBE
:1048E0000022134610461146FBF7FABE40F2013291
:1048F00000204FF0E041FCF78CB80000024A002095
:104900001107FCF786B8000001FDFFFF02E008C8B0
:10491000121F08C1002AFAD170477047002001E039
:1049200001C1121F002AFBD1704700000149086035
:1049300070470000B00100202DE9FF5F82B0002128
:10494000DDE90430020DDDF840B0034318D044F631
:104950001050A2F2FF3242431514119801281FD0C3
:10496000A5EB0B00401C5FEA000A4FF000064E4F1B
:10497000DFF83891B046504615D5CAF1000413E06F
:10498000119801244AA3012801D16FEA0B01029872
:10499000119AC0E90031C0E9024206B0BDE8F09FBB
:1049A000CBF10000DFE704460021404A491842EB02
:1049B0000450CDE9001012E0E00707D032463B4634
:1049C00040464946FBF71AFE8046894632463B463A
:1049D00010461946FBF712FE06460F466410002CDF
:1049E000EAD1DDE90401DDE90023BAF1000F06DABE
:1049F000FBF704FE42464B46FBF700FE05E0FBF7E3
:104A00006FFE42464B46FBF76BFE04460E46002205
:104A1000284BFCF72DF803D84FF0FF30014607E094
:104A20000022254B20463146FBF741FDFCF708F8F4
:104A3000102409E0002C0ADB0A220023FBF7C0FB4C
:104A4000039B30321A55641E50EA0102F2D1641CF5
:104A5000039AC4F111031444119A012A03D00122CC
:104A600008430DD10AE0084304D000204FF0110B99
:104A7000119072E7A3EB0B056D1E0DE05B4504DDA5
:104A80004FF0000205F1010504E003DA4FF00002E7
:104A9000A5F10105002AECD002981199C0E9023174
:104AA000C0E9004579E70000000014400000F03F35
:104AB000300000000000F0430000E03F2DE9FF4F10
:104AC00095B09A46884606460025EEE1252877D11E
:104AD00000242746F94A0121039400E0044316F814
:104AE000013F203B01FA03F01042F7D130782A2829
:104AF00011D06FF02F033078A0F13002092A16D8B8
:104B0000039A44F0020402EB820203EB42021044D7
:104B1000761C0390EFE758F8042B0392002A03DA7F
:104B2000504244F40054039044F00204761C307860
:104B30002E2816D116F8010F44F004042A280DD0AF
:104B40006FF02F023078A0F13003092B09D807EB62
:104B5000870302EB4303C718761CF3E758F8047B7E
:104B6000761C30786C280FD006DC4C2817D06828CB
:104B70000DD06A2814D104E0742810D07A280FD1FF
:104B80000DE044F400140AE044F4801401E044F41D
:104B900040147278824202D104F58014761C761C8F
:104BA000307866280BD013DC582877D009DC002831
:104BB00075D04528F6D04628F4D047281AD193E17D
:104BC00018E0632835D0642879D0652812D18BE1AC
:104BD000702873D008DC6728F1D069286FD06E2860
:104BE0000DD06F2806D1ACE073282CD0752874D076
:104BF000782853D05246179990476D1C54E1C4F35E
:104C00000250022809D003280DD0D8F8001004283B
:104C10000DD00D6008F1040846E1D8F80010EA173D
:104C2000C1E90052F6E7D8F800100D80F2E70D70E8
:104C3000F0E718F8041B8DF8001000208DF8010033
:104C4000EB46012003E058F804BB4FF0FF3061074A
:104C50004FF0000102D40DE009F101018946B9428B
:104C60000FDA8145F8DB1BF809100029F4D108E0C0
:104C700009F1010189468142FADB1BF8091000297C
:104C8000F6D103985346A0EB090721463846179AF8
:104C900000F080FA284400EB090507E044E008E151
:104CA0000DE01BF8010B524617999047B9F1010925
:104CB000F7D2534621463846179AF2E039E00A21E6
:104CC000C4F302524FF0000B0091022A06D058F8AC
:104CD000040BC117032A09D00AE023E008F10700FA
:104CE00020F00702F2E80201904605E000B2C11789
:104CF000042A01D140B2C117002906DA0A46002170
:104D0000404261EB02012D2202E0220504D52B2254
:104D10008DF80420012203E0E20701D02022F7E70A
:104D2000914657E00A2100E010214FF0000B00915E
:104D30000BE010214FF0000B44F004040827009111
:104D400003E008204FF0000B0090C4F30252022A47
:104D500005D058F8040B0021032A08D008E008F118
:104D6000070020F00702F2E80201904603E080B25B
:104D7000042A00D1C0B24FF0000922072AD53278A8
:104D8000702A07D0DDF800C08CF0100C5CEA0B0C28
:104D900005D00EE040228DF80420012208E050EA00
:104DA000010306D030238DF804308DF8052002224F
:104DB0009146009B83F0080353EA0B030AD150EAA3
:104DC000010201D1620705D530228DF804204FF091
:104DD00001097F1E3278582A04D039A20C920CAAFD
:104DE00002920BE03BA2F9E75B46009AFBF7E8F979
:104DF0000C9B9B5C029A521E0292137050EA0102B5
:104E0000F2D1029804A9081A00F1200B600702D51C
:104E100024F4803400E001275F4502DDA7EB0B009E
:104E200000E0002000EB0B01009003984944401A79
:104E30000390E00306D453462146179A039800F0E6
:104E4000A9F90544002706E001A85246C05D17995C
:104E500090476D1C7F1C4F45F6DBE0030CD5534695
:104E60002146179A039800F095F9054404E0302094
:104E70005246179990476D1C0099481E00900029D2
:104E8000F5DC08E00298029952460078491C02912C
:104E9000179990476D1CBBF10001ABF1010BF1DCE0
:104EA0005BE100F065F90544761C307800287FF45A
:104EB0000DAE19B02846BDE8F08F000009280100AA
:104EC0003031323334353637383961626364656680
:104ED0000000000030313233343536373839414242
:104EE0004344454600000000600700D4062708F14F
:104EF000070020F00700F0E80223804603F0004C92
:104F00005FEA0C0001D097A009E0200501D596A02A
:104F100005E0E00701D095A001E0AFF24C0013904E
:104F2000307823F0004365280CD006DC452809D0F2
:104F300046281DD047287FD13BE0662818D0672837
:104F40007AD136E00021112F01DB112000E0781C1E
:104F5000CDE9000104A90CA8FFF7EEFCDDE90D0185
:104F60000C9A4FF0000B07F10109109200914EE0EE
:104F70004FF000400097CDE9011004A90CA8FFF7FD
:104F8000DBFCDDE90D020C9B0F994FF0000B914605
:104F90001093009211B9791C00EB0109B7EB0900DD
:104FA00003D4C0F1FF3B07F10109A9EB0700019011
:104FB00042E0012F00DA01270021112F01DD11202D
:104FC00000E03846CDE9000104A90CA8FFF7B4FCC5
:104FD000DDE90D010C9A00914FF0000BB9461092DB
:104FE00021070FD4009A4A4503DA914601E0A9F15E
:104FF0000109B9F1010F05DD109AA9F10101515C18
:105000003029F4D0B84202DA10F1040F03DA01219A
:10501000CDE9011010E0002803DC8344A9EB000176
:1050200002E0411C494500DD8946A0EB0B00401C15
:1050300001904FF000400290200705D401984845A8
:1050400002DB4FF0FF30019000208DF84B000298FA
:105050000DF14B07B0F1004F25D002200C902B2012
:105060000D90029800280CDA404202902D200D90FD
:1050700007E00A210298FBF701FC3031029007F8A3
:10508000011D0C99481E0C900029F2DC02980028A2
:10509000EFD1791E0D980870307800F0200040F0B4
:1050A000450007F8020D11A8C01BC01D02901398FF
:1050B000007800B1012000EB0901019801EBE071DB
:1050C000029801440398401A401E0390E00306D45E
:1050D00053462146179A039800F05CF8054413984C
:1050E000007818B15246179990476D1CE00323D5FC
:1050F00053462146179A039800F04CF805441BE0EC
:10510000BBF1000F07DB0098584504DD1098179994
:1051100010F80B0001E01799302052469047019893
:105120000BF1010B401E05F10105019004D12E2069
:105130005246179990476D1CB9F10001A9F1010978
:10514000DEDC05E017F8010B5246179990476D1CFD
:105150000299481E02900029F4DC53462146179A12
:1051600003989EE62D0000002B00000020000000A8
:105170002DE9F041044600251E461746880404D454
:1051800005E039462020B0476D1C641EF9D528463D
:10519000BDE8F0812DE9F041044600251E46904609
:1051A000C80301D5302700E02027880404D505E096
:1051B00041463846B0476D1C641EF9D52846BDE807
:1051C000F0810A68531C0B60107070472DE9FE4394
:1051D00007460E460025684600F058FE00246FF092
:1051E0000F09E84657F8240056F82410401A00D555
:1051F0004042FBF7E4FA4946FBF74DF958F8241012
:1052000011F0FF4F07D1074908440749884202D3EC
:105210000120A0400543641C032CE3DB2846BDE8C5
:10522000FE830000666666C19A99D900F8B5054606
:10523000808C0C46762801D0772857D1012305F1C0
:105240003202D021284603F075F9E8BB95F8320008
:10525000582801D0602849D1B622E021284603F021
:1052600041FD88BB01236A46F321284603F062F919
:105270000028F7D19DF80000C007F3D1284603F0BD
:1052800001F9002833D095F83200602804D128466F
:1052900003F065F900282AD060796178400140EA7E
:1052A0008100C2B2F521284603F01CFD60B92078C8
:1052B000012801D100202070E078A178400140EA67
:1052C00081002178084300E010E0C6B295F8320072
:1052D000602805D12279F221284603F003FD28B980
:1052E0003246F421284603F0FDFC08B10020F8BD49
:1052F0000120F8BD03210170002242708170C1704D
:105300000171417170472DE9FC41044690F832006B
:1053100090460F461E46602804D00EB1002018604B
:10532000002602E00EB1082300E006236A46F721BA
:10533000204603F0FFF810B10020BDE8FC819DF885
:1053400000009DF8042001039DF80100238841EA34
:1053500000119DF80200B4F9025041EA10119DF8C5
:105360000300000340EA02109DF8052040EA1210F5
:10537000C210A2EB4302C3EB20104043B4F9043047
:105380006A430013D212584302EBA03505EB8500A7
:105390008030001238602A46204600F095F8C8F8A0
:1053A0000000AEB3BDF80600E18B40BA8003A0EB6D
:1053B0000150A5F59635B4F92010227F01FB1500A8
:1053C00094F922106A4369434FF40043891203EBB6
:1053D000E22251439A0102EBA121B4F91A2000F50F
:1053E0008040514301F50051C01389134843C11354
:1053F0004943227EC9115143B0EB211001D5002051
:1054000004E04FF0C851884200DD084600133060C8
:10541000012092E7FEB51C0015460E4601D002ABF6
:1054200000E0002301AA6946FFF76DFF002818D0AD
:105430000098FBF7C4F90B49FAF7EFFF30600198C9
:10544000FBF7C6F96FF00701FBF725F828603CB1C0
:105450000298FBF7BDF96FF00901FBF71CF820601B
:105460000120FEBD0000C84238B50C460849096855
:1054700000290BD13221FDF75DFF0020034600908B
:10548000044822460421006804F014F938BD0000E5
:1054900050010020C800002008B5FDF717FF05489F
:1054A000002300901A46C82103A004F0B9F805496A
:1054B000086008BDDD44000853797374656D536F4F
:1054C000756E6400C80000202DE9F05F04468B462D
:1054D0005249D0175118A1FB0182B4F9103040F1A4
:1054E000FF30A8FB039700FB012201FB0022DE171F
:1054F00002FB0373B4F90E5008FB0633A5FB017CD5
:10550000EE1706FB01C605FB00656E0446EAD736BA
:105510007F0417EB09055E41B4F90C304FF0000A27
:105520001AEB050546EBC309B4F90A30A8FB037C66
:1055300002FB03C24FEAE37608FB0622B4F9083007
:105540004FEA1726A3FB01C84FEAE37707FB018167
:1055500003FB00104FEA003146EA02664FEA0C30C6
:1055600041EA1C51301841EB2222001CE18842F52F
:105570000043A0FB016703FB017100FB0A1042100E
:10558000C31752EA030047D0CBF58016F017C107C6
:1055900041EA5601F607751B40F63547A5FB070C97
:1055A00061EB090101FB07C1002605FB0611FAF7B3
:1055B00038FEB4F91630420B42EAC142A3FB027C2A
:1055C000DD1705FB02C54E1303FB0653A7FB025C68
:1055D00003FB02C207FB06226B0E43EAC2135616F8
:1055E000B4F91420A2FB007CD51705FB00C502FB13
:1055F0000155FA0CC01842EA45327141801841EB5E
:10560000E5414FEA102040EA0160B4F912104FEA78
:1056100001114018BDE8F09F0020FBE7000CFEFFE1
:105620002DE9F04114461F4605460E464FF06632FE
:105630000F4B20463946FAF73AFF07460C462A46F2
:10564000334600200B49FBF74BF80B4A0B4B01F09C
:10565000D1FD00220A4BFAF7CBFF3A462346FAF770
:10566000CDFFBDE8F0414FF00042064BFBF738B8E4
:1056700066127140D0BCF8404A2DEE7D3659C83FC5
:105680000000F03FBE9F7A3F08B560B120208DF842
:10569000000028208DF8010030208DF8020038200D
:1056A0008DF8030004E0A32204216846FAF70CFEFB
:1056B0006A46042140F69E2001F0C2FC01F080F908
:1056C00008BD00003EB5044602208DF80000CA2047
:1056D0008DF80100E3208DF8020009208DF8030009
:1056E0006A460421682001F0ABFCA3208DF800007D
:1056F000610609D5C0218DF80110C8218DF802106E
:10570000C2218DF8031005E08DF801008DF802002C
:105710008DF8030014F4C07F09D0C4218DF8041063
:10572000CC218DF80510C6218DF8061005E08DF806
:1057300004008DF805008DF806008DF808008DF83E
:1057400007008DF809006A460A2140F6A72001F0FB
:1057500077FCA0074FF0D80503D020208DF800007B
:1057600001E08DF800506A46012140F6B62001F0B4
:1057700067FCA00601D5012000E0002000F08EF8B3
:1057800014F4C07F1ED0E0050AD5B2208DF80000C9
:105790008B208DF80100B6208DF802009B2009E0D7
:1057A000B0208DF8000080208DF80100B4208DF825
:1057B000020090208DF803006A46042140F6A220E2
:1057C00001F03EFCE1074FF40B6022D0F8218DF888
:1057D00000106A46012101F033FCFA21072000F095
:1057E00097FA072000F062FA012000F07FFA6420A7
:1057F00000F022FB4FF4FA7000F02EFBC821254880
:1058000000F01CFA282000F031FA0A2000F03EFADD
:1058100005E08DF800506A46012101F011FCA00757
:1058200003D5D9208DF8000001E08DF800506A46BC
:10583000012140F23D7001F003FC600701D5012019
:1058400000E0002000F048F8E00601D5012000E06B
:105850000020FFF719FF104D44F00800688101F0A7
:10586000AFF80020A873600601D50620A87314F4D1
:10587000C07F02D0A87B801DA87314F0140F02D043
:10588000A87B1030A873A00702D0A87B001DA873C6
:1058900000203EBD09E3CA02C02F00200EB54FF420
:1058A000976310B106A107C901E008A207CA8DE8F5
:1058B00007006A460921184601F0C2FB0EBD000030
:1058C000B8AAB38DB4980D355D000000B8AAAAAA95
:1058D000B088C3C5C700000008B560B1C0208DF80E
:1058E0000000C2208DF80100C4208DF80200C620FF
:1058F0008DF8030004E08B2204216846FAF7E4FCEB
:105900006A46042140F6982001F09AFB01F058F80D
:1059100008BD0000C8234FF48062024940F6F6300B
:1059200000F078BFC49F00082DE9FF41044603A89A
:1059300000F026FEBDF80C00410CC3032F4800897F
:1059400000F0030254F82250420700D56D42C0F324
:10595000C102860654F8222000D55242C0F38116B7
:10596000C00554F8264000D56442A5FB0367E8173C
:1059700000FB037005FB0100850045EA9670A2FB61
:105980000367D51705FB037502FB0152950045EA35
:105990009672A4FB0367E51705FB037304FB013153
:1059A0008B0043EA9671030E8DF80030030C8DF8DE
:1059B0000130030A8DF802308DF80300100E8DF8C7
:1059C0000400100C8DF80500100A8DF80600080E72
:1059D0008DF80800080C8DF80900080A8DF80A00F7
:1059E0008DF807208DF80B106A460C214FF42570B6
:1059F00001F026FB04B0BDE8F0810000C02F0020BC
:105A000030B5044613A285B007CA8DE807004FF0F1
:105A1000FF35C82C16D8C820B0FBF4F1491E080A7F
:105A20008DF80C008DF80D1003AA022140F216200B
:105A300001F006FB30B96A460C2140F6C12001F0A6
:105A4000FFFA10B1284605B030BD0548848100201A
:105A5000F9E70000FEF2ABC4AAF1DFDFBBAFDFDF86
:105A6000C02F0020F8B53049098901F0030250F831
:105A700022404A0700D56442C1F3C1028B0650F8A8
:105A8000222000D55242C1F3811350F82330C805BB
:105A900000D55B42254984FB0140850045EA9470AE
:105AA00082FB0142A40F44EA820483FB0121950F8B
:105AB00045EA8105010E8DF80010010C8DF80110EA
:105AC000010A8DF802108DF803006A4604214FF494
:105AD000747001F0B5FA4FF0FF3688B9200E8DF8DA
:105AE0000000200C8DF80100200A8DF802008DF8CE
:105AF00003406A4604214FF4757001F0A1FA08B121
:105B00003046F8BD280E8DF80000280C8DF80100F5
:105B1000280A8DF802008DF803506A4604214FF4DC
:105B2000767001F08DFAF8BDC02F002009E3CA029B
:105B30002DE9FF4104463CA004F0030300680290F5
:105B40003AA0006803903AA006683AA0056802A847
:105B5000C15C8DF80010C4F3C101425C8DF80120D6
:105B6000C4F38112805C8DF8020003A8C35C8DF839
:105B70000430415C8DF80510805C8DF806006A46A3
:105B8000032140F2264001F05BFA4FF0FF37E0BB03
:105B900001AA032140F22A4001F052FAA8BBCDE944
:105BA000006560070BD59DF8000040F001008DF8FE
:105BB00000009DF8040040F001008DF80400A006EC
:105BC0000BD59DF8010040F001008DF801009DF813
:105BD000050040F001008DF80500E0050BD59DF8AB
:105BE000020040F001008DF802009DF8060040F030
:105BF00001008DF806006A4603214FF4886001F029
:105C00001FFA10B901AA032100E004E040F231407C
:105C100001F016FA18B1384604B0BDE8F081064824
:105C200004810020F8E700004CCD6C000CC92C006A
:105C30003656760026466600C02F00204FF47A7252
:105C400090FBF2F008B54843010E8DF80010010CEE
:105C50008DF80110010A8DF802108DF803006A46D4
:105C600004214FF4AE7001F0EBF908BD0521B0FB43
:105C7000F1F008B5010A8DF800108DF801006A46B0
:105C800002214FF4AD7001F0DBF908BD0521B0FB36
:105C9000F1F008B5010A8DF800108DF801006A4690
:105CA00002214FF4AC7001F0CBF908BD08B500211A
:105CB0008DF80010C10702D030218DF80010810747
:105CC00005D59DF8001041F00C018DF8001040073B
:105CD00005D59DF8000040F003008DF800006A46ED
:105CE00001214FF4A47001F0ABF908BD08B560B113
:105CF000042800D90420401E8DF800006A460121C6
:105D000040F24F1001F09CF908BD0120F3E70000BC
:105D10002DE9FC41054640074FF0FF367CD0B1F538
:105D2000C86F79D80846FAF753FD3E49FAF775FB74
:105D3000074601A800F006FC9DF80400022806D0E2
:105D400004280DD008282ED0102865D134E00E216B
:105D50003846FAF7A0FBFAF76AFD84B2324907E049
:105D60000D213846FAF797FBFAF761FD2F4984B207
:105D70003846FAF720FBFAF75AFD210A8DF8001091
:105D800080B28DF80140010A8DF802108DF80300F1
:105D9000E8076C4620D0224602214FF4EA7001F059
:105DA0004FF9C8BB11E00C213846FAF774FBFAF73B
:105DB0003EFD84B21E49DBE70B213846FAF76BFB48
:105DC000FAF735FD84B21B49D2E7A21C02214FF439
:105DD000927001F035F9F8B9A8070DD56A4602218D
:105DE0004FF4EC7001F02CF9B0B9A21C02214FF471
:105DF000947001F025F978B9680710D56A46022138
:105E00004FF4EE7001F01CF930B9A21C02214FF4DE
:105E1000967001F015F910B13046BDE8FC81002004
:105E2000FBE7000000004843000040460000C0457A
:105E3000000040450000C0440521B0FBF1F008B56A
:105E4000010A8DF800108DF801006A4602214FF416
:105E5000EF7001F0F5F808BD0521B0FBF1F008B5D1
:105E6000010A8DF800108DF801006A4602214FF4F6
:105E7000ED7001F0E5F808BD38B504468DF8000076
:105E800069460320ABBE204638BD00002DE9FE4325
:105E90000646264801AB042240680D210078FCF735
:105EA000EDFD10B10720BDE8FE839DF804101C2015
:105EB00000EAD1029DF80710DFF87490C1F30113D6
:105EC0001A438DF800209DF80520C1F3810300EAF4
:105ED000D2021A438DF801209DF8062001F003013B
:105EE00000EAD20008430024124F8DF80200A046B9
:105EF0006D46285D10B146F824900AE046F82480EB
:105F00000DE000BF56F824003946FAF754FA46F877
:105F10002400285D401E10F0FF002855F2D1641CBB
:105F2000E4B2032CE5D30020BDE70000E40000202C
:105F30007B14AE3E1D5A843F2DE9FE4F05460120DD
:105F4000C14E8DF800004FF000088DF801803068D8
:105F50000C461746817C70686B4602220078FCF77D
:105F60003CFE4FF0FF3A00287AD1C82000F050FAEA
:105F70008DF8008030686B460122C17B7068007824
:105F8000FCF72BFE0028EFD130686B4601224179E7
:105F900070680078FCF721FE0028E5D130686B4678
:105FA0000122817C70680078FCF717FE0028DBD1A5
:105FB00030686B460122C17D70680078FCF70DFEE9
:105FC0000028D1D130686B460122017970680078D1
:105FD000FCF703FE0028C7D14FF00C098DF80090A4
:105FE00030686B460122017970680078FCF7F5FD96
:105FF000002835D10F2000F00BFAB06A6B46012261
:10600000407A8DF800003068817870680078FCF77D
:10601000E4FD002824D1B06A6B460122007A8DF895
:1060200000003068417870680078FCF7D6FD0028E1
:1060300073D1B06A807A0FB140F0E0008DF80000B3
:1060400030686B460122817970680078FCF7C5FDE5
:10605000002862D12FB1B06AC07A40F0E00001E0C0
:106060004AE018208DF8000030686B460122C179A3
:1060700070680078FCF7B1FDF0BB17B1C82000F0E4
:10608000C7F940208DF8000030686B460122017985
:1060900070680078FCF7A1FD70BB78208DF80000D7
:1060A00030686B460122417970680078FCF795FDF5
:1060B00010BB322000F0ACF98DF800803068474604
:1060C0006B464179706801220078FCF786FD98B92B
:1060D00031687068B046897A00786B460222FCF716
:1060E000CDFC48B9BDF80000AF6040BAB0FBF9F094
:1060F0006F60C6B22F6000E00FE0A76067602760A6
:10610000002739E0D8F80010D8F804006B46C97AA7
:1061100000780C22FCF7B2FC10B15046BDE8FE8FAF
:10612000BDF80000236840BA00B2BDF80210BDF807
:1061300004201844206049BA606809B208446060CD
:1061400052BAA06812B21044A060BDF806002B68D5
:1061500040BA01B2BDF80800BDF80A201944296010
:1061600040BA696800B20844686052BAA86812B2BE
:1061700010447F1CFFB2A860B742C3D328688322B3
:10618000C117090441EA104100040023FAF749F855
:1061900032460023FAF745F8286068688322C11761
:1061A000090441EA104100040023FAF73AF83246A4
:1061B0000023FAF736F86860A8688322C11709043B
:1061C00041EA104100040023FAF72BF8324600237D
:1061D000FAF727F8A86020684FF40065C117090492
:1061E00041EA104100042A460023FAF71AF8324621
:1061F0000023FAF716F8206060682A46C1170904E0
:1062000041EA104100040023FAF70BF8324600235C
:10621000FAF707F86060A0682A46C117090441EA46
:10622000104100040023F9F7FCFF32460023F9F780
:10623000F8FFA060002802DDA0F5803001E000F545
:106240008030A060002069E7E40000202DE9F84FCD
:1062500081462E488846002540686B460322007818
:106260000D21FCF70BFC10B10720BDE8F88F9DF85D
:106270000000002400F01F008DF800009DF80100D0
:106280006FF00F0B00F01F008DF801009DF8020069
:106290006E4600F01F008DF802004FF0010A00BFAB
:1062A00059F8241058F82400081A00D54042FAF78B
:1062B00086FA5946FAF7EFF80746305DC0B1144840
:1062C00002E01449FAF777F8315D491E11F0FF0139
:1062D0003155F6D101463846FAF79FF84FF07E5116
:1062E000FAF763F80C4920F00040884205DC07E02B
:1062F0000A483844B0F1D97F02D90AFA04F00543BC
:10630000641C032CCCDB2846AFE70000E40000202F
:106310000000C84154E3853F295C0F3E0000E0BE09
:1063200000B5024600F00DF80346D01C00F009F855
:1063300043EAC003901D00F004F843EA801080B2E5
:1063400000BD90F90010002902DD4FF000007047F9
:1063500002DA4FF00400704790F90110002902DDC5
:106360004FF00100704702DA4FF00500704790F9D6
:106370000200002802DD4FF00200704702DA4FF001
:10638000060070474FF00700704730B505460128FA
:1063900002D00023012409E0012030BD204600F096
:1063A00011F801280BD003F26D13641CAC42F5DB2D
:1063B00007205B1C93FBF0F100FB113030BD03F5AF
:1063C000B773F2E74FF4C87190FBF1F201FB1201D1
:1063D00039B1810707D1642190FBF1F201FB120072
:1063E00008B10120704700207047FBF71DF9FEF748
:1063F00045F8FCF737FDFCF7A9FDFCF7E7FDFCF7D6
:10640000C5FD00F069FEFCF711FC00F081FEFEE71F
:1064100070B5054600244FF47A7603E0304602F06A
:1064200089F9641CAC42F9DB70BD0D2809D2DFE8A4
:1064300000F0080B070B090B090B0B090B090B00EC
:106440001D2070471E2070471F2070472DE9F04126
:10645000124C20F00101002594F8240010B1002016
:10646000BDE8F081A07A4FF0FF3668B10840277C84
:106470002074884200D0354641B1012002F008F96D
:1064800000F09EFA38B127743046E9E7207D00B16C
:10649000012002F0FDF82846E2E70000E4000020B9
:1064A00010B5FCF775F900F0F1F808B10A2010BD3D
:1064B000782000F069FD10F0FF0F01D0012010BD21
:1064C0007820FFF7C3FF10F0FF0F01D0022010BDAE
:1064D000642000F019FD10F0FF0F01D0032010BD63
:1064E000FFF718FA10F0FF0F01D0042010BD144878
:1064F000FFF716FFFFF71CFB10F0FF0F01D0052080
:1065000010BD40F27310FFF7DDF810F0FF0F01D05F
:10651000062010BD6420FFF773FA10F0FF0F01D0C2
:10652000072010BD02F073F808B1082010BD01204B
:1065300000F010FC10F0FF00F8D0092010BD0000A2
:10654000100100200D494A7A42B1012A08D0022ADE
:106550000FD0032A0FD04FF0FF307047022200E027
:1065600004220270C97C11B11106C90D017000200E
:1065700070470822F5E71022F3E70000E40000204E
:106580000F494A7A42B1012A09D0022A11D0032ABE
:1065900012D04FF0FF3070474FF4804201E041F6D7
:1065A0009C720280C97C11B1C2F34E0101800020AF
:1065B00070474FF48052F4E74FF40062F1E70000B7
:1065C000E40000200B49097A39B1012907D00229DA
:1065D0000AD003290BD0002103E0FA2101E04FF497
:1065E000FA710180002070474FF47A71F9E74FF497
:1065F000FA61F6E7E40000200A49097A41B101296D
:1066000008D002290AD003290AD04FF0FF30704782
:10661000054900E005490160002070470449FAE798
:106620000449F8E7E400002000000343000083422F
:1066300033330342333383410C49C97A072913D2D8
:10664000DFE801F01204060A0C0E1000BC2100E085
:1066500062210180002070472A21FAE71421F8E71F
:106660000A21F6E70521F4E70021F2E7E400002023
:10667000054991F8242012B14FF0FF307047C989C5
:106680000180002070470000E40000202DE9FC415B
:106690004C4C80208DF8000020686B460122817CE4
:1066A00060680078FCF799FA4FF0FF37002832D184
:1066B0006420FFF7ADFE00258DF8005020686B4682
:1066C0000122817C60680078FCF787FA002870D18D
:1066D00020686B460622817D60680078FCF7CEF961
:1066E000002866D19DF805009DF80310C007400FF3
:1066F00001F0010140EA41019DF801004FF001065F
:1067000000F00100014309D0012905D0022915D06C
:106710002DA0FEF73DF84CE0E67410E020686B46D3
:106720000122C17860680078FCF7A8F940BB9DF8A9
:10673000000010F00F0020D0042822D0E574FF20C4
:1067400004F80A0F4FF6FF7104F8020C04F8010C6C
:106750006070A180A0712072A67026766576E572C1
:10676000A572E56025616561A576E576A5834FF4A0
:10677000FA6000F02BFB18B907E01D48FEF708F897
:1067800017E01CA0FEF704F8C6E7022000F040FA6C
:1067900078B92A2000F082FB58B9322000F0B4FB0F
:1067A00038B90020FFF752FE18B9002000F064FA53
:1067B00010B13846BDE8FC81002000F0E5FB002068
:1067C000F8E70000E4000020556E737570706F727A
:1067D00074656420736F6674776172652070726F80
:1067E00064756374207265762025642E0A000000AB
:1067F00094AD000848616C662073656E73697469B6
:1068000076697479207061727420666F756E642E7B
:106810000A0000002DE9FF4FDFF89480064685B09E
:1068200098F8250015460F464FF0FF39B0BBAFB3BF
:10683000002420E0301B102800DD102080B28346A9
:106840003A1901469246204600F0FAFB30BB6A46F0
:106850005946204600F08AF800BB50465A46694621
:10686000F9F744FD20B16FF0010009B0BDE8F08FE9
:1068700004EB0B0084B2B442DCD3280A8DF810007C
:106880008DF81150D8F80000444604AB817ED8F84A
:10689000040002220078FCF7A0F908B14846E4E7BA
:1068A000012084F825000898E0840020DDE700003E
:1068B000E40000202DE9F84305464FF0FF39282871
:1068C00044D80727284C00267DB1012000F0B4FAF7
:1068D00020208DF800004FF00108012D17D0052D64
:1068E00018D88DF8018005201FE0002000F0A4FAE0
:1068F0008DF800608DF8017020686B460222817C63
:1069000060680078FCF769F900BB267529E08DF80E
:106910000160E8E7142D04D802208DF801000A2058
:1069200003E003208DF80100142000F0B7FA9DF871
:1069300001006B4607EB80108DF8010020680222F1
:10694000817C60680078FCF748F910B14846BDE8E2
:10695000F8830820A072267384F814800020FFF7C3
:1069600075FD0020F3E70000E4000020F8B51600F4
:106970000D464FF0FF371FD0104CA17AE1B1010A4C
:106980008DF80010C0B28DF801004119606842898D
:10699000914211D8216800786B46097E0222FCF7EB
:1069A0001CF948B92068EAB23346417D6068007836
:1069B000FCF764F8002800D03846F8BDE400002059
:1069C000F8B5564C4FF0FF36A07A00287DD0002550
:1069D0008DF8005020686B460122C17B606800780A
:1069E000FCF7FBF8002870D120686B460122417942
:1069F00060680078FCF7F1F8002866D120686B46E3
:106A00000122017960680078FCF7E7F800285CD182
:106A100094F82400E0B30C208DF8000020686B4649
:106A20000122017960680078FCF7D7F8002872D15C
:106A30003220FFF7EDFCC0208DF80000A07AC007DF
:106A400002D0E0208DF8000020686B460122017919
:106A500060680078FCF7C1F800285CD1607C18B150
:106A600002208DF8000001E08DF8005020686B4690
:106A70000122C17B60680078FCF7AFF828BB8DF875
:106A8000005020686B4601224179606800783EE042
:106A9000FFE704208DF8000020686B460122017991
:106AA00060680078FCF799F878B9A07C90B9A07A72
:106AB000C0070FD05FF060008DF8000020686B46C3
:106AC000012201796068007800E024E0FCF785F895
:106AD00008BB01E04020EFE73220FFF799FC607C23
:106AE00018B101208DF8000001E08DF800502068F9
:106AF0006B460122C17B60680078FCF76EF850B9E4
:106B00002068064B01224179606810330078FCF759
:106B100064F8002800D03046F8BD0000E4000020F2
:106B20002DE9F047394C82468AB094F824000F468C
:106B300020B1002000F00EF9012600E0002607A891
:106B4000FFF740FD06A8FFF7FDFC09A8FFF774FD5D
:106B500008A8FFF78DFD94F80A9094F8108000259E
:106B6000002239465046FFF7E7F910B16D1C022D9F
:106B7000F6DB022D1AD00025012203A96846FFF793
:106B8000DBF910B16D1C022DF6DB022D0ED003A92E
:106B90003846FEF71BFBC7B269465046FFF756FB67
:106BA00010F0FF0F4FF0000502D002E0002503E0D7
:106BB00001250FB945F00205FF2020726072E072D6
:106BC0004FF6FF71E181A072207401202073BDF89F
:106BD0001C0000F0FBF89DF8180000F019F8BDF853
:106BE000240000F05BF9BDF8200000F08DF9484664
:106BF00000F0CAF94046FFF729FC16B1012000F069
:106C0000A9F80AB02846BDE8F0870000E40000209B
:106C100038B5184C4FF0FF35A17A19B3022806D0C9
:106C2000042806D008280ED010281BD10DE0002023
:106C300000E008208DF80000607A9DF80010B0EBAD
:106C4000D10F04D005E01020F4E71820F2E700206F
:106C500038BD20686B460122C17960680078FBF777
:106C6000BCFF08B1284638BD9DF80000C00860721E
:106C7000EDE70000E4000020F8B5354C0546A07CA7
:106C8000A84201D10020F8BD31484FF0FF366B46D5
:106C9000D0E900104FF001020979007835B3FBF715
:106CA000EDFE70BB9DF800006B4620F020008DF8D3
:106CB000000020680122017960680078FBF78DFFF1
:106CC000F8B90320FFF7A4FB02208DF8000094F828
:106CD000220078B382202BE020686B460122017DE0
:106CE00060680078FBF779FF58B92EE0FBF7C6FE25
:106CF00038B9A07AC0079DF8000003D040F020000A
:106D000002E00CE020F020008DF8000020686B46C7
:106D10000122017960680078FBF75FFF08B1304617
:106D2000F8BD0320FFF774FB94F8220000B1802027
:106D30008DF8000094F823000028CDD09DF80000C5
:106D400040F030008DF80000C6E7A5749AE7000017
:106D5000E400002038B51C4C94F8241081421DD06A
:106D6000002500B394F82500D0B1002001F090FC7C
:106D70000020FFF781FFE08C00F0C6F88DF800508E
:106D800060686B46012200782321FBF726FF012073
:106D900084F8240001F07CFCFFF712FE002038BDCF
:106DA0004FF0FF3038BD002001F072FC207C8DF8E0
:106DB000000060686B46012200782321FBF70DFF7D
:106DC00084F82450E8E70000E400002038B5194CAE
:106DD0004FF0FF35A17A31B3FA2809D0B0F5FA7F28
:106DE00008D0B0F57A7F0FD0B0F5FA6F1BD10DE067
:106DF000002000E008208DF80000207A9DF80010A7
:106E0000B0EBD10F04D005E01020F4E71820F2E732
:106E1000002038BD20686B460122817960680078C7
:106E2000FBF7DBFE08B1284638BD9DF80000C0081E
:106E30002072EDE7E400002038B5174C054694F8C1
:106E40002300A84201D1002038BD0DB1302000E060
:106E500000208DF80000A07C28B19DF8000040F0D3
:106E600002008DF8000094F8220028B19DF800007F
:106E700040F080008DF8000020686B460122017D03
:106E800060680078FBF7A9FE10B14FF0FF3038BD05
:106E900084F82350D7E70000E400002038B5194CEF
:106EA0004FF0FF35A17A31B3BC2801D3012010E0A7
:106EB000622801D302200CE02A2801D3032008E035
:106EC000142801D3042004E00A2801D3052000E09F
:106ED00006208DF80000E07A9DF80010884201D16C
:106EE000002038BD20686B460122817860680078F8
:106EF000FBF773FE08B1284638BD9DF80000E0722C
:106F0000EEE70000E4000020F8B51E4D04464FF007
:106F1000FF37A87A48B395F8240030BB287D4FF49A
:106F20007A7648B164B1282C03D8E0B2FFF7C2FCEE
:106F300026E00020FFF7BEFC042C05D2042406E066
:106F40000020FFF7B7FCF9E7B44200D93446B6FB9E
:106F5000F4F0401E8DF8000028686B46012241784D
:106F600068680078FBF739FE08B13846F8BD9DF82F
:106F70000000401CB6FBF0F0E8814008FFF78EFFF0
:106F80000020F8BDE4000020F8B5054610F0700FB1
:106F90004FF0000601D0012004E015B18DF800602B
:106FA00002E040208DF80000244C6B46012220684E
:106FB000817C60680078FBF710FE4FF0FF3760BB04
:106FC0009DF8000020F0400020738DF800606806F6
:106FD00002D404208DF80000A80605D49DF8000016
:106FE00040F002008DF80000E80605D49DF800008E
:106FF00040F001008DF80000280705D49DF800003E
:1070000040F038008DF8000020686B460122C17CFA
:1070100060680078FBF7E1FD10B1A6723846F8BD54
:1070200025B1082D02D00020FFF706FFA5722675B6
:107030003220FFF7EDF90020F8BD0000E400002049
:10704000F8B516000D464FF0FF371FD0104CA17A4F
:10705000E1B1010A8DF80010C0B28DF801004119AC
:1070600060684289914211D8216800786B46097E98
:107070000222FBF7B2FD48B92068EAB23346417DEF
:1070800060680078FBF7A9FD002800D03846F8BDFD
:10709000E40000200246012000E05043491EC9B22E
:1070A000FBD2704710B5EFF3058149B9EFF31081BA
:1070B00031B908490968022905D1EFF3118111B1ED
:1070C0006FF0050403E0002408B101F099FC2046AC
:1070D00010BD00009C000020EFF3058058B9EFF3CD
:1070E000108040B909490868022801D030B109E090
:1070F000EFF3118030B16FF0050070470120086098
:10710000002070474FF0FF30704700009C000020C7
:1071100010B5EFF3058060B9EFF3108048B90B4963
:107120000868022802D0012806D00BE0EFF3118096
:1071300040B16FF0050010BD0220086001F006FDAF
:10714000002010BD4FF0FF3010BD00009C0000205B
:10715000F0B585B04FEA01034FF00004EFF305816D
:107160000394A1BBEFF3108189BB2149096802296F
:1071700002D1EFF3118151BB48B3802618218DF85D
:10718000104004AD42B3176807B13D4697691FB17F
:1071900039467F1E382F02D21779FF0702D0002010
:1071A00005B0F0BD576907B1BE08D2F808C0BCF100
:1071B000000F0DD0D4685C2C18D312693AB137B1E6
:1071C0008DE806103246294602F0A5F803900DE03E
:1071D000D7685FB912694AB903AACDE90012B2B201
:1071E000294602F06BF8012800D003940398D7E7F2
:1071F0009C0000202DE9F04D1D460C4698B0174626
:1072000021F0004123F00043002814BF4FF0010C8F
:107210004FF0000C0CEB440CFE4A0CEB02064FEA5C
:10722000620C66452BD33E0018BF012606EB4506CF
:107230001644F94A964222D3F84A53EA070C02D080
:10724000944205D148B918B000201146BDE8F08D30
:10725000002808BF4FF0000C01D04FF0010C0CEBE0
:10726000440212F5001F0AD8002F14BF4FF0010C82
:107270004FF0000C0CEB450212F5001F07D918B0B7
:107280003A462B462146BDE8F04DFDF727BB0022CC
:10729000DFF88CA3002CB8BF534526DADFF884C38F
:1072A0006345A8BF022220DADFF870C39C451CDCCE
:1072B000DFF874C30CEB235CBCF1140F08DDCCF1D8
:1072C000340627FA06FC0CFA06F6BE420DD108E099
:1072D0005FB9CCF1140623FA06FC0CFA06F69E42BE
:1072E00003D10CF00102C2F1020251EA000C19D1E3
:1072F000002D17DA002C18BF022A01D0012A07D06E
:107300000220FDF713FB18B0BDE8F04DFDF7DEBA23
:107310000220FDF70BFBFDF7D9FA18B081F0004110
:10732000BDE8F08DB7F1000C6CD1534525D104F1C7
:10733000804212F5801201BF00280020B74918B022
:1073400008BFBDE8F08DB548884207DC002DA1BF1D
:107350006046294618B0BDE8F08D07E0281E05DA22
:1073600080F0004118B06046BDE8F08DAF49794427
:10737000D1E9000118B0BDE8F08DDFF8A0C2634587
:1073800025D1002D1FDA19B1514512D1D8B909E024
:10739000002840F0EC82A24A214618B062F31E0198
:1073A000BDE8F08D0020214618B060F31E01BDE855
:1073B000F08D08DA18B02346BDE8F04D02460020F3
:1073C0006146F9F78DB918B02146BDE8F08D5145F9
:1073D00018DAB5F1804F0DD0A5F1005CBCF1FF5C6F
:1073E00010D1B4F1000C0DDB18B06146BDE8F04DD2
:1073F00001F07AB9234618B00246BDE8F04D1946AF
:10740000F9F7FCB8060024F0004C3BD1D9B1514546
:1074100033D1002C06DD002DA1BF0020514618B04D
:10742000BDE8F08D002C01DD002D1BDB002C13DAF4
:10743000002D11DB012A4FF0000014BF78497C4970
:1074400018B0BDE8F08D022A18BF002C0AD0012A1E
:1074500008D1002C06DA0AE0002CB8BF002D11DAA2
:10746000012A04D0002018B00146BDE8F08D18B004
:1074700000204FF00041BDE8F08DA1F14050B0F187
:107480007F601AD0012000EBE47050EA020421D0A2
:10749000624C521E4FF0000B104304BF4FF0000B24
:1074A000644C654883427CDD644A654893421FDD35
:1074B000884217DB002D25DB37E0002C00DA4AB1CB
:1074C000022A0CBF01204FF0FF3018B0BDE8F04D8C
:1074D000F9F783B90120FDF729FA18B0BDE8F04D9E
:1074E000FDF7FEB94D4A8A4202DC002D0ADC1CE0A1
:1074F000814202DA002D18DA04E0484B994220DD7F
:10750000002D12DD0220FDF711FAFDF7EFF9054617
:107510000E460022534658462146F9F76FF818B038
:1075200066F31E012846BDE8F08D0220FDF7FEF946
:10753000FDF7E4F90A46214618B062F31E01BDE8E2
:10754000F08D002230466146F9F752F880460E462B
:107550006FF00102F9F75DFA4FF05532394BF9F748
:107560004AF842463346F9F749F80022364BF9F714
:1075700042F8824642463346049110461946F9F7CE
:107580003DF85246049BF9F739F88A4600904FF0CF
:10759000C0422E4B40463146F9F730F82C4A2B4B6F
:1075A00000E027E0CDE9060151460098F9F726F8FA
:1075B00082460191274A284B40463146F9F71EF88A
:1075C0005246019BF9F714F882460B460246059194
:1075D000DDE90601F8F76BFFDDE9062300268846A2
:1075E0003046F9F705F85246059BF9F704F80246CC
:1075F00000F07EB90020B1F5801F07DA3522304651
:107600006146F9F706FA06466FF0340000EB2150A8
:1076100024E00000FFFF1F00FFFF0F000000F03F0D
:107620000000F07F0000404301FCFFFF0E3A000025
:107630000000F0FF0000F0BF0000E0410000F04358
:10764000FFFFEF3F5555D53F0000E03F4715F73F9F
:10765000FE822B6544DF5DF80BAE543EA0F2FF3096
:107660000190C1F3130040F07F6141F0405102915D
:10767000FE498842D8BF002004DDFD498142C8BFD1
:10768000012001DD0D9008E000200D900198401CC4
:1076900001900298A0F5801002900299F548784474
:1076A0000B910D9900EBC100D0E900230F933046F8
:1076B0000A920B99F8F79CFFCDE90601DDE90A2152
:1076C00030460F9BF8F7F3FE02460B460020EA49CE
:1076D000F9F706F8059102460B460090DDE9060130
:1076E000F8F78CFF1490E5488A464FF0000878447C
:1076F0000299006812904FF0005040EA61010D9825
:107700000F9B01EB804000F5002109910A9A129825
:10771000F8F76EFF32460B9BF8F76DFF4246534673
:10772000F8F76CFF0646029140465146099B129AB3
:10773000F8F764FFDDE90623F8F75DFF3246029BA8
:10774000F8F756FF059B009AF8F758FF0091149A36
:107750000490534610461946F8F750FF0646024675
:10776000C7480B46029106217844FDF759F8CDE948
:107770000510029B324610461946F8F73FFFDDE937
:107780000532F8F73BFF0591064653464046194639
:10779000149AF8F78CFE009B049AF8F72FFF3246F4
:1077A000059BF8F784FECDE9051042465346104686
:1077B0001946F8F723FF0022B24B02910A90F8F71E
:1077C00076FEDDE90532F8F772FE0E464246AD4B15
:1077D0004046F8F70DFF029B0A9AF8F709FFDDE92A
:1077E0000532F8F708FF424602910A9033461046E8
:1077F0005146F8F703FFCDE906015346149A029962
:107800000A98F8F7FBFE8A460290334642460099F2
:107810000498F8F7F3FE5346029AF8F748FE8246BA
:107820000B4602460591DDE90601F8F740FEDDE969
:107830000623002088460646F8F7DAFE5246059BE6
:10784000F8F7D9FE824609914FF060428E4B3046E0
:107850004146F8F7D3FE049006918C4A8A4B504675
:107860000999F8F7CBFE82460291894A894B304646
:107870004146F8F7C3FE5246029BF8F718FE864BC6
:107880007B440D9A03EBC203D3E90023F8F70FFE04
:107890000E9007910198F8F7A0FF0591DDE9061316
:1078A00082460E9A0498F8F702FE7C4A7A440D9BB1
:1078B00002EBC303D3E9002300930292F8F7F7FD2C
:1078C0005246059BF8F7F3FD00268846524630469F
:1078D000059BF8F78DFE009B029AF8F789FE069B40
:1078E000049AF8F785FE079B0E9AF8F784FE024685
:1078F00000200B46029038462946F8F77FFE824664
:1079000001912B4638461946029AF8F771FE324625
:107910004346F8F773FE5246019BF8F7C8FD074649
:107920008A463246434629460298F8F767FE0546DE
:107930000E463A465346F8F7BAFD594A88469142F0
:1079400021DBA8EB020353EA000210D12A4633469A
:10795000F8F74EFECDE90401524A534B38465146E2
:10796000F8F7A5FDDDE90423F9F782F821D202201A
:10797000FCF7DCFFFCF7BAFF0A46214618B062F3B9
:107980001E01BDE8F08D494B28F000429A4210D309
:10799000474A08EB020353EA00027FF4C6AD2A46C9
:1079A0003346F8F725FE3A465346F9F761F87FF675
:1079B000BCAD0022019228F000403E493E4A01EB56
:1079C0002051824223DA481C4FF4801121FA00F042
:1079D00040443A4AC0F30A517A44394BA1F2FF318C
:1079E000CB4020EA0303C0F3130040F48010C1F140
:1079F0001401C84012680190B8F1000FBCBF4042AA
:107A0000019028463146F8F7F3FD05460E462A4612
:107A1000334638465146F8F74AFD4FF000084246D3
:107A2000284B40460591F8F7E9FDCDE90601264AC5
:107A3000264B40460599F8F7E1FD009102902A4651
:107A4000334640460599F8F7D3FD3A465346F8F7D2
:107A5000D2FD1F4A1F4BF8F7D1FD009B029AF8F7A1
:107A600026FD0746884602460B4635E08E98030001
:107A70007AB60B00563600000000F03F8E3600004C
:107A8000BC3500000000084009C7EE3FFD033ADCAA
:107A9000F5015B14E02F3EBE943400005834000022
:107AA00000009040FE822B654715973C00CC90402B
:107AB00000346F3F01FCFFFF0000E03FA4330000F3
:107AC000FFFF0F00432EE63F396CA80C615C20BE1F
:107AD000EF39FAFE422EE63FDDE90601F8F7E7FC52
:107AE000DDE9062305460E46F8F782FD3A46434691
:107AF000F8F781FD0F462A46334600901046194696
:107B0000F8F77CFD824602462E4888460B46052142
:107B10007844FCF785FE52464346F8F76FFD2A4647
:107B20003346F8F768FD80468A463B46284631468C
:107B3000009AF8F763FD3B46009AF8F7B8FC069107
:107B4000009000224FF0804340465146F8F750FD28
:107B50000F460C904246534628463146F8F74EFDF4
:107B60003B460C9AF8F7BCFD069B009AF8F740FDDF
:107B70002A463346F8F73CFD0022134BF8F73BFD4D
:107B8000054601980E4601EB00510815002810DC4F
:107B900028463146019AF8F73CFFFCF71DFE042801
:107BA00008BFFCF7ABFE28463146019AF8F731FFD3
:107BB00005460B4618B02A4658462146BDE8F04D0A
:107BC000F8F71CBD443200000000F03F2DE9F04101
:107BD000134C0F46054666692068001D00F0E1FD64
:107BE000681C07D137B12168BDE8F0410D48091D77
:107BF00000F026BE20683544B5424560216805D2B4
:107C0000A068BDE8F041091D00F002BE6068091DD2
:107C100000F0FEFD206B854200D22563BDE8F081B7
:107C20004C000020DC0700202DE9F041054600F063
:107C300013FE2D4C2069401C206120682B4F10B191
:107C4000E06930B32BE025602069012827D10026A8
:107C500006EB860007EB800000F0CCFD761C382E8A
:107C6000F6D3234800F0C6FD2148143000F0C2FDD1
:107C70001F48283000F0BEFD1D483C3000F0BAFD22
:107C80001B48503000F0B6FD194860601430A06009
:107C900005E02068E96AC06A884200D82560E06A89
:107CA000401CE0626864E86AA169884200D9A0616A
:107CB00000EB800007EB8000291D00F0C1FD00F003
:107CC000EBFDE06900280CD02068E96AC06A8842B0
:107CD00007D208494FF080500860BFF34F8FBFF3C1
:107CE0006F8FBDE8F08100004C0000202C030020C5
:107CF0008C07002004ED00E038B500F0ADFD104C1D
:107D0000A068C8B90F4800F075FD0E48143000F0A7
:107D100071FD0C482060143060600A4B002028334D
:107D2000009003F1500210210A2001F06BF8A060CE
:107D300010B105A100F02EFEBDE8384000F0ACBD4A
:107D400088000020F0070020546D725100000000F0
:107D500030B4026C0B46002A0BD0C1681144C160DC
:107D60004468A14201D30168C16030BC1846F8F7ED
:107D700099BA30BC70472DE9F041856B174604462F
:107D80000026026C82B1C7B1E068F8F78BFAE168AF
:107D9000206C091AE1602268914202D26168081AD7
:107DA000E060022F16D017E02068A8B9606801F0E3
:107DB0005DFB0646002060600EE0A068F8F772FAEE
:107DC000216CA0680844A0606168884204D32068E0
:107DD000A06001E005B16D1E6D1CA5633046BDE8D5
:107DE000F08110B5044690F8590058B101280CD024
:107DF00002280FD0502080F31188BFF34F8FBFF3BC
:107E00006F8FFEE7206B00F05BFD2046BDE8104061
:107E100000F056BD10BD000010484FF4005142075D
:107E200006D0C01D0D4920F00700411AC1F50051D0
:107E30000B4A00230144C2E900030839103A21F03B
:107E4000070111604B600B600B1AC0E900139360CF
:107E50004FF000405360D06070470000C00F00201A
:107E6000B0000020144E154CA6F29C474FF08058ED
:107E7000DFF84C9012E000BF00F0EEFCF068C5683F
:107E8000281D00F08EFC2069401E2061E068401E25
:107E9000E06000F001FD2846FFF7A3FFE06800283E
:107EA000EAD138680128F9D9C9F80080BFF34F8FAB
:107EB000BFF36F8FF2E70000C80700204C000020DE
:107EC00004ED00E070B51D46049C51B1C4F80020DB
:107ED000C4E90F010121204600F0C8FF84F84C508E
:107EE00070BD2460F4E72DE9F0470E46DDE9098412
:107EF0001746824691009946089DA522206BF8F707
:107F0000E3F96FF00301206B01EB8701084420F0D7
:107F10000707780707D0502080F31188BFF34F8FF1
:107F2000BFF36F8FFEE72218315C82F83410315CAA
:107F300011B1401C1028F6D3002684F84360382D78
:107F400000D33725E562C4E91356201D00F05DFC1F
:107F500004F1180000F059FC2461C5F13800646296
:107F6000A061666584F858604A465146384600F07C
:107F700077FA2060B8F1000F01D0C8F80040BDE8E2
:107F8000F0872DE9F0471E46DDE9089417460D00FD
:107F900080460ED0002C14D0FFF7AEFEC4F800804F
:107FA000C4E90657C4E90869201DBDE8F04700F0A0
:107FB0002CBC502080F31188BFF34F8FBFF36F8F1D
:107FC000FEE7BDE8F087000030B5114900E011463A
:107FD0000A688242FBD34B685C18844203D1406834
:107FE00018444860084643681C18944209D1084C5C
:107FF000103C2468A24209D052681A4442600A68C0
:1080000012680260814200D0086030BD0460F9E768
:10801000B000002070B5002441600B4D006191421A
:1080200006D8D11A8269914206D2011D686807E01C
:108030009A4203D2994201D3012403E0011D28682A
:1080400000F0E6FB204670BD8800002010B5044615
:1080500000F002FCA06B28B15FF0000400F01CFCF3
:10806000204610BD0124F9E730B589B0304D55E008
:108070000498002806DADDE90601059A904704987D
:1080800000284BDB069C606910B1201D00F089FBC5
:1080900002A800F0B9F8024604980A283ED2DFE8A8
:1080A00000F00505053D263705053D260598A16923
:1080B000034601442046FFF7ADFF00B3616A204646
:1080C0008847E069012829D1002000900598A1691E
:1080D000002342181946204601F0ECFA78B95020E6
:1080E00080F31188BFF34F8FBFF36F8FFEE70598C2
:1080F000A06128B1811813462046FFF78BFF0DE0E1
:10810000502080F31188BFF34F8FBFF36F8FFEE7CE
:1081100094F82C0010B9204600F0D2FB002204A9EC
:10812000A86800F0F5FF0028A2D109B030BD00001A
:10813000880000202DE9FC410F46054600F098FD1F
:1081400001A800F061F80446019818B101F006FAA0
:10815000BDE8FC81224EAFB170680068A8B300276B
:10816000291B3A46B06800F029FC01F0F7F9002815
:10817000EED11C494FF080500860BFF34F8FBFF322
:108180006F8FE5E7A542EBD801F0E8F930682746A4
:10819000C068C468201D00F004FBE069012810D10C
:1081A000A0692B4641193A462046FFF733FF40B1FC
:1081B00000200346014600902A46204601F07AFA44
:1081C00020B1616A20468847C2E707E0502080F36B
:1081D0001188BFF34F8FBFF36F8FFEE70127BFE713
:1081E0008800002004ED00E006484168096829B1D4
:1081F0004168C968C9684968016370474FF0FF3139
:10820000FAE700004C00002070B5054601F0BCF80C
:10821000064E04463069844203D200F009F801207A
:1082200000E0002028602046346170BD88000020F6
:10823000F8B5194D1FE0C068C4680668201D00F03D
:10824000B0FA616A20468847E069012813D1A06925
:108250003044B04206D924616060211D286800F0D6
:10826000D7FA08E000200346014600903246204637
:1082700001F020FA38B1286801680029DBD169686B
:10828000C5E90010F8BD502080F31188BFF34F8F6F
:10829000BFF36F8FFEE700008800002008484068A9
:1082A000401C4FF0500080F3118804D0BFF34F8F73
:1082B000BFF36F8FFEE7BFF34F8FBFF36F8FFEE704
:1082C000B8000020002150B10A4B42699A420FD1F8
:1082D000806AA3F1280290420AD040B108E0502001
:1082E00080F31188BFF34F8FBFF36F8FFEE701213B
:1082F00008467047DC070020074C2068016841B140
:10830000C0680021D0F80000FFF714FFFFF7ACFEB3
:10831000F3E701210020F7E7880000202DE9F04174
:10832000044600F099FA94F9455004F1240609E056
:10833000606A48B1304601F0D9F808B100F08EFB10
:108340006D1E6DB2002DF3DC4FF0FF3684F84560F2
:1083500000F0A2FA00F080FA94F9445004F11007FA
:1083600009E0206948B1384601F0C0F808B100F0D2
:1083700075FB6D1E6DB2002DF3DC84F84460BDE822
:10838000F04100F089BA00002DE9F04105460027D0
:1083900000F06EFC314E306808B9FFF73DFDF06823
:1083A00005424BD1C5B3083568070ED005F007006C
:1083B000C0F108000544680707D0502080F31188F9
:1083C000BFF34F8FBFF36F8FFEE72DB37068854209
:1083D00034D82248103001460C6801E020460C4693
:1083E0006168A94202D221680029F7D131688C4224
:1083F00024D007682168016060680837411B102994
:108400000FD96019420708D0502080F31188BFF3BC
:108410004F8FBFF36F8FFEE710E041606560FFF79D
:10842000D3FD61687068401A7060B268904200D2F3
:10843000B060F06801430020C4E9000101F08EF84B
:10844000780707D0502080F31188BFF34F8FBFF318
:108450006F8FFEE73846BDE8F0810000A0000020E5
:1084600010B5031F4FF080741C601B1F21F0010129
:108470001960191F024B0B60143940380A6010BD97
:108480009D82000810B504460246882100F0A3F83A
:1084900000284DD0A21C8A21204600F09CF8E8B3A9
:1084A000221D8C21204600F096F8B8B3A21D8E2123
:1084B000204600F090F888B304F10802902120468D
:1084C00000F089F850B304F10A029221204600F02E
:1084D00082F818B304F10C029421204600F07BF8D6
:1084E000E0B104F10E029621204600F074F8A8B124
:1084F00004F110029821204600F06DF870B104F1EB
:1085000012029A21204600F066F838B104F11402F4
:108510009C21204600F05FF800B100E008E004F183
:1085200016029E21204600F056F808B1012010BD29
:10853000002010BD3EB514460A46818C4FF6FF75EB
:10854000CDE9004305EA410141F288350295806A90
:108550000123F8F755FE002800D001203EBD1CB5D0
:108560000446012300F11802A121FFF7E3FF10BB2D
:1085700004F11A02E121204600F02DF8D8B10123C0
:1085800004F11C02E3212046FFF7D4FF98B96A46A4
:10859000E421204600F01FF868B101AAE521204639
:1085A00000F019F838B1012304F12202E721204636
:1085B000FFF7C0FF08B100201CBDBDF80000C1B22C
:1085C000C0F3032040EA0110E083BDF80400000975
:1085D000208401201CBD7FB51446828C4FF6FF73AA
:1085E00003EA420541F28836022303AA8DE84C00D3
:1085F0000A46806A01232946F8F702FE10B10020DE
:1086000004B070BDBDF80C0020800120F8E710B563
:1086100088B0694604A8FEF783FA032802D0012037
:1086200008B010BD07A8FDF7E7FF0498F8F7C7F8F2
:1086300007990C46F7F7BFFEF8F7E0F804900598A5
:10864000F8F7BDF82146F7F7B6FEF8F7D7F805902A
:108650000698F8F7B4F82146F7F7ADFEF8F7CEF82C
:10866000069004A8FDF7FEF903A8FDF789FFBDF801
:108670000C000099414300910199414301910299F5
:10868000414368460291FDF74FF90020C8E700001A
:10869000F8B5144C0146224694F82460D2E9000251
:1086A00000235D1E56B179B1022111E0C17B107823
:1086B0006B460122FAF791FA68B90EE0A67A56B134
:1086C00011B1617C61B902E08DF80030EEE7012163
:1086D0008DF80010EAE72846F8BD9DF800006074A8
:1086E0000020F8BDE40000202DE9F04106460F46C9
:1086F000F8F7E8F9041E0D4618BF0120284320F0C2
:108700000040C0F17F6000F1E040C00F0ED0301C8F
:1087100018BF0120384320F00040C0F17F6000F115
:10872000E040C00F04BF0120FCF700F920462946B5
:10873000BDE8F08130B50C4A00211368DC6A4FF4C3
:108740007A726043B0FBF2F55A6A586A9042FCD0E4
:1087500002D9A0EB020202E0A4EB0202024411449F
:108760000246A942F1D330BDA402002010B503682F
:108770000C68A34205DA9C1804600B689C4200DD7B
:10878000036003680C68A34205DD9B1A03600A6856
:10879000934200DA0260026809688A4200D10160EF
:1087A00010BDD0E9013201699A60D0E901235A6015
:1087B0004A68824201D182684A60002202610868E8
:1087C000401E086008687047034B036003F15C00BB
:1087D000086080201060704708090020044B036087
:1087E00003F15C0008604FF4807010607047000077
:1087F000640B002000F108014FF0FF32C0E90112C4
:10880000C160016100210160704700210161704772
:1088100030B50B685A1C02D000F1080202E0026970
:1088200004E02246546825689D42FAD953684B609B
:1088300099608A60516008610168491C016030BD1F
:1088400042684A6093688B609368596091600861E0
:108850000168491C01607047502080F31188BFF304
:108860004F8FBFF36F8F0A494868401C486001284A
:108870000CD10848006810F0FF0F07D0502080F39B
:108880001188BFF34F8FBFF36F8FFEE77047000073
:10889000B800002004ED00E00849486828B1401EF7
:1088A000486001D180F311887047502080F311880F
:1088B000BFF34F8FBFF36F8FFEE70000B8000020BB
:1088C00070B5002827D0144DA0F108046168E8684D
:1088D000014207D1502080F31188BFF34F8FBFF3BF
:1088E0006F8FFEE722683AB1502080F31188BFF302
:1088F0004F8FBFF36F8FFEE78143616000F0B8F9DF
:1089000060686968084468602046FFF75DFBBDE861
:10891000704000F023BE70BDA00000204FF0E020AA
:1089200000210161816105494FF47A720968B1FB48
:10893000F2F1491E41610721016170470C000020DE
:1089400010B5F7F727FC114910280ED300F1E020ED
:1089500090F8F0030A78904207D2502080F31188F3
:10896000BFF34F8FBFF36F8FFEE709480068896838
:1089700000F4E060884207D9502080F31188BFF3EB
:108980004F8FBFF36F8FFEE710BD0000B8000020CF
:108990000CED00E010B5084B002200BF53F8324048
:1089A0001CB1521C082AF9D310BD43F8321003EB56
:1089B000C201486010BD0000EC02002070B51546F1
:1089C0000E460446FFF748FF94F944100020491C66
:1089D00001D184F8440094F94510491C01D184F870
:1089E0004500FFF759FFA06B28B92A46314604F12C
:1089F000240000F051F82046BDE87040FFF78EBC1F
:108A000010B5020014D00F48806B38B1502080F3AD
:108A10001188BFF34F8FBFF36F8FFEE700F028F987
:108A200000211046FFF7D2F800F098FD002807D18A
:108A300005494FF080500860BFF34F8FBFF36F8F31
:108A400010BD00004C00002004ED00E002498A6ADD
:108A500002604969416070474C00002001490120D3
:108A6000486270474C00002010B50C4650B10949CF
:108A700009681831FFF7CCFE2046BDE810400121FF
:108A8000FFF7A4B8502080F31188BFF34F8FBFF3D6
:108A90006F8FFEE74C00002070B514460D4668B19C
:108AA0000A4909681831FFF7CBFE0CB14FF0FF35CA
:108AB00021462846BDE87040FFF788B8502080F373
:108AC0001188BFF34F8FBFF36F8FFEE74C0000207C
:108AD00070B504002AD01A4D286884422ED0FFF7C2
:108AE000BBFE2046FFF7EEFBE0B1201DFFF759FE6D
:108AF000E06AA969884200D9A861124900EB8000A8
:108B000001EB8000211DFFF79BFEE06A2968C96A1E
:108B1000884207D30C494FF080500860BFF34F8F55
:108B2000BFF36F8FBDE87040FFF7B6BE502080F3F3
:108B30001188BFF34F8FBFF36F8FFEE770BD00004A
:108B40004C0000202C03002004ED00E030B587B07D
:108B50000024039405AA04A903A80494FFF734FE93
:108B6000DDE903010094CDE90110002315A11748A8
:108B7000059A00F0D0FB164D002868631FD000F066
:108B800069FD012809D0401C19D1502080F31188BB
:108B9000BFF34F8FBFF36F8FFEE7502080F3118834
:108BA000BFF34F8FBFF36F8F4FF0FF30286301206B
:108BB000E8616C6107B0BDE8304000F0ABB807B0C9
:108BC00030BD000049444C4500000000657E0008AF
:108BD0004C00002070B50446FFF73EFE214D04B95D
:108BE0002C68201DFFF7DDFDA06A18B104F1180004
:108BF000FFF7D7FD211D1C48FFF722FE94F858000F
:108C00000026012801D184F85860FFF745FEE86985
:108C100028B1FFF721FEFFF7E7FAFFF73DFE2868CE
:108C2000844213D1E86990B1A86B38B1502080F329
:108C30001188BFF34F8FBFF36F8FFEE70B494FF0E3
:108C400080500860BFF34F8FBFF36F8F70BD064831
:108C500000682969884201D12E6070BDBDE870406E
:108C600000F00EB84C000020DC07002004ED00E00E
:108C70000248816B491C8163704700004C00002052
:108C8000164810B5816B11B10121416210BD002160
:108C900041628169124A01E0B9B1491E01EB8103C9
:108CA00052F82330002BF7D001EB810302EB830253
:108CB00002F1080453685B685360A34201D15B680A
:108CC0005360DA680260816110BD502080F3118822
:108CD000BFF34F8FBFF36F8FFEE700004C00002003
:108CE0002C03002037B5828C4FF6FF7303EA420451
:108CF00084B042F21075012306AA8DE82C000A46C2
:108D0000806A2146F8F7A4FB002800D0012007B0B4
:108D100030BD00001CB5264908780190FF2008707E
:108D200008788DF800009DF800009DF8002000F004
:108D3000F000904207D0502080F31188BFF34F8F8E
:108D4000BFF36F8FFEE79DF800001A4B00F0500054
:108D500018700720986005E09DF8002052008DF8FB
:108D60000020401E9DF800201206F5D498600328CC
:108D700007D0502080F31188BFF34F8FBFF36F8F60
:108D8000FEE74FF440709860019808700A48016847
:108D900041F470010160016841F070410160FFF72A
:108DA000BDFD00205860F7F7BFF900201CBD000092
:108DB00000E400E0B800002020ED00E0F8B5174620
:108DC0000E46050014D0DEB105FB06F05030FFF76B
:108DD000DBFA04000AD0002084F8460004F15002B7
:108DE0003B46314628460094FFF76CF82046F8BD14
:108DF000502080F31188BFF34F8FBFF36F8FFEE7D2
:108E00000020E3E738B5049D18B153B1CAB181B170
:108E100020E0502080F31188BFF34F8FBFF36F8F96
:108E2000FEE7502080F31188BFF34F8FBFF36F8FA1
:108E3000FEE7502080F31188BFF34F8FBFF36F8F91
:108E4000FEE739B1502080F31188BFF34F8FBFF395
:108E50006F8FFEE750241C46012384F846302B46D2
:108E60000094FFF72FF8204638BD000070B50D467E
:108E7000040025D0FFF7F0FCD4E90F20216802FBA5
:108E8000001161600021A1632168A1600A46D4E954
:108E90000F01401E00FB0121E16021464FF0FF3031
:108EA00001F8440F487004F110008DB1FFF7A2FCE7
:108EB00004F12400FFF79EFCFFF7EEFC012070BDDB
:108EC000502080F31188BFF34F8FBFF36F8FFEE701
:108ED00021690029F0D000F009FB0028ECD00449FA
:108EE0004FF080500860BFF34F8FBFF36F8FE3E701
:108EF00004ED00E02DE9FF4782B01D468A464FF0A1
:108F00000008040003D0BAF1000F08D011E050208F
:108F100080F31188BFF34F8FBFF36F8FFEE7206C94
:108F200038B1502080F31188BFF34F8FBFF36F8F9C
:108F3000FEE7022D0AD1E06B012807D0502080F314
:108F40001188BFF34F8FBFF36F8FFEE700F00EFA6B
:108F50003F4F4FF000094FF0805648B9049838B1A0
:108F6000502080F31188BFF34F8FBFF36F8FFEE760
:108F7000FFF772FCA06BE16B884207D3022D05D08E
:108F80000498D0B1B8F1000F1AD01EE02A4651461D
:108F90002046FEF7F0FE616A19B104F1240000F0EA
:108FA000A5FA20B13E60BFF34F8FBFF36F8FFFF77D
:108FB00073FC012006B0BDE8F087FFF76DFC22E0EE
:108FC0006846FFF743FD4FF00108FFF765FCFFF728
:108FD0004FFEFFF741FC94F94400401C01D184F896
:108FE000449094F94500401C01D184F84590FFF766
:108FF00053FC04A9684600F027F930B12046FFF77A
:109000008DF900F0ABFA0020D4E7FFF725FCA06B48
:10901000E16B884213D1FFF73FFC04F11000049983
:10902000FFF722FD2046FFF779F900F097FA0028B4
:109030009ED13E60BFF34F8FBFF36F8F98E7FFF76E
:109040002BFC2046FFF76AF900F088FA90E7000051
:1090500004ED00E02DE9F0471F46904689460400E4
:1090600003D0B9F1000F08D011E0502080F311882F
:10907000BFF34F8FBFF36F8FFEE7206C38B15020E6
:1090800080F31188BFF34F8FBFF36F8FFEE7022F7E
:109090000AD1E06B012807D0502080F31188BFF37C
:1090A0004F8FBFF36F8FFEE7FFF74AFC5020EFF3BF
:1090B000118680F31188BFF34F8FBFF36F8FA06BC2
:1090C000E16B884206D3022F04D0002086F311887A
:1090D000BDE8F08794F945503A4649462046FEF7E8
:1090E0004AFE681C04D06D1C84F845500120EDE751
:1090F000606A0028FAD004F1240000F0F7F9002893
:10910000F4D0B8F1000FF1D00121C8F80010EDE75C
:109110002DE9F747002683B08A46040003D0BAF150
:10912000000F08D011E0502080F31188BFF34F8F5B
:10913000BFF36F8FFEE7206C38B1502080F31188A9
:10914000BFF34F8FBFF36F8FFEE700F00FF9DFF82B
:10915000F4804FF000094FF0805748B9059838B1B6
:10916000502080F31188BFF34F8FBFF36F8FFEE75E
:10917000FFF772FBA56BC5B151462046FEF7E8FD2F
:109180006D1EA563206950B104F1100000F0AEF926
:1091900028B1C8F80070BFF34F8FBFF36F8FFFF790
:1091A0007BFB012006B0BDE8F087059808B11EB131
:1091B00006E0FFF771FB27E06846FFF747FC012652
:1091C000FFF76AFBFFF754FDFFF746FB94F94400F5
:1091D000401C01D184F8449094F94500401C01D111
:1091E00084F84590FFF758FB05A9684600F02CF875
:1091F000002820460AD0FFF791F800F0AFF920468A
:10920000FEF724FF0028B3D00020CBE7FEF71EFFB7
:1092100090B104F124000599FFF726FC2046FFF7E2
:109220007DF800F09BF90028A2D1C8F80070BFF3C8
:109230004F8FBFF36F8F9BE72046FFF76FF800F06B
:109240008DF995E704ED00E02DE9F0410C460500AD
:1092500011D0C4B1FFF700FB174B5A696E68206844
:10926000911B471C17D02F689B6A9F4219D09642CA
:1092700017D8012410E0502080F31188BFF34F8FDE
:10928000BFF36F8FFEE7502080F31188BFF34F8F3D
:10929000BFF36F8FFEE70024FFF7FEFA2046BDE81C
:1092A000F081884205D9401A20602846FFF7CEFB9E
:1092B000F1E700202060DCE74C0000202DE9FF5F93
:1092C0008346DDE90E87994616468A469000FFF7E9
:1092D0005BF805001CD05C20FFF756F8040014D0A2
:1092E0000020256384F85900CDE90240CDE90087CC
:1092F0004B46324651465846FEF7F5FD2046FEF7EE
:1093000093FC012004B0BDE8F09F2846FFF7D8FA8F
:109310004FF0FF30F6E7F0B585B0DDE90B640A9D4C
:10932000A6B1DCB15C2700972663022684F8596059
:10933000002604AFCDE90246CDE90057FEF7D3FD84
:109340002046FEF771FC049805B0F0BD502080F374
:109350001188BFF34F8FBFF36F8FFEE7502080F36C
:109360001188BFF34F8FBFF36F8FFEE70548C169C8
:1093700019B1806B18B1002070470120704702209E
:10938000704700004C000020014840697047000011
:109390004C00002010B5FFF7D3FA0148406910BD1A
:1093A0004C0000202DE9F0412E4C0027A06B40B16D
:1093B000206A401C2062606A00B101273846BDE87F
:1093C000F0816669761C666113D16068006838B107
:1093D000502080F31188BFF34F8FBFF36F8FFEE7EC
:1093E0006068A1686160A060A06A401CA062FEF78E
:1093F000FBFE206BDFF87080864209D3606800684E
:1094000080B16068C068C568686886420DD2206314
:109410002068C06A00EB800158F821000128CAD9F1
:109420000127C8E74FF0FF30F1E7281DFFF7B9F932
:10943000A86A18B105F11800FFF7B3F9E86AA16945
:10944000884200D9A06100EB800108EB8100291D52
:10945000FFF7F6F9E86A2168C96A8842CED3012786
:10946000CCE700004C0000202C03002070B5040065
:109470004FF0000133D01B4D2868844207D05020A4
:1094800080F31188BFF34F8FBFF36F8FFEE7206D1E
:1094900038B1401E2065E36CE26A9A421FD040B1A9
:1094A0001DE0502080F31188BFF34F8FBFF36F8F03
:1094B000FEE7201DFFF775F9E06CE062C0F13800AF
:1094C000A061E06AA969884200D9A861064900EB59
:1094D000800001EB8000211DFFF7B2F90121084651
:1094E00070BD00004C0000202C03002070B5C06847
:1094F000C46854B104F118000646FFF752F9144D40
:10950000A86B50B13146134815E0502080F3118804
:10951000BFF34F8FBFF36F8FFEE7201DFFF741F9B9
:10952000E06AA969884200D9A8610B4900EB800074
:1095300001EB8000211DFFF783F9E06A2968C96A01
:10954000884202D90120686270BD002070BD000011
:109550004C000020B40700202C0300202DE9F04728
:109560002C4D00242746A86B38B1FFF775F9A86B7E
:10957000401EA863A86B40B146E0502080F31188DC
:10958000BFF34F8FBFF36F8FFEE72969224E012093
:10959000D1B3A6F5916980463068E0B1F068C4683F
:1095A00004F11800FFF7FDF8201DFFF7FAF8E06A54
:1095B000A969884200D9A86100EB800109EB81000C
:1095C000211DFFF73DF9E06A2968C96A8842E3D3A3
:1095D000C5F82480E0E70CB1FEF706FE2C6A4CB11A
:1095E0004FEA0806FFF7DEFE00B16E62641EF9D195
:1095F00000202862686A38B10849012738070860E6
:10960000BFF34F8FBFF36F8FFFF746F93846BDE8C2
:10961000F08700004C000020B407002004ED00E0BB
:109620002DE9FC4781461E461746884630200A9D94
:10963000FEF7AAFE04000AD0CDE9005433463A46AC
:1096400041464846FEF79DFC002084F82C00204649
:10965000BDE8FC8710B586B0FEF74EFB114CA06844
:10966000B8B100200390049005AA04A903A8FFF74D
:10967000B5F8DDE9032122208DE8070000230AA1C7
:109680000B48059AFFF747FEE06010B106B00120D5
:1096900010BD502080F31188BFF34F8FBFF36F8F41
:1096A000FEE7000088000020546D722053766300AE
:1096B000F98200082DE9FF411E46134602000A9D6B
:1096C0004FF0000016D0144CA768002F0FD0CDE942
:1096D00000130292062917DAFFF748FE02284FF01E
:1096E00000030FD000226946A068FFF703FC04B016
:1096F000BDE8F081502080F31188BFF34F8FBFF396
:109700006F8FFEE72A46EEE7002332466946384669
:10971000FFF7A0FCEBE70000880000200102020335
:109720000405060708090A0B0C0D0E0F10100000A7
:109730000000000000000102030406070809000001
:10974000000001020304000088AD000800000000D2
:109750000000000000000000000000000002000007
:1097600018000000000000000000000000000000E1
:1097700000000000002F0000000007000700001498
:109780007F147F1400242A7F2A12006264081323A6
:1097900000364955225000000503000000001C223D
:1097A0004100000041221C000014083E081400087B
:1097B000083E0808000000A060000008080808082B
:1097C000000060600000002010080402003E5149C3
:1097D000453E0000427F4000004261514946002161
:1097E00041454B31001814127F100027454545397B
:1097F000003C4A49493000017109050300364949D6
:10980000493600064949291E00003636000000008E
:1098100056360000000814224100001414141414D9
:109820000000412214080002015109060032495982
:10983000513E007C1211127C007F49494936003E9E
:1098400041414122007F4141221C007F4949494159
:10985000007F09090901003E4149497A007F080853
:10986000087F0000417F4100002040413F01007F10
:1098700008142241007F40404040007F020C027FDC
:10988000007F0408107F003E4141413E007F0909EE
:109890000906003E4151215E007F09192946004614
:1098A000494949310001017F0101003F4040403FEB
:1098B000001F2040201F003F4038403F0063140835
:1098C0001463000708700807006151494543000010
:1098D0007F41410000552A552A55000041417F0033
:1098E0000004020102040040404040400000010228
:1098F0000400002054545478007F48444438003811
:109900004444442000384444487F00385454541898
:1099100000087E0901020018A4A4A47C007F0804AA
:1099200004780000447D4000004080847D00007F7A
:10993000102844000000417F4000007C0418047897
:10994000007C0804047800384444443800FC242493
:1099500024180018242418FC007C0804040800487B
:109960005454542000043F444020003C4040207C9C
:10997000001C2040201C003C4030403C004428108B
:109980002844001CA0A0A07C004464544C4414143F
:109990001414141400000000000000000000000077
:1099A00000000000000000F800000000000000338C
:1099B0003000000000100C06100C06000000000033
:1099C0000000000040C07840C0784000043F04041C
:1099D0003F040400007088FC08300000001820FFDD
:1099E000211E0000F008F000E018000000211C0318
:1099F0001E211E0000F00888700000001E21232494
:109A00001927211010160E000000000000000000B1
:109A100000000000000000E0180402000000000741
:109A20001820400000020418E00000000040201848
:109A300007000000404080F0804040000202010F1B
:109A400001020200000000F0000000000101011FFF
:109A500001010100000000000000000080B0700063
:109A600000000000000000000000000000010101F3
:109A70000101010100000000000000000030300082
:109A8000000000000000000080601804006018065C
:109A90000100000000E010080810E000000F102096
:109AA00020100F00001010F8000000000020203FE0
:109AB000202000000070080808887000003028246A
:109AC000222130000030088888483000001820200B
:109AD00020110E000000C02010F800000007042430
:109AE000243F240000F80888880808000019212075
:109AF00020110E0000E0108888180000000F1120CF
:109B000020110E0000380808C83808000000003F87
:109B1000000000000070880808887000001C2221E6
:109B200021221C0000E010080810E0000000312293
:109B300022110F00000000C0C00000000000003033
:109B40003000000000000080000000000000806085
:109B50000000000000008040201008000001020406
:109B600008102000404040404040400004040404ED
:109B700004040400000810204080000000201008A9
:109B800004020100007048080808F00000000030DE
:109B900036010000C030C828E810E000071827246C
:109BA00023140B000000C038E0000000203C23021A
:109BB0000227382008F8888888700000203F20207D
:109BC00020110E00C03008080808380007182020AF
:109BD0002010080008F808080810E000203F2020A6
:109BE00020100F0008F88888E8081000203F202087
:109BF0002320180008F88888E8081000203F20007B
:109C000003000000C03008080838000007182020B2
:109C1000221E020008F808000008F808203F210171
:109C200001213F20000808F8080800000020203F1C
:109C30002020000000000808F8080800C08080808C
:109C40007F00000008F888C028180800203F200185
:109C50002638200008F8080000000000203F2020DF
:109C60002020300008F8F800F8F80800203F003FF6
:109C7000003F200008F830C00008F808203F20000E
:109C800007183F00E01008080810E0000F1020201F
:109C900020100F0008F808080808F000203F2101F4
:109CA00001010000E01008080810E0000F1824244B
:109CB00038504F0008F8888888887000203F2000BE
:109CC000030C302000708808080838000038202174
:109CD00021221C00180808F8080818000000203F7E
:109CE0002000000008F808000008F808001F2020E5
:109CF00020201F000878880000C8380800000738B6
:109D00000E010000F80800F80008F800033C070006
:109D1000073C0300081868808068180820302C036E
:109D2000032C30200838C800C83808000000203F45
:109D30002000000010080808C83808002038262134
:109D400020201800000000FE020202000000007F38
:109D500040404000000C30C0000000000000000146
:109D60000638C00000020202FE0000000040404031
:109D70007F00000000000402020204000000000056
:109D800000000000000000000000000080808080D3
:109D900080808080000202040000000000000000BB
:109DA0000000000000008080808000000019242254
:109DB00022223F2008F8008080000000003F112090
:109DC00020110E000000008080800000000E112095
:109DD00020201100000000808088F800000E112073
:109DE00020103F200000808080800000001F222281
:109DF00022221300008080F0888888180020203FED
:109E0000202000000000808080808000006B9494FF
:109E10009493600008F8008080800000203F2100BB
:109E200000203F2000809898000000000020203F84
:109E300020200000000000809898000000C0808072
:109E4000807F000008F8000080808000203F24020E
:109E50002D302000000808F8000000000020203FFE
:109E6000202000008080808080808000203F2000B3
:109E70003F20003F8080008080800000203F210044
:109E800000203F200000808080800000001F2020F4
:109E900020201F00808000808000000080FFA12023
:109EA00020110E000000008080808000000E112034
:109EB00020A0FF80808080008080800020203F21C3
:109EC0002000010000008080808080000033242476
:109ED00024241900008080E0808000000000001F22
:109EE000202000008080000000808000001F2020D3
:109EF00020103F20808080000080808000010E3094
:109F00000806010080800080008080800F300C03F4
:109F10000C300F0000808000808080000020312EF7
:109F20000E312000808080000080808080818E70D3
:109F30001806010000808080808080000021302C85
:109F40002221300000000000807C0202000000009E
:109F5000003F40400002027C800000000040403F83
:109F60000000000000000000FF00000000000000F2
:109F7000FF00000075191A0C6A231B1C1F20727445
:109F8000433B4138393A6B6C376F06246D6E700075
:109F90006800000476005401F7FD00018300000012
:109FA00000080000000100183200050000002041F8
:109FB0000000D242295C0F3E9A99993E3333733F99
:109FC000295C0F3E00007000000000240000000229
:109FD0000003000000650054FFEF0000FA80000B52
:109FE00012820001030C30C30E8C8CE914D54002A0
:109FF00013710F8E3883F8833000F883258EF88331
:10A000003000F883FFFFFFFF0FFEA9D624000400F5
:10A010001A8279A10000003CFFFF00000010000040
:10A0200038836FA2003E03304000000002CAE309FB
:10A030003E80000020000000000000004000000002
:10A0400060000000000C0000000C186E000006927A
:10A050000A16C0DFFFFF0256FD8CD377FFE1C496DE
:10A06000E0C5BEAA00000000FFFF0B2B0000165742
:10A07000000003594000000000001DFA00026C1DA2
:10A08000000000003FFFDFEB003EB3B6000D22787A
:10A0900000002F3C00000000001942B5000039A26A
:10A0A0000000B365D90E9FC91DCF4C3430000000AD
:10A0B000500000003BB67AE80064000000C80000D1
:10A0C00000000000100000001000FA921000225E54
:10A0D000000D229F0001000000320000FF4600003A
:10A0E00063D400001000000004D6000004CC00007F
:10A0F00004CC0000000010720000004000000000CE
:10A10000000000000006000200050007000000003B
:10A11000006400000000000000000005000500646D
:10A1200000200000000000000000000000004000CF
:10A130000000030000000032F8980000FF650000F6
:10A14000830F0000FF9BFC000000000000000000E7
:10A1500000000000000000000000000000000000FF
:10A1600000000000000000000000000000000000EF
:10A170000000100040000000000000060000B26A6D
:10A18000000200000001FB830068000000D9FC0011
:10A190007CF1FF830000000000650000006403E81C
:10A1A00000640028000000250000000016A0000048
:10A1B0000000100000001000002F0000000001F45B
:10A1C0000000100000280000FFFF4581FFFFFA7229
:10A1D0000000000000000000004400050005BAC6B1
:10A1E000004778A200000001000000000000060007
:10A1F000000000140000254D002F706D000005AE1A
:10A20000000C02D000000000000000000000000070
:10A2100000000000001B0000000000000000000023
:10A2200000000000006400000008000000000000C2
:10A23000000000000000000000000000000000001E
:10A24000000000000000000000000000000000000E
:10A2500000000000000000000000000000000000FE
:10A2600000000000000000000000000000000000EE
:10A2700000000000000000000000000000000000DE
:10A2800000000000001B00000000000000000000B3
:10A29000000E000E00000AC700040000000000329B
:10A2A000FFFFFF9C00000B2B0000000200000001DC
:10A2B00000000064FFE50000000000000000000056
:10A2C000000000000000000100000000000100008C
:10A2D00000000000000180000001800000018000FB
:10A2E000002426D30000000000000000000600103B
:10A2F0000096003C0000000000000000000000008C
:10A30000000000000C0A4E68CDCF7709501667593F
:10A31000C619CE820000000000000000000000000E
:10A3200000000000000000000000000017D78400BB
:10A33000030000000000000000000000C7938F9D94
:10A340001E1B1C190000000000000000000000009F
:10A35000000000000000000000000000020318855B
:10A3600000004000000000030000000300000000A7
:10A37000000000004000000000000000000000009D
:10A3800000000000000000000000000000000000CD
:10A3900000000000000000000000000000000000BD
:10A3A0000000000000000000677DDF7E72902E55E7
:10A3B0004CF6E688000000000000000000000000ED
:10A3C00000000000D8DCB4B8B0D8B9ABF3F8FAB3E9
:10A3D000B7BB8E9EAEF132F51BF1B4B8B08097F1E9
:10A3E000A9DFDFDFAADFDFDFF2AAC5CDC7A90CC96D
:10A3F0002C97F1A989264666B28999A92D557DB079
:10A40000B08AA896365676F1BAA3B4B280C0B8A87E
:10A410009711B28398BAA3F0240844106418B2B913
:10A42000B49883F1A329557DBAB5B1A38393F00005
:10A430002850F5B2B6AA839328547CF1B9A382932D
:10A4400061BAA2DADEDFDB819AB9AEF5606870F13D
:10A45000DABAA2DFD9BAA2FAB9A38292DB31BAA2E0
:10A46000D9BAA2F8DF85A4D0C1BBAD83C2C5C7B835
:10A47000A2DFDFDFBAA0DFDFDFD8D8F1B8AAB38D63
:10A48000B4980D355DB2B6BAAF8C96198F9FA70EF2
:10A49000161EB49AB8AA872C547CBAA4B08AB69176
:10A4A000325676B28494A4C808CDD8B8B4B0F19925
:10A4B00082A82D557D98A80E161EA22C547C92A41D
:10A4C000F02C5078F184A898C4CDFCD80DDBA8FC02
:10A4D0002DF3D9BAA6F8DABAA6DED8BAB2B68696FD
:10A4E000A6D0F3C841DAA6C8F8D8B0B4B882A8920A
:10A4F000F52C548898F135D9F418D8F1A2D0F8F990
:10A50000A884D9C7DFF8F883C5DADF69DF83C1D84B
:10A51000F40114F1A8824EA884F311D182F5D992E6
:10A52000289788F109F41C1CD884A8F3C0F9D1D964
:10A530009782F129F40DD8F3F9F9D1D982F4C20345
:10A54000D8DEDF1AD8F1A2FAF9A88498D9C7DFF8C3
:10A55000F8F883C7DADF69DFF883C3D8F40114F1B0
:10A5600098A8822EA884F311D182F5D992509788A9
:10A57000F109F41CD884A8F3C0F8F9D1D99782F175
:10A5800049F40DD8F3F9F9D1D982F4C403D8DEDF48
:10A59000D8F1AD8898CCA809F9D98292A8F57CF1B8
:10A5A000883ACF944A6E98DB6931DAADF2DEF9D899
:10A5B0008795A8F221D1DAA5F9F417D9F1AE8ED09A
:10A5C000C0C3AE82C684C3A88595C8A588F2C0F171
:10A5D000F4010EF18E9EA8C63E56F554F18872F431
:10A5E0000115F19845856EF58E9E0488F142985AC2
:10A5F0008E9E068869F4011CF1981E1108D0F5049E
:10A60000F11E970202983625DBF9D985A5F3C1DA48
:10A6100085A5F3DFD88595A8F309DAA5FAD8829243
:10A62000A8F578F1881A849F26889821DAF41DF31A
:10A63000D8879F39D1AFD9DFDFFBF9F40CF3D8FA13
:10A64000D0F8DAF9F9D0DFD9F9D8F40BD8F3879F2D
:10A6500039D1AFD9DFDFF41DF3D8FAFCA869F9F9D5
:10A66000AFD0DADEFAD9F88F9FA8F1CCF398DB45AA
:10A67000D9AFDFD0F8D8F18F9FA8CAF38809DAAF35
:10A680008FCBF8D8F2AD978D0CD9A5DFF9BAA6F328
:10A69000FAF412F2D8950DD1D9BAA6F3FADAA5F2E6
:10A6A000C1BAA6F3DFD8F1BAB2B68696A6D0CAF37D
:10A6B00049DAA6CBF8D8B0B4B8D8AD84F2C0DFF18F
:10A6C0008FCBC3A8B2B68696C8C1CBC3F3B0B4884B
:10A6D00098A821DB718D9D71859521D9ADF2FAD8AD
:10A6E0008597A828D9F408D8F28D29DAF405D9F28B
:10A6F00085A4C2F2D8A88D9401D1D9F411F2D887DB
:10A7000021D8F40AD8F28498A8C801D1D9F411D874
:10A71000F3A4C8BBAFD0F2DEF8F8F8F8F8F8F8F810
:10A72000D8F1B8F6B5B9B08A95A3DE3CA3D9F8D86C
:10A730005CA3D9F8D87CA3D9F8D8F8F9D1A5D9DF8A
:10A74000DAFAD8B18530F7D9DED8F830ADDADED80C
:10A75000F2B48C99A32D557DA083DFDFDFB591A0E6
:10A76000F629D9FBD8A0FC29D9FAD8A0D051D9F81C
:10A77000D8FC51D9F9D879D9FBD8A0D0FC79D9FA2D
:10A78000D8A1F9F9F9F9F9A0DADFDFDFD8A1F8F8F3
:10A79000F8F8F8ACDEF8ADDE8393AC2C547CF1A86D
:10A7A000DFDFDFF69D2CDAA0DFD9FADB2DF8D8A8A1
:10A7B00050DAA0D0DED9D0F8F8F8DB55F8D8A87870
:10A7C000DAA0D0DFD9D0FAF8F8F8F8DB7DF8D89C19
:10A7D000A88CF530DB38D9D0DEDFA0D0DEDFD8A8FA
:10A7E00048DB58D9DFD0DEA0DFD0DED8A868DB7028
:10A7F000D9DFDFA0DFDFD8F1A888902C547C98A89F
:10A80000D05C38D1DAF2AE8CDFF9D8B087A8C1C1FC
:10A81000B188A8C6F9F9DA36D8A8F9DA36D8A8F98D
:10A82000DA36D8A8F9DA36D8A8F9DA36D8F78D9D0D
:10A83000ADF818DAF2AEDFD8F7ADFA30D9A4DEF908
:10A84000D8F2AEDEFAF983A7D9C3C5C7F1889BA7B2
:10A850007AADF7DEDFA4F8849408A797F300AEF290
:10A860009819A488C6A39488F632DFF28393DB0993
:10A87000D9F2AADFD8D8AEF8F9D1DAF3A4DEA7F17D
:10A88000889B7AD8F38494AE19F9DAAAF1DFD8A8B4
:10A8900081C0C3C5C7A39283F628ADDED9F8D8A37B
:10A8A00050ADD9F8D8A378ADD9F8D8F8F9D1A1DA54
:10A8B000DEC3C5C7D8A18194F818F2B089ACC3C56E
:10A8C000C7F1D8B8B4B09786A8319B069907AB9763
:10A8D00028889BF00C201440B0B4B8F0A88A9A28BD
:10A8E0005078B79BA8295179247059446938644835
:10A8F00031F1BBAB88002C547CF0B38BB8A8042892
:10A900005078F1B088B49726A85998BBABB38B02A6
:10A91000264666B0B8F08A9CA82951798B295179CE
:10A920008A2470598B2058718A4469388B39406861
:10A930008A6448318B30496088F1AC002C547CF03B
:10A940008CA804285078F1889726A85998AC8C02D6
:10A95000264666F0899CA8295179247059446938A3
:10A96000644831A98809205970AB11384069A81989
:10A970003148608CA83C415C207C00F187981986A6
:10A98000A86E767EA999882D557DD8B1B5B9A3DF7B
:10A99000DFDFAED0DFAAD0DEF2ABF8F9D9B087C4E2
:10A9A000AAF1DFDFBBAFDFDFB9D8B1F1A3978E60CB
:10A9B000DFB084F2C8F8F9D9DED89385F14AB183C3
:10A9C000A308B5839A0810B79F10D8F1B0BAAEB0FB
:10A9D0008AC2B2B68E9EF1FBD9F41DD8F9D90CF11A
:10A9E000D8F8F8AD61D9AEFBD8F40CF1D8F8F8ADD1
:10A9F00019D9AEFBDFD8F416F1D8F8AD8D61D9F4D2
:10AA0000F4ACF59C9C8DDF2BBAB6AEFAF8F40BD8FB
:10AA1000F1AED0F8AD51DAAEFAF8F1D8B9B1B6A3CB
:10AA2000839C08B9B1839AB5AAC0FD3083B79F1043
:10AA3000B58B93F20202D1ABDADED8F1B080BAABBB
:10AA4000C0C3B284C1C3D8B1B9F38BA391B609B462
:10AA5000D9ABDEB0879CB9A3DDF1B38B8B8B8B8B2D
:10AA6000B087A3A3A3A3B28BB69BF2A3A3A3A3A374
:10AA7000A3A3A3A3A3F1B087B59AA3F39BA3A3DCDD
:10AA8000BAACDFB9A3A3A3A3A3A3A3A3A3A3A3A324
:10AA9000A3A3A3A3D8D8D8BBB3B7F1AAF9DAFFD937
:10AAA000809AAA28B48098A720B79787A86688F0CC
:10AAB0007951F1902C870CA781976293F0717160A6
:10AAC00085940129517990A5F1284C6C870C951833
:10AAD0008578A38390284C6C886CD8F3A28200F20E
:10AAE00010A8921980A2F2D926D8F188A84DD94889
:10AAF000D896A83980D93CD89580A839A68698D907
:10AB00002CDA87A72CD8A8899519A980D938D8A874
:10AB10008939A980DA3CD8A82EA83990D90CD8A8B0
:10AB2000953198D90CD8A809D9FFD801DAFFD89562
:10AB300039A9DA26FFD890A80D8999A81080982104
:10AB4000DA2ED88999A83180DA2ED8A88696318055
:10AB5000DA2ED8A8873180DA2ED8A88292F34180E5
:10AB6000F1D92ED8A882F31980F1D92ED882ACF36E
:10AB7000C0A28022F1A62EA72EA92298A829DAAC7D
:10AB8000DEFFD8A2F22AF1A92E8292A8F23180A685
:10AB900096F1D900AC8C9C0C30ACDED0DEFFD88CAA
:10ABA0009CACD010ACDE8092A2F24C82A8F1CAF22A
:10ABB00035F19688A6D900D8F1FF636C656465729B
:10ABC00000000000746F7263680000000000687588
:10ABD0006D00000000000000636C6F636B000000FC
:10ABE000000070726573730000000000737465707C
:10ABF0000000000000006D6F7265000000000000A2
:10AC00003000003100003200003300003400003515
:10AC100000003600003700003800003900003130F5
:10AC20000031310031320031330031340031350030
:10AC300031360031370031380031390032300032DE
:10AC400031003232003233003234003235003236D5
:10AC500000323700323800323900333000333100EF
:10AC60005375004D6F0054750057650054680046D9
:10AC70007200536100000000000011002200330048
:10AC8000440055006600000011001A0023002C004B
:10AC900035003E0000000B00160021002C0037009C
:10ACA00042004D00580063006E0079003C3C3C00BF
:10ACB0000000000000007265636F72640000000015
:10ACC000536F756E640000000000506F776572006E
:10ACD0000000000041626F75740000000000000079
:10ACE000140000001E0000002800000032000000D8
:10ACF0003C00000046000000000000000000F03FA3
:10AD0000000000000000F83F00000000000000000C
:10AD10000000004003B8E23F000000000000000017
:10AD200006D0CF43EBFD4C3E033333333333E33FA5
:10AD3000FFAB6FDBB66DDB3F4D268F515555D53FD1
:10AD400001411DA96074D13F65DBC9934A86CD3F9F
:10AD5000EF4E454A287ECA3F3E5555555555C53F8D
:10AD600093BDBE166CC166BF2CDE25AF6A56113F7F
:10AD7000F16BD2C541BDBBBED0A4BE726937663E81
:10AD8000000000000000000064656661756C74548A
:10AD900061736B0050726F64756374204944207254
:10ADA000656164206173203020696E646963617439
:10ADB00065732064657669636520697320656974CD
:10ADC00068657220696E636F6D70617469626C652D
:10ADD000206F7220616E204D5055333035302E0A71
:10ADE0000000000004AE000800000020B4010000D4
:10ADF000660B000870AE0008B40100206432000049
:10AE00001C4900083201821003AD24F41AAA014142
:10AE1000135C02422017AED580A83FD3101140A189
:10AE2000C8DA1281CFD9F1DB40A4A68D14AF137418
:10AE30009F1B08900401201A9C2432016904415A86
:10AE4000020469100114291CB237320B3217322464
:10AE50003231323E320D321B9A292C2914321932EA
:10AE60002672333218322C9A25042914C1000000AE
:04000005080000ED02
:00000001FF
