:020000040800F2
:10000000103400209D01000807300008D7220008A6
:1000100005300008BD0B000839470008000000004B
:1000200000000000000000000000000005010008C2
:100030003F0D00080000000049010008FD430008D2
:10004000B7010008B7010008B7010008B7010008B0
:10005000B7010008B7010008B7010008B7010008A0
:10006000B7010008410D0008470D0008B70100085E
:10007000B7010008B7010008B7010008B701000880
:10008000B7010008B7010008B7010008B701000870
:10009000B7010008B7010008B70100084D0D0008BE
:1000A00091440008B7010008B7010008B701000833
:1000B000B7010008B70100089D440008B701000817
:1000C000B7010008B7010008B7010008B701000830
:1000D000B7010008B7010008B7010008B701000820
:1000E000B7010008B7010008B7010008DFF810D019
:1000F00000F0D6FC0048004797630008AFF300808B
:1001000010340020224B19680868B0E8F00F80F323
:100110000988BFF36F8F4FF0000080F311884EF015
:100120000D0E70470000000006480068006880F36C
:10013000088862B661B6BFF34F8FBFF36F8F00DFE1
:1001400000BF00BF08ED00E0EFF30980BFF36F8F41
:100150000F4B1A6820E9F00F106008B54FF05000FF
:1001600080F31188BFF34F8FBFF36F8F08F05EFDF0
:100170004FF0000080F31188BDE808401968086856
:10018000B0E8F00F80F30988BFF36F8F704700BFAE
:1001900048000020EFF305807047000006488047C4
:1001A00006480047FEE7FEE7FEE7FEE7FEE7FEE75C
:1001B000FEE7FEE7FEE7FEE787440008ED000008E3
:1001C0002DE9F05F0546002092469B46884606468C
:1001D000814640241BE0284641464746224600F01F
:1001E00051F853465A46C01A914110D31146184649
:1001F000224600F059FB2D1A67EB01084F462246B4
:100200000120002100F050FB17EB00094E41201E99
:10021000A4F10104DFDC484631462A464346BDE8E6
:10022000F09F2DE9F0410024061B254671F10006E0
:1002300005DA01240027D0EB070067EB0101161E49
:1002400073F1000605DA0027D2EB0702012567EB00
:100250000303FFF7B5FF86460E4617469C46AC42A1
:1002600004D00025D0EB050E65EB010624B100207B
:10027000D2EB000760EB030C704631463A4663460A
:10028000BDE8F081202A04DB203A21FA02F00021A7
:10029000704721FA02F3D040C2F120029140084396
:1002A0001946704740EA01039B0703D009E008C9DB
:1002B000121F08C0042AFAD203E011F8013B00F82B
:1002C000013B521EF9D27047D2B201E000F8012B77
:1002D000491EFBD270470022F6E710B513460A46C6
:1002E00004461946FFF7F0FF204610BD30B504461E
:1002F0000020034600E05B1C934203D2E05CCD5C2F
:10030000401BF8D030BDF0B480EA0102D40F4200A7
:10031000B2EB410F02D20246084611464A0042D0D3
:10032000C30DDDB2C1F3C752AD1A202D35DAC1F3CA
:10033000160141F4000204B15242C5F1200602FA4E
:1003400006F12A411044B3EBD05F23D0C4B1012D94
:10035000A0EBC35009DCF0BC4FF0004202EAC352EC
:10036000DBB200F5000000F0C9BA400000F1807077
:1003700000EBC350A0F1807040EAD170490009E061
:10038000490841EAC071A0EBC35000F500004008E5
:1003900000EBC350F0BC00F0A8BA6142012202EBAE
:1003A0004101001BF6E7F0BC704781F00041AAE76D
:1003B00080F00040A7E780EA010210B502F0004398
:1003C000400022D04A001FD0010E01EB1261C0F3A1
:1003D0005600C2F3560240F4000042F40002A0FBB3
:1003E000022000047F39140400D0401C50EA12405F
:1003F00001D44000491EC2B20C0604EBD010401CD0
:100400004008802A02D003E0002010BD20F0010047
:10041000002900DA0020184310BD30B480EA010240
:1004200002F0004530F0004221F0004013D090B1BE
:10043000C30DD40DC2F31601C0F31600E41A41F443
:10044000000140F400027D34914201D3641C00E0BD
:100450004900002C02DA30BC002070474FF4000045
:100460000023914201D3891A034340084FEA410116
:10047000F7D151B1914202D14FF0004105E002D2D3
:100480004FF0010101E06FF0010103EBC45028447B
:1004900030BC00F02ABA420005D0C0F3C752524225
:1004A000914201DC0020704700EBC15070472DE9FC
:1004B000FE4F804681EA0300C00F0C46009021F0F9
:1004C000004123F00045B8EB0200A94105D24046A7
:1004D000214690461C460B46024623F0004010433E
:1004E00047D0270DC7F30A00C3F30A510290401A00
:1004F000019040286BDAC3F3130040F4801B00988E
:10050000924620B10023D2EB030A63EB0B0B019858
:100510005946C0F14002504600F0C6F906460D4665
:1005200050465946019A00F0CEF910EB080061419F
:10053000002487EA115284EAE7731A4340D0009AF4
:1005400062B3019A012A4FEA075215DC001B61EBE6
:1005500002014FF0004202EA0752CDE90042001CBE
:1005600041F5801132462B4600F005FA03B0BDE894
:10057000F08F40462146F9E7001B61EB0201001CA9
:1005800041F5801300185B412018A2F5001747EBD6
:10059000030140EAD570B6196D4111E06D084FEACC
:1005A000360645EAC0754FEA0752001B61EB0201AF
:1005B000001C41F5801149084FEA300000195141F3
:1005C00032462B4603B0BDE8F04F00F0C5B90098A5
:1005D000012240000023D0EB020263EBE07300989D
:1005E00021464FEAE074B8EB000061EB0401E9E753
:1005F00083F000435BE781F0004158E72DE9FE4FAF
:1006000081EA030404F0004421F0004100944FF01B
:10061000000B23F0004350EA01045ED052EA0304C9
:100620005BD0C3F30A54C1F30A552C44A4F2F3344B
:100630000194A0FB0254C1F3130141F48011C3F3F0
:10064000130343F4801301FB024400FB034E840AAE
:10065000970A44EA815447EA8357A4FB0768029546
:100660008D0A05FB07854FEA932C04FB0C542705E4
:10067000029D4FEA065847EA1637B5EB08056EEBC0
:10068000070C870E920E47EA811742EA8312A7FBF6
:100690000201B6EB0B0164EB00042B0D43EA0C33B3
:1006A0005E1844EB1C50DA465146E7FB0201C5F3E5
:1006B00013044FEA0B3343EA14534FEA0432019C0C
:1006C00043EA0603A4F10C040294009CCDE900B4B3
:1006D00000F051F903B0BDE8F08F00200146F9E7C2
:1006E0002DE9F04D81EA030404F0004B21F00045B0
:1006F00014464FF0000A23F0004150EA050220D0D2
:1007000054EA01021DD0C5F30A570246C5F313038C
:10071000C1F31300C1F30A5640F4801543F480136B
:10072000A7EB0608101BD64608F2FD3873EB050050
:1007300002D308F1010801E092185B41B8F1000F03
:1007400003DA00200146BDE8F08D00204FF480114F
:10075000064684460EE0171B73EB050705D3121BF4
:1007600063EB050306434CEA010C49084FEA3000ED
:1007700092185B4150EA0107EDD152EA030012D012
:1007800082EA040083EA0501084305D0101BAB414F
:1007900006D20122002306E000224FF0004302E0CF
:1007A0006FF0010253101AEB06004CEB085110EBEE
:1007B0000A0041EB0B01BDE8F04D00F0CDB8C10FD0
:1007C00080EAE0700844CA079623002100F096B83A
:1007D00096230022114600F091B80EB5C10F80EAB1
:1007E000E0700844CA07002140F233438DE80E0050
:1007F0000A460B4600F0BFF803B000BD00F000420F
:1008000020F00040C10DC0F3160040F400007F2925
:1008100001DA00207047962903DCC1F19601C84037
:1008200001E096398840002AF4D04042704720F019
:100830000040C10DC0F3160040F400007F2901DA2A
:1008400000207047962903DCC1F19601C84070472B
:1008500096398840704700F0004230F000400AD0DE
:10086000C10D01F56071C0F3160042EA0151C208E2
:1008700040071143704700200146704730B50B46D2
:10088000014600202022012409E021FA02F59D42C0
:1008900005D303FA02F5491B04FA02F52844151E94
:1008A000A2F10102F1DC30BD202A04DB203A00FA7B
:1008B00002F1002070479140C2F1200320FA03F3B7
:1008C000194390407047202A06DBCB17203A41FAA3
:1008D00002F043EAE07306E041FA02F3D040C2F1CD
:1008E000200291400843194670470029A8BF70476D
:1008F000401C490008BF20F00100704710B4B0FA56
:1009000080FC00FA0CF050EA010404BF10BC7047F0
:1009100049B1CCF1200421FA04F411FA0CF118BF0A
:10092000012121430843A3EB0C01CB1D4FEA0061D9
:100930004FEA102042BF002010BC704700EBC350AC
:1009400010440029A4BF10BC7047401C490008BFD8
:1009500020F0010010BC704710B5141E73F10004A4
:1009600008DA401C41F1000192185B411A4301D1A1
:1009700020F0010010BD2DE9F04D92469B4611B1CB
:10098000B1FA81F202E0B0FA80F220329046FFF72D
:100990008BFF04460F4640EA0A0041EA0B0153462A
:1009A0005A46084313D0114653EA010019D0C8F142
:1009B00040025046FFF766FC05460E465046594633
:1009C0004246FFF771FF084305D0012004E02046AE
:1009D0003946BDE8F08D0020054346EAE0762C4319
:1009E00037430A986305E40AA0EB08000022FD0AD9
:1009F00044EA47540A3002D500200146E9E70105E0
:100A000010196941DDE9084500196941BDE8F04D5B
:100A1000A2E770B521F0004303430CD0C1F30A559F
:100A20000024D5EB040564EB0403D617AD1AB341DB
:100A300002DB0020014670BD201841EB025170BD61
:100A4000C1F30A52C1F3130140F2FF3341F48011A4
:100A50009A4202DA00200146704740F233439A423C
:100A6000A2F2334202DC5242FFF70CBCFFF71CBF7C
:100A700030B5041E71F1000404DB4FF00044404225
:100A800064EB0101141E73F1000405DB1C464FF0FA
:100A90000043524263EB0403994208BF904230BDC9
:100AA000064C074D06E0E06840F0010394E80700BB
:100AB00098471034AC42F6D3FFF71CFB94AD000806
:100AC000B4AD00082DE9F04D00231A461B1A8A41E7
:100AD00003DB00200146BDE8F08DC1F30A52C1F3EB
:100AE000130141F480154FF0000BD10702D100181B
:100AF0006D41521E0027044640F2FF11384601EBBB
:100B0000620A3E468046024600204FF48011FFF7FD
:100B1000B9FBC2197141BB1846EB0100B4EB030CE1
:100B200075EB000C04D3E41A65EB000517460E467E
:100B3000241908F101006D4180463428E3DDF919DC
:100B400046EB0600091BA84103D24FF0FF321346C3
:100B500001E0002213461BEB070046EB0A51BDE8FB
:100B6000F04DFFF7F9BE70B58C1810F8015B15F069
:100B7000070301D110F8013B2A1106D110F8012B0F
:100B800003E010F8016B01F8016B5B1EF9D12B0734
:100B900005D40023521E0DD401F8013BFAE710F8EA
:100BA000013BCB1A921C03E013F8015B01F8015BD7
:100BB000521EF9D5A142D8D3002070BDFEE7000037
:100BC00011484188491C89B2418009291AD900215C
:100BD00041800C30C288521C92B2C280092A11D9BD
:100BE0008288521C92B28280C180052A0AD942882A
:100BF000521C92B242808180092A03D90288521C79
:100C000002804180704700002C010020012000F08C
:100C10000DB8000010B50221034800F01DFA0128AC
:100C200000D0002010BD000000080140044B08B1B6
:100C3000012200E000220221184600F012BA000052
:100C4000000801402DE9F05F82468B460020FFF747
:100C5000EDFF142005F0B2FB012202211C4800F038
:100C600000FA3C2007F03CFDFFF7D4FF4FF0FF39BE
:100C700058BB4FF47A742146012000F04EF820BB97
:100C80002146002000F049F8F8B900F023F8C5B279
:100C900000F020F800F0FF0800F01CF8C4B200F0EB
:100CA00019F8C7B200F016F8C6B20120FFF7BEFF70
:100CB00005EB080020443844B04206D1CAF8005081
:100CC0000020CBF80040BDE8F09F4846FBE700005D
:100CD000000801402DE9F04100242546671E4FF42D
:100CE0007A763146012000F018F870B9282007F014
:100CF000F7FC6400FFF78EFF012801D144F00104E6
:100D00003146002000F009F810B13846BDE8F08106
:100D10006D1C082DE5DB2046F8E770B50C4605464E
:100D200008E0FFF777FFA84201D1002070BD012045
:100D300007F0D6FC641EF4D24FF0FF3070BD704750
:100D4000082000F08DB8102000F08AB810B52020DF
:100D500000F086F8BDE81040402000F081B872B67F
:100D6000FEE7000070B5044600F080F90546601CFF
:100D700002D004480078044400F078F9401BA042F7
:100D8000FAD370BD000000202DE9F84F054608F0A9
:100D9000D7FA2E4C616A401AC8282BD308F0D0FA33
:100DA00060622B482B4FDFF8B0A02C4E4FF00108AB
:100DB0004FF40059402D1FD0202D2BD0102D37D0AF
:100DC000082D17D1082100F047F9012812D1306809
:100DD00001280FD1386800280CD18DF8038000233A
:100DE0001A466946206B08F00BF900224946504626
:100DF00000F037F9BDE8F88F402100F02DF9012807
:100E0000F8D130680128F5D138680028F2D18DF882
:100E10000080E4E7202100F01FF90128EAD13068C2
:100E20000128E7D138680028E4D18DF80180D6E7A1
:100E3000102100F011F90128DCD130680128D9D146
:100E400038680028D6D18DF80280C8E7100000204D
:100E5000000801402801002000100140240100206A
:100E6000044910B50A68024202D00860FFF78CFFFF
:100E700010BD0000140401402DE9F84FDFF8B891CF
:100E80000024A9F1040B23460F2709F1040AABF152
:100E9000040EC9E00125A5402A40AA427DD1674E33
:100EA000D1F804C0ACEB0608B44532D014DCBCF178
:100EB000030F3AD009DCBCF1000F2AD0BCF1010FBE
:100EC0001CD0BCF1020F31D11DE0BCF1110F17D0C5
:100ED000BCF1120F2AD119E0B8F5881F19D006DC31
:100EE000B8F5803F15D0B8F5801F1FD111E0B8F5D7
:100EF000001F0ED0B8F5041F18D10AE0CB6815E02A
:100F0000CB681B1D12E0CB6808330FE0CB680C33B5
:100F10000CE08B682BB1012B4FF0080303D0456127
:100F200004E0042302E0056100E00023FF2A01D869
:100F3000064601E000F104064FEA840501D9A5F157
:100F40002005D6F8008007FA05FC28EA0C0803FA09
:100F500005F548EA0508C6F800804D68ED0062D541
:100F6000374DAE6946F00106AE61AD6924F0030667
:100F700005F001050095334D06EB050CDCF8085033
:100F8000A607360F07FA06F825EA0805DFF8B88045
:100F9000404503D14FF0000817E044E0DFF8AC8093
:100FA000404502D14FF001080FE0DFF8A480404532
:100FB00002D14FF0020808E0DFF89880404502D1E6
:100FC0004FF0030801E04FF0040808FA06F848EA79
:100FD0000508CCF808804D68D9F80060ED024D4650
:100FE00001D5164300E096432E604D68DAF80060A4
:100FF000AD02554601D5164300E096432E604D687C
:10100000DBF80060AD035D4601D5164300E0964372
:101010002E604D68DEF80060ED03754601D516437D
:1010200000E096432E60641C0D682A46E5407FF47C
:1010300031AFBDE8F88F0000080401400000111036
:10104000001002400000014000080140000C014077
:1010500000100140001401408068084000D00120C9
:1010600070470AB1016170470904FBE701488068D5
:10107000704700000000002070B5040025D094F8EF
:101080003D00002520B984F83C50204600F078FA55
:10109000242084F83D002068016821F001010160EE
:1010A0002068016841F4004101602068016821F472
:1010B0000041016000F040FC4D4A6168914201D856
:1010C0004C4900E04C49884201D2012070BD4B4997
:1010D0002368B0FBF1F15E6826F03F060E435E60C8
:1010E0006368934206D94FF4967359434FF47A7369
:1010F000B1FBF3F12368491C1E6A26F03F06314319
:1011000019626168914210D84900401EB0FBF1F2AB
:10111000521CC2F30B02042A01D2042022E0B0FBCD
:10112000F1F0401CC0F30B001CE0A268F2B301EB2D
:10113000C10303EB0116431EB3FBF6F35B1C43F440
:1011400080431B0549D092B301EBC10202EB0111B0
:10115000401EB0FBF1F0401CC0F30B0040F4804097
:1011600040F400402168CA694CF6FF739A4310436B
:10117000C861D4E9071001432068026822F0C00268
:1011800011430160D4E9030101432068826848F2F9
:10119000FF339A4311438160D4E905010843216874
:1011A000CA6822F0FF021043C86001E00EE016E0BA
:1011B0002068016841F0010101602564202084F865
:1011C0003D00256384F83E50002070BD01EB4106D0
:1011D000431EB3FBF6F35B1CB3E70120C2E701EB50
:1011E0004101401EB0FBF1F0401CC0F30B00B7E71B
:1011F000A086010080841E0000093D0040420F00CF
:101200002DE9FF4F83B00025DDE910799A4693461A
:101210000446DDF848800095FFF728FF064694F85D
:101220003D0020287CD119230122854920460096C3
:1012300001F068F90028F5D194F83C0001286FD03E
:10124000012084F83C0020680168C90703D10168C7
:1012500041F0010101602068016821F40061016032
:10126000222084F83D00402084F83E002564676217
:10127000A4F82A90608D20857248E062CDE900864E
:1012800053465A462046049901F03EF800287DD185
:10129000208DDFF8B491202768B1012814D00228EE
:1012A000206801681ED041F48061016020684169B6
:1012B00080690090B6E02068416981690091016809
:1012C00041F400710160ADE02068016821F48061A3
:1012D000016072B62068416981690091016841F43A
:1012E00000710AE041F40061016072B62068416952
:1012F00081690091016821F48061016062B691E02A
:10130000032868D801280CD0022843464FF0000279
:101310004946204600960FD001F0F4F8B0BB10E02B
:101320008BE032464146204601F092F970BB2068BE
:101330000069616A08706CE001F0E4F830BB72B6D5
:1013400034E02068016821F48061016072B6206891
:101350000069616A0870606A401C6062208D401EEE
:101360002085608D401E6085384846F2A8110068CF
:10137000B0FBF1F0C0EBC00000EB80000090401E1D
:10138000009008D020684069C04300E029E0400791
:101390000CD50098F3E744F8305F6773A5732069B4
:1013A00040F02000206162B625731AE020680168D1
:1013B00041F40071016020680069616A0870606A28
:1013C000401C6062218D491E2185618D491E618509
:1013D00062B621681BE032464146204601F038F9EA
:1013E00018B1012007B0BDE8F08F20680069616A7C
:1013F0000870606A401C6062218D491E2185618DE4
:10140000491E618521684A69D24352070AD4096995
:101410000170606A401C6062208D401E2085608DD6
:10142000401E6085208D00287FF46AAF84F83D70EF
:1014300084F83E5084F83C50D4E70220D2E7000004
:10144000020010000000FFFF040001000C0000205B
:101450002DE9FF4F83B09A46DDE911979346044684
:10146000DDF84080FFF702FE054694F83D00202895
:101470007FD11923012240492046009501F042F80E
:10148000002876D194F83C00012872D0012084F81D
:101490003C0020680168C90703D1016841F00101DF
:1014A00001602068016821F400610160212084F856
:1014B0003D00402084F83E0000262664C4F82480C5
:1014C000A4F82A90608D20852C48E062CDE9007553
:1014D00053465A462046049900F094FF70B930E014
:1014E0002A463946204601F0EBF858B1206C042812
:1014F00004D12068016841F400710160012007B047
:10150000BDE8F08F606A216800780861606A401C5D
:101510006062218D491E89B22185628D521E6285CD
:1015200022685369DB435B070BD469B10078106113
:10153000606A401C6062208D401E2085608D401EC8
:101540006085208D0028CBD12A463946204600F000
:10155000ADFF0028CAD154F83D0B016841F4007179
:101560000160202004F81E09E67766770020C6E7B0
:10157000FFE70220C3E70000020010000000FFFFA9
:1015800030B585B0002100910191029103911E4D6B
:1015900003681E4C122103221D48AB4216D1A369D9
:1015A00043F00803A361A369039203F008030493C3
:1015B000C023CDE900316946FFF75EFCE06940F4E5
:1015C0000010E061E06900F4001019E0114DAB4239
:1015D00017D1A36943F00803A361A369039203F041
:1015E000080304934FF44063CDE900316946FFF7E7
:1015F00043FCE06940F48000E061E06900F48000B1
:10160000049005B030BD00000054004000100240BE
:10161000000C0140005800400248816802781144E3
:101620008160704700000020074810B5016841F054
:1016300010010160032000F0B7F80F2000F006F859
:1016400000F050F8002010BD0020024030B50546E3
:101650001F4887B0C16941F00401C161C06906A992
:1016600000F00400009001A800F046F90498B0B121
:1016700000F062F940001749174AB0FBF1F1174832
:10168000491E0260416040F2E7320021C0E90321B7
:101690008160816100F07AFB040003D015E000F066
:1016A0004BF9E8E70D4800F0CFFB04000DD11E20F8
:1016B00000F04DF8102D07D2002229461E2000F020
:1016C00053F80748056000E0012407B0204630BD0C
:1016D0000010024040420F0000080040A00200201D
:1016E000040000200F4808B5816941F001018161C3
:1016F000816901F001010091C16941F08051C1612E
:10170000C069002200F0805000900F21901E00F070
:101710002BF80548416821F0E06141F0007141601B
:1017200008BD0000001002400000014000280DDB51
:1017300000F01F02012191404009800000F1E020EB
:10174000C0F88011BFF34F8FBFF36F8F7047002831
:1017500009DB00F01F02012191404009800000F1E7
:10176000E020C0F800117047F0B40E4B1B680C4627
:10177000C3F30223C3F10705042D00D90425191D65
:10178000072901D2002300E0DB1E012606FA05F13D
:10179000491E214099409E40761E16403143F0BCC0
:1017A00003F004B80CED00E0064900F007020868F9
:1017B0004FF6FF03184040EA0220034A1043086036
:1017C000704700000CED00E00000FA052DE9F0473D
:1017D0000F46050061D0434E306800F00700B84264
:1017E00009D2306820F0070038433060306800F0DC
:1017F0000700B84251D128683B4C810712D54007F9
:1018000003D5606840F4E06060602878000703D585
:10181000606840F4605060606068A96820F0F00083
:10182000084360602878C00728D06868012810D075
:101830002168022810D0890700292EDA616821F07A
:10184000030101436160FFF711FC804641F28839D2
:101850000DE021688903EFE78901EDE7FFF706FC5A
:10186000A0EB0801494502D90320BDE8F087606874
:10187000696800F00C00B0EB810FEFD1306800F028
:101880000700B8420BD9306820F0070038433060B9
:10189000306800F00700B84201D00120E5E7287861
:1018A000400705D56068E96820F4E060084360609F
:1018B0002878000706D56068296920F4605040EA5E
:1018C000C100606000F048F86168084AC1F3031184
:1018D000515CC8400649086006480068FFF7B6FE3C
:1018E0000020C2E70020024000100240DA96000803
:1018F0000C000020040000200F2202600C4A5368F4
:1019000003F003034360536803F0F00383605368FC
:1019100003F4E063C36052684FF4E06303EAD20269
:1019200002610448006800F007000860704700008A
:101930000010024000200240044805490068496840
:10194000044AC1F30221515CC84070470C000020DA
:1019500000100240EA9600080E4A51680E4801F055
:101960000C03042B11D0082B0FD10C48C1F3834377
:10197000C903C05C0AD55168084AC1F34041921EB0
:10198000515C054A5043B0FBF1F0704704494843AD
:10199000704700000010024000127A00CA9600084A
:1019A00000093D002DE9F84F040070D02078C04DAB
:1019B000C00749D06868C0F38100012807D0686873
:1019C000C0F38100022809D16868C00306D52868E1
:1019D000800339D560680028E7D035E06068B0F54D
:1019E000803F0BD010B1B0F5A02F11D0286820F4A3
:1019F00080302860286820F4802002E0286840F4C5
:101A000080302860606890B1FFF730FB06460AE03E
:101A1000286840F480202860F0E700BFFFF726FB2D
:101A2000801B642873D828688003F7D50CE0FFF783
:101A30001DFB064605E000BFFFF718FB801B64286E
:101A4000F0D828688003F7D420789A4E80074FF0AA
:101A500001094FF0000839D5686810F00C0F07D065
:101A60006868C0F38100022809D16868C00306D401
:101A70002868800714D52069012808D110E0206962
:101A8000B0B1C6F80090FFF7F1FA074605E00AE1A9
:101A9000FFF7ECFAC01B0228C4D828688007F7D5E6
:101AA0002868616920F0F80040EAC10028600DE074
:101AB000C6F80080FFF7DAFA074604E0FFF7D6FA27
:101AC000C01B022823D828688007F7D42078000795
:101AD0002CD57948A169D9B1C0F80090FFF7C6FAB2
:101AE000074604E0FFF7C2FAC01B02280FD8686A55
:101AF0008007F7D571484FF4FA510068B0FBF1F058
:101B0000009000BF0098411E0091FAD20EE080E0E4
:101B1000C0F80080FFF7AAFA074604E0FFF7A6FA2C
:101B2000C01B022875D8686A8007F7D42078400760
:101B300060D5E8690027C00008D4E86940F080500B
:101B4000E861E869012700F0805000905C48016876
:101B5000C90513D40168834641F480710160FFF721
:101B600085FA824606E000BFFFF780FAA0EB0A0084
:101B700064284ED8DBF80000C005F5D5E0680128E0
:101B80000AD008B1052813D0286A20F00100286285
:101B9000286A20F0040002E0286A40F00100286270
:101BA000E06841F2883B98B1FFF760FA82460BE0AB
:101BB000286A40F004002862EEE700BFFFF756FAFB
:101BC000A0EB0A0159455AD8286A8007F6D50CE0DF
:101BD000FFF74CFA824605E0FFF748FAA0EB0A014E
:101BE00059454CD8286A8007F6D41FB1E86920F01F
:101BF0008050E861E06988B36968C1F38101022916
:101C000044D00228C6F8608004D0FFF72FFA0446BB
:101C100038E034E0FFF72AFA074604E0FFF726FA37
:101C2000C01B02282BD828688001F7D4206AB0F5A1
:101C3000803F05D16868A16820F4003008436860DF
:101C4000D4E908010843696821F474110843686005
:101C5000C6F86090FFF70AFA044606E025E000BFE8
:101C6000FFF704FA001B022809D828688001F7D57D
:101C70001BE000BFFFF7FAF9001B022802D903207E
:101C8000BDE8F88F28688001F4D40EE00128F7D071
:101C90006868226A00F48031914204D1616A00F4DC
:101CA0007010884201D00120EAE70020E8E7000038
:101CB0000010024000004242800442420C0000201A
:101CC000007000407047704770B590F83C20012AC2
:101CD00026D0012480F83C40022280F83D20036891
:101CE0005A689D6822F070060A6832435A600D4BAC
:101CF00002689A4208D0B2F1804F05D00A4B9A424E
:101D000002D00A4B9A4204D1496825F08003194356
:101D1000916080F83D40002180F83C10084670BD7D
:101D2000022070BD002C014000040040000800406B
:101D300010B50446022084F83D002068016A41F293
:101D40001112114207D1016A9210114203D10168A8
:101D500021F001010160204600F046F8002084F8DF
:101D6000460084F83E0084F83F0084F8400084F880
:101D7000410084F8420084F8430084F8440084F869
:101D8000450084F83D0084F83C0010BD10B5040007
:101D900003D094F83D0010B107E0012010BD0020F1
:101DA00084F83C00204600F031F8022084F83D0021
:101DB000211D206802F078FB012084F8460084F899
:101DC0003E0084F83F0084F8400084F8410084F825
:101DD000420084F8430084F8440084F8450084F805
:101DE0003D00002010BD000000680649884207D170
:101DF0000548816921F4006181611820FFF796BCD4
:101E000070470000002C01400010024008B5006837
:101E10000B49884212D10B48816941F4006181610C
:101E20008069002200F40060009005211820FFF76F
:101E30009BFCBDE808401820FFF789BC08BD0000E6
:101E4000002C01400010024090F83D10012901D003
:101E500001207047022180F83D100168CA6842F0F5
:101E60000102CA6000680B49884208D0B0F1804F77
:101E700005D00949884202D00849884204D18168C6
:101E800001F00701062903D0016841F0010101605A
:101E900000207047002C0140000400400008004072
:101EA00070B5044690F83C000025012817D00126A3
:101EB00084F83C60022084F83D002068826822F0AB
:101EC000770222F47F4282600868502838D00DDC07
:101ED00020284FD005DC90B3102811D14AE0022011
:101EE00070BD302846D040280AD13BE060282FD072
:101EF00070280DD0B0F5805F03D0B0F5005F12D030
:101F0000012584F83D60002084F83C00284670BD1F
:101F1000CB68D1E90121206802F009FB20688168C3
:101F200041F0770109E0CB68D1E90121206802F096
:101F3000FEFA2068816841F480418160E1E719E0A0
:101F4000CA684968206802F0A7FB5021206806E0B3
:101F5000CA684968206802F0B0FB6021206802F07E
:101F6000F0FACEE7CA684968206802F095FB402184
:101F70002068F4E7226801461046F0E7704770B524
:101F80000446006801694FF00005C943890715D46C
:101F9000C168C943890711D4E91E01610120207776
:101FA000206880698007204602D0FFF7E7FF04E041
:101FB00000F098F8204600F0FCF8257720680169C9
:101FC000C943490717D4C168C943490713D46FF0FF
:101FD00004010161022020772068806910F4407FAD
:101FE000204602D0FFF7CAFF04E000F07BF820464D
:101FF00000F0DFF8257720680169C943090716D486
:10200000C168C943090712D46FF0080101610420B7
:1020100020772068C0698007204602D0FFF7AEFF16
:1020200004E000F05FF8204600F0C3F82577206850
:102030000169C943C90617D4C168C943C90613D485
:102040006FF010010161082020772068C06910F44A
:10205000407F204602D0FFF791FF04E000F042F8F5
:10206000204600F0A6F8257720680169C943C90712
:1020700008D1C168C943C90704D1891E016120463E
:1020800000F01EF920680169C943090609D4C16836
:10209000C943090605D46FF0800101612046FFF7AE
:1020A00011FE20680169C943490609D4C168C943C2
:1020B000490605D46FF040010161204600F00AF99D
:1020C00020680169C94389060BD4C168C9438906E0
:1020D00007D46FF0200101612046BDE87040FFF792
:1020E000F2BD70BD704770B5044690F83C00002604
:1020F0000D4601280FD0012084F83C006AB1042A63
:102100001DD0082A2FD00C2A3FD00126002084F8A9
:102110003C00304670BD022070BD206802F01AFA03
:102120002068816941F0080181612068816921F09E
:1021300004018161206881692A69114311E02068E6
:1021400002F030FA2068816941F400618161206801
:10215000816921F480618161206881692A6941EA8D
:1021600002218161D2E7206802F048FA2068C16943
:1021700041F00801C1612068C16921F00401C16119
:102180002068C1692A69114311E0206802F062FAEF
:102190002068C16941F40061C1612068C16921F40E
:1021A0008061C1612068C1692A6941EA0221C16177
:1021B000ACE7704710B50446022249B104290ED09D
:1021C000082913D094F84100012816D0012010BD31
:1021D00094F83E000128F9D184F83E200FE094F8ED
:1021E0003F000128F2D184F83F2008E094F8400035
:1021F0000128EBD184F8402001E084F8412001223D
:10220000206802F087F90F492068884203D1426CA8
:1022100042F4004242642068884208D0B0F1804F06
:1022200005D00949884202D00849884204D1816812
:1022300001F00701062903D0016841F001010160A6
:10224000002010BD002C01400004004000080040A8
:1022500030B504460D460068002202F05BF9174BCA
:1022600041F2111120688A10984209D1036A0B4289
:1022700006D1036A134203D1436C23F40043436441
:102280002068036A0B4206D1016A114203D101683A
:1022900021F00101016001203DB1042D08D0082D7D
:1022A00009D084F84100002030BD84F83E00FAE7F0
:1022B00084F83F00F7E784F84000F4E7002C014081
:1022C00000680349884201D1FFF7A6B970470000B2
:1022D000000800407047FEE701684A69D243520592
:1022E0000FD46FF480624A61002140F8301F202231
:1022F00042738173026942F004020261017301209A
:1023000070470020704700002DE9F84F0446006830
:1023100089460B9D01689846174641F4806101602B
:102320002068016841F48071016000954FF0011B45
:102330000022594620460A9B00F0E4F84FF4007A48
:1023400040B120680068C00501D5C4F840A0032052
:10235000BDE8F88F216809F0FE0008612B46284986
:1023600020460A9A00F016F9F0BB2068416980699E
:1023700000902A4620460A9900F0A2F940B1206C4C
:1023800004283AD12068016841F40071016034E00A
:10239000FEB2B8F1010F09D02168380A08612A4657
:1023A00020460A9900F08CF90028E8D120680661DF
:1023B0002A4620460A9900F083F90028DFD12068D8
:1023C000016841F480710160009500225946204661
:1023D0000A9B00F097F80028B3D1216809F0FF00AC
:1023E00040F00100086100E007E02B460449204668
:1023F0000A9A00F0CFF80028AAD00120A8E7000030
:10240000020001002DE9F843044600680D46DDE9AD
:10241000089701689846164641F4807101604B4662
:1024200000224FF001112046009700F06BF848B1F0
:1024300020680068C00502D54FF4007020640320B6
:10244000BDE8F883216805F0FE0008613B464A4676
:102450001549204600F09EF888B9206841698069D6
:1024600000903A464946204600F02AF948B1206CCF
:10247000042804D12068016841F400710160012042
:10248000DEE7F5B2B8F1010F09D02168300A086122
:102490003A464946204600F013F90028E7D1206863
:1024A00005610020CCE700000200010070B516466F
:1024B0000D4604461EE02046FFF70EFF08B101203E
:1024C00070BD681C16D0FEF7D1FD801BA84200D855
:1024D00085B920684069C04340070BD5002044F807
:1024E000300F20216173A073216941F02001216127
:1024F0002073E4E720684069C0434007DBD4002034
:1025000070BD00002DE9F047984617460D46044679
:10251000C1F30746DDF820902AE000BFB8F1FF3F85
:1025200026D0FEF7A3FDA0EB0901414502D8B8F182
:10253000000F1DD12068012E16D0806925EA000009
:102540000004000C12D00020B84211D1002044F841
:10255000300F20216173A073216941F020012161B6
:1025600020730120BDE8F0874069E7E70120EBE731
:102570002068012E0AD0806925EA00000004000CC2
:1025800006D00020B842C9D00020EBE74069F3E74D
:102590000120F7E72DE9F047984616460D46044618
:1025A0004FF000094FF0200AC1F3074723E02068ED
:1025B0004069C043400515D42068016841F40071AA
:1025C000016021686FF480604861C4F8309084F83D
:1025D0003DA084F83E90216C41F00401216484F810
:1025E0003C9021E0701C06D0FEF740FDA0EB0800F7
:1025F000B04203D816B1012F1FD021E02068012F6F
:1026000015D0806925EA00000004000C18D000BF36
:1026100044F8309F84F80DA084F80E90216941F0B1
:102620002001216184F80C900120BDE8F087406909
:1026300025EA00000004000CEAD12068406901E0AE
:102640002068806925EA00000004000CAFD1ECE7A7
:102650002DE9F041002590460E460446202728E04B
:102660004069C043C0060CD454F8301B6FF0100012
:10267000486144F810596777A577206A206225776A
:1026800014E0FEF7F3FCA0EB0800B04200D886B9D6
:1026900020684069C04340060BD544F8305F67733B
:1026A000A573206940F02000206125730120BDE85A
:1026B000F08120684169C9434906D1D40020F6E77A
:1026C00070B516460D4604461EE02046FFF704FE90
:1026D00008B1012070BD681C16D0FEF7C7FC801B36
:1026E000A84200D885B920684069C04300060BD5D0
:1026F000002044F8300F20216173A073216941F05C
:10270000200121612073E4E720684069C04300068E
:10271000DBD4002070BD7CB514460D4606466B46E2
:1027200006223B21682000F0A9F900280BD1BDF852
:10273000001049BA3180BDF8021049BA2980BDF8AD
:10274000041049BA21807CBD70B5104D4FF48074DF
:10275000002221462846FEF784FC00F0D5F900222D
:1027600061002846FEF77DFC022005F0B9FF01223A
:1027700021462846FEF775FC022005F0B1FF2146F0
:102780002846BDE870400022FEF76BBC000C0140FB
:102790007FB5002002904FF440740120CDE9004045
:1027A0000320064D039069462846FEF765FB01228B
:1027B00021462846FEF755FC7FBD0000000C014075
:1027C00070B5104D4FF48074002221462846FEF764
:1027D00048FC00F099F9012251022846FEF741FC1D
:1027E000022005F07DFF012221462846FEF739FC34
:1027F000022005F075FF21462846BDE87040002202
:10280000FEF72FBC000C01402DE9F0478046002464
:1028100000F06AF9164F00254FF480764FF40079E6
:10282000002231463846FEF71CFC022005F058FF16
:10283000012231463846FEF714FC6006040E494674
:102840003846FEF709FC08B1641CE4B2022005F02A
:1028500047FF6D1CEDB2082DE2D3B8F1000F04D094
:10286000FFF772FF2046BDE8F087FFF7A9FFF9E701
:10287000000C01402DE9F041054600F045F9144EE9
:102880004FF48077002239463046FEF7EAFB0024F9
:102890004FF40078EA0941463046FEF7E2FB68064D
:1028A000050E012239463046FEF7DBFB022005F01B
:1028B00017FF002239463046FEF7D3FB022005F011
:1028C0000FFF641CE4B2082CE4D3BDE8F0810000E3
:1028D000000C014070B500F017F901220E4D5402B2
:1028E00021462846FEF7BDFB012216023146284646
:1028F000FEF7B7FB022005F0F3FE00222146284632
:10290000FEF7AFFB022005F0EBFE31462846BDE89E
:1029100070400022FEF7A5BB000C014070B500F02E
:10292000F3F8104D4FF48074002221462846FEF73C
:1029300098FB6600002231462846FEF792FB0220F3
:1029400005F0CEFE012221462846FEF78AFB012231
:1029500031462846FEF785FBBDE87040022005F0B1
:10296000BFBE0000000C01402DE9F041002400F042
:10297000BBF80122144D560231462846FEF771FB82
:10298000022005F0ADFE0122170239462846FEF767
:1029900068FB022005F0A4FE08E0641CE4B2FA2CF7
:1029A00004D9FFF7BBFF0120BDE8F081314628467E
:1029B000FEF752FB0028F0D1002239462846FEF7E8
:1029C00050FB0020F0E70000000C014010B5FFF7BD
:1029D000DFFE80216B2000F0E2F8642003F0EEFCC3
:1029E00000216B2000F0DBF8032000F0A4F80020A9
:1029F00000F09CF8322000F0BBF80021382000F0F5
:102A0000CEF800216A2000F0CAF80021232000F04F
:102A1000C6F88021372000F0C2F8752000F011F8C8
:102A2000682801D0012010BD01216B2000F0B7F80B
:102A300000216C2000F0B3F8322000F099F800205B
:102A400010BD10B50446FFF745FFD020FFF712FF79
:102A5000FFF78AFF2046FFF70DFFFFF785FFFFF71F
:102A600039FFD120FFF706FFFFF77EFF0020FFF7B9
:102A7000CBFE0446FFF752FF204610BD2DE9F04182
:102A80001D4614460F460646FFF724FF7006000E4B
:102A9000FFF7F0FEFFF768FF20B1FFF73FFF0120CF
:102AA000BDE8F0813846FFF7E5FEFFF75DFFFFF771
:102AB00011FF012000EB4600C0B2FFF7DBFEFFF77D
:102AC00053FF09E0012C0DD05FF00100FFF79CFEE1
:102AD000641E05F8010BE4B2002CF3D1FFF71EFFD2
:102AE0000020DDE70020F1E71FB5002001900290F3
:102AF0004FF4007000900320039069460148FEF7F0
:102B0000BBF91FBD000C01401FB5002002904FF41F
:102B10000070009001200190032003906946024854
:102B2000FEF7AAF91FBD0000000C0140C006010E0F
:102B30001C2000F034B8C006010E1B2000F02FB896
:102B4000BC2801D3012110E0622801D302210CE04E
:102B50002A2801D3032108E0142801D3042104E02A
:102B60000A2801D3052100E006211A2000F017B839
:102B700010B504464FF47A70844201D9044602E04D
:102B8000042C00D20424B0FBF4F0401EC1B2192082
:102B900000F005F86008BDE81040FFF7D1BF70B540
:102BA0000C460546FFF796FED020FFF763FEFFF7C1
:102BB000DBFE50B92846FFF75DFEFFF7D5FE204645
:102BC000FFF758FEFFF7D0FE18B1FFF7A7FE012070
:102BD00070BDFFF7A3FE002070BD2DE9F0411E4639
:102BE00015460F460446FFF775FE6006000EFFF718
:102BF00041FEFFF7B9FE60B93846FFF73BFEFFF72D
:102C0000B3FE00240CE0305DFFF734FEFFF7ACFEAE
:102C100020B1FFF783FE0120BDE8F081641CE4B21F
:102C2000AC42F0D3FFF77AFE0020F5E77CB502F066
:102C300009FC44480090002301224FF47A7142A01D
:102C400006F0C4FC424D00230122A86241480090D6
:102C5000642141A006F0BAFC0421E8620022084683
:102C600006F082F828633E4A00213E4804F046FA06
:102C7000686328461824CDE90040002380223AA149
:102C80003D4806F0F1FA281DCDE9004000238022DE
:102C90003AA13E4806F0E8FA05F10800CDE9004007
:102CA0004FF480760023324639A13E4806F0DCFA24
:102CB00005F11000CDE90040002380223AA13F48F1
:102CC00006F0D2FA05F11800CDE900400023802279
:102CD0003BA13F4806F0C8FA05F11C00CDE90040D1
:102CE000002332463BA13F4806F0BEFA05F10C0036
:102CF000CDE90040002380223BA1404806F0B4FA11
:102D000005F11400CDE90040002380223CA1414898
:102D100006F0AAFA05F12000CDE900400023802248
:102D20003DA1414806F0A0FA012809D00020286200
:102D3000BDE87C404FF4C8714FF47A6002F06ABB82
:102D40007CBD0000E146000854696D6572310000E9
:102D500010000020C10B000854696D65723200003C
:102D6000F4960008D543000853686F7754696D6581
:102D70005461736B000000002142000853686F77B4
:102D80004D656E755461736B00000000913B000847
:102D900053686F7743616C656E6461725461736BE5
:102DA000000000009535000853686F77466C61732A
:102DB000684C696768745461736B0000C93A000815
:102DC00053686F7744485431315461736B0000008D
:102DD0009139000853686F77424D50323830546152
:102DE000736B00002534000853686F77436C6F6382
:102DF0006B54696D655461736B00000025380008E1
:102E000053686F7753657474696E675F5461736B51
:102E100000000000013D000853686F77537465702F
:102E20005461736B00000000553F0008F0B585B099
:102E3000002534480095019502950395816941F07C
:102E400010018161816901F010010491816941F0F3
:102E500020018161816901F020010491816941F0C3
:102E600004018161816901F004010491816941F0EB
:102E7000080181618069244E00F008004FF400547D
:102E80000490002221463046FEF7EBF81F4F002247
:102E900002213846FEF7E5F800940124CDE901450A
:102EA0000225694630460395FDF7E6FF1120CDE97E
:102EB000005069463846CDE90245FDF7DDFF782030
:102EC00000901348CDE9010469463846FDF7D4FF68
:102ED000002205210920FEF747FC0920FEF737FCF8
:102EE000002205210A20FEF73FFC0A20FEF72FFCF6
:102EF000002205211720FEF737FC1720FEF727FCDC
:102F000005B0F0BD00100240001001400008014073
:102F1000000011100D4810B50B4901600C494160CB
:102F200000214FF480428160C0E903124161816158
:102F3000C1610162FEF7A0F8002803D0BDE810408F
:102F4000FDF70DBF10BD000000540040B00100208F
:102F5000801A06000D4810B50B4901600C4941600C
:102F600000214FF480428160C0E903124161816118
:102F7000C1610162FEF780F8002803D0BDE810406F
:102F8000FDF7EDBE10BD0000005800400402002017
:102F9000801A060010B586B00024194800940194E8
:102FA00002940394049415490594016041F61F416D
:102FB000C0E9011442F20F71C1604FF48071C0E9A1
:102FC000041480218161FEF7E1FE08B1FDF7C7FE20
:102FD0004FF48050009069460948FEF761FF08B140
:102FE000FDF7BDFE049404A905480594FEF76CFEA8
:102FF000002801D0FDF7B3FE06B010BD002C014043
:1030000058020020FEE7FEE770B5002404F1B0008E
:10301000C0B200F00FF9002000F00CF9102000F011
:1030200009F90025002000F017F96D1CEDB2802D84
:10303000F8D3641CE4B2082CE8D370BD10B58D2021
:1030400000F0F8F8142000F0F5F8BDE81040AF20CB
:1030500000F0F0B870B5C820FDF784FE044D0024E0
:10306000285D00F0E7F8641CE4B2172CF8D370BDBB
:10307000C800002070B5002404F1B000C0B200F018
:10308000D9F8002000F0D6F8102000F0D3F8002581
:10309000FF2000F0E1F86D1CEDB2802DF8D3641C28
:1030A000E4B2082CE8D370BD10B50446B031C8B204
:1030B00000F0C0F8102040EA141000F0BBF804F053
:1030C0000F00BDE8104000F0B5B800002DE9F04752
:1030D000203A0024089E0F468146D5B27F2803D9A6
:1030E00000208F1C8146FFB2102B394612D0FFF70B
:1030F000DBFF1B4905EB450001EB4005285D0EB1E8
:10310000C043C0B200F0A8F8641CE4B2062CF5D3AA
:10311000BDE8F087FFF7C8FFDFF8488004EB051132
:1031200018F801000EB1C043C0B200F095F8641C5D
:10313000E4B2082CF2D37F1CF9B24846FFF7B4FF83
:103140000024474604EB05103844007A0EB1C04312
:10315000C0B200F081F8641CE4B2082CF2D3D7E7C7
:1031600018970008409900082DE9FF4F81B000260C
:10317000DDE90EA91D469346804634464FEA5A07BC
:1031800027E0281B401EC1B20A2003F059FFBBFBF9
:10319000F0F00A21B0FBF1F201FB120026B9691E22
:1031A0008C4201DA48B101263030C2B207FB0480FC
:1031B000C0B25346CDF8009006E007FB0480C0B2D1
:1031C00053462022CDF800900299FFF77FFF641C40
:1031D000E4B2AC42D5D305B0BDE8F08F2DE9F84399
:1031E0001E461746894604460025DDF8208014E077
:1031F000334649462046CDF80080FFF767FF0C2E86
:1032000010D00834E4B27A2C01D90C2E0CD0782CD2
:1032100001D9102E08D06D1CEDB27A5D002AE7D1DD
:10322000BDE8F883A41DEDE709F10100002400F0DA
:10323000FF09F0E701B584B001214FF4807204A8C2
:103240008DE807000B46002278210248FEF700F9BE
:1032500005B000BDB001002001B584B001214FF4DC
:10326000807204A88DE807000B46402278210248AE
:10327000FEF7EEF805B000BDB001002001000448E3
:103280004FF00001006801D0FEF794BFFEF7E0BFE9
:10329000C000002070B58CB01C216846FDF71BF8FB
:1032A0004FF480700225CDE90705002407A91048D6
:1032B000CDE90945FDF7E0FD0F4E0E484722316884
:1032C00015C140F2E732E1E80224802261E80442BD
:1032D00001F0EAF860200090049440F2F310CDE988
:1032E0000105002269463068FEF7FDFE0CB070BD96
:1032F00000080140002C0140C00000202DE9F041F1
:1033000088B0884606461C216846FCF7E4FF1A4C44
:1033100000212068FEF79CFF2068FEF709FD206869
:103320001649002501604721C0E90115144F97FB9C
:10333000F6F1491EC0E903158021C0E90551FEF7E9
:1033400025FD602000900220029097FBF6F0401EC1
:1033500000FB08F0642190FBF1F00495019000223D
:1033600069462068FEF7BFFE00212068FEF722FFB5
:1033700008B0BDE8F0810000C0000020002C014032
:1033800040420F00F8B51A4C0025A4F1240620682D
:103390000095C11700EB5170C0F3C70130791023BD
:1033A00014A2FFF71BFF60680095C11700EB517076
:1033B000C0F3C7013079102311A2FFF70FFFA068F7
:1033C0000095C11700EB5170C0F3C701307910238D
:1033D0000EA2FFF703FFE0680095C11700EB5170E4
:1033E000C0F3C701307910230BA2FFF7F7FEF8BD39
:1033F000640100207468616E6B20796F75000000B5
:10340000666F6C6C6F77696E670000006D79207075
:10341000726F6A656374000040636873266D7A6B2F
:1034200000000000A6B002F00DF84A4D286820B157
:10343000012251034848FDF714FEFFF70BFEFFF78A
:10344000E3FD22A801F02CFF7620ADF85C00434894
:10345000189022A90EA801F0BFFE9DF86A0060280E
:1034600076D000270024A8464FF47A79CDF884401E
:10347000FFF7CAFD20AB1EAA1FA90EA801F0A0FFEE
:103480001F98FDF7E8F905460E461E98FDF7E3F98B
:103490002A46334602F09AF805460E461E98FDF776
:1034A000DAF902460B462EA101A801F057F90021D6
:1034B000102301AA08460094FFF790FE1F98FDF71D
:1034C000CAF902460B4629A101A801F047F91023C9
:1034D00001AA022100200094FFF780FE2A4633460D
:1034E00025A101A801F03AF9102301AA0421002026
:1034F0000094FFF773FE7FB12098FDF7ACF9024608
:103500000B4620A101A801F029F9102301AA0621E8
:1035100000200094FFF762FE4A4621A9D8F8000077
:1035200005F0CCFD0128A3D19DF8870001289FD18B
:10353000642140F6C41001F06DFF1548006805F0E5
:103540009DFA002005F01CFB8DF8874090E7FFE70F
:10355000012787E7400000200010014004020020FE
:103560007072653A20252E306600000074656D701B
:103570003A20252E31660000616C743A20252E31E8
:103580006600000068756D3A20252E316600000047
:1035900014000020B0B001F055FF6248006820B16F
:1035A000012251036048FDF75CFDFFF753FDFFF773
:1035B0002BFD60225D4901A8FCF774FE5B491822CF
:1035C000603121A8FCF76EFE58480DF1680C783088
:1035D0000FC88CE80F00554A1EAB883207CA83E833
:1035E000070052491822943128A8FCF75BFE0020FE
:1035F000814601260DF1680805462790FFF704FD76
:1036000000240DF1840A474604EB440101EB0A0251
:103610000095B84617F814000C230121FFF7DEFDD2
:10362000641C062CF0DD304602F0D5FE83464FF4D4
:10363000FD6002F080FE84B201224FF0070A09E02B
:10364000104602F0C8FE011991FBFAF30AFB1310B1
:1036500084B2521CB242F3D301272E9421E000BF62
:10366000B4FBFAF10AFB11402E99641CC1F1070169
:10367000B94201D3002103E018B909F10101C9B22F
:10368000894607EB470201A91EAB00950A4433F8AF
:10369000191018F81000C1F3C7010C23FFF79EFDA5
:1036A0007F1C5F45DCD92798009500EB400101A8FD
:1036B0000A180C2304217520D21CFFF78FFD19482E
:1036C0004FF0FF3219A9006805F0F8FC9DF864007E
:1036D000012812D1642140F6C41001F09BFE279806
:1036E000761C401CC0B227900B2801D900202790DF
:1036F0000C2E00D901268DF864509DF86700012832
:103700007FF47CAF642140F6C41001F083FE0848CA
:10371000006805F0B3F9002005F032FA8DF8675023
:103720006CE700004000002000100140ACAB000836
:10373000140000207CB50024102334A2022120466E
:103740000094FFF74BFD102332A2062100200094C5
:10375000FFF744FD1025314ECDE900543288012396
:1037600002212820FFF700FDCDE9005472880123D3
:1037700002213020FFF7F8FC102329A20221382073
:103780000094FFF72BFDCDE90054B28801230221FC
:103790004020FFF7E9FCCDE90054F2880123022123
:1037A0004820FFF7E1FCCDE90054083601233288B8
:1037B00006212820FFF7D8FCCDE9005472880123A8
:1037C00006213020FFF7D0FC102315A20621382057
:1037D0000094FFF703FDCDE90054B28801230621D0
:1037E0004020FFF7C1FCCDE90054F28801230621F7
:1037F0004820FFF7B9FCCDE90054A6F10C000123E5
:10380000428804215E20FFF7AFFC7CBD5365743A0B
:10381000000000005265743A0000000030010020F2
:103820003A0000001CB501F00DFEDFF85091D9F808
:10383000000020B1012251035148FDF712FCFFF7AF
:1038400009FCFFF7E1FB4F4D4F4F2C1F05F1080816
:10385000002640F6C41A00BFFFF7D6FBFFF76AFF49
:10386000207830B94FF0FF3201A9D9F8000005F0F7
:1038700025FC9DF8040001280AD16421504601F07E
:10388000C9FD6078401C40B26070042800DD66709D
:103890009DF8050001280BD16421504601F0BAFDC6
:1038A0006078401E40B26070002801DA0420607029
:1038B0009DF80600012811D16421504601F0AAFDAF
:1038C00094F9010004280ED035F81010491C89B273
:1038D00025F81010092901D925F810609DF8070076
:1038E000012811D024E038680028F7D005F022FD27
:1038F0000246009600230121386805F0B1FE012040
:1039000020708DF80660E9E76421504601F082FDE1
:103910002670386828B100231A460321009605F066
:103920009FFE1A48006805F0A9F8002005F028F964
:103930002078012890D12988B8F80020404691428B
:103940008AD169884288914286D1A9888288914229
:1039500082D1E988B8F806008142EBD12670386838
:1039600028B100231A460321009605F079FE4FF492
:103970007A71504601F04EFD6EE7000040000020D5
:1039800000100140300100203C0000201400002005
:103990008CB0FDF73BF901F055FD434D286820B18F
:1039A000012251034148FDF75CFBFFF753FBFFF792
:1039B0002BFB002418223E4903A80294FCF772FC5A
:1039C000AA464FF47A7B00BFFFF71EFB0AA909A89D
:1039D000FDF738F980B1FDF719F9102335A202215E
:1039E0000A200094FFF7FAFB102334A204210A20D6
:1039F0000094FFF7F3FB3CE00A990A2091FBF0F2F8
:103A000091FBF0F800FB12190999102391FBF0F2D9
:103A100091FBF0F600FB121726A202210094FFF79B
:103A2000DDFB1025CDE9005401234246022132205E
:103A3000FFF79AFBCDE9005401234A4602213A20C0
:103A4000FFF792FB10231DA204210A200094FFF728
:103A5000C5FBCDE900540123324604213220FFF793
:103A600083FBCDE9005401233A4604213A20FFF7B5
:103A70007BFB5A4602A9DAF8000005F01FFB01287B
:103A8000A2D19DF80B0001289ED1642140F6C410FC
:103A900001F0C0FC0B48006804F0F0FF002005F0C6
:103AA0006FF88DF80B408FE74000002000100140B8
:103AB0008CAC000854656D703A00000048756D6963
:103AC0003A000000140000201CB501F0BBFC2A4E97
:103AD000306820B1012251032848FDF7C2FAFFF7F0
:103AE000B9FAFFF791FA0024102325A2032114202C
:103AF0000094FFF773FB0025671E40F6C4183A4692
:103B000001A9306805F0DAFA9DF80600012815D100
:103B10006421404601F07EFC15B1012D0ED103E079
:103B2000FFF7A8FA012509E0FFF76EFA102314A2A7
:103B3000032114200094FFF751FB00259DF8070096
:103B40000128DCD16421404601F064FCFFF75CFAF7
:103B50000E48006804F092FF002005F011F80025DF
:103B6000FFF752FA102306A2032114200094FFF756
:103B700035FB8DF80740C2E74000002000100140EF
:103B80004C696768743A204F4646000014000020D4
:103B900008B501F057FC3E4E306820B101225103B8
:103BA0003C48FDF75EFAFFF755FAFFF72DFAFFF7ED
:103BB00045FA394C4FF0FF3700254FF4FA6800BF43
:103BC000FFF722FA00F0D4FB3A466946306805F068
:103BD00075FA9DF80000012819D09DF80100012810
:103BE00023D09DF8030001282ED09DF80200012863
:103BF000E6D16421404601F00DFC2848006804F03D
:103C00003DFF002004F0BCFF8DF80250D8E720787B
:103C100040B1401E207060686421401E60604046D4
:103C200001F0F8FB8DF80050CAE72078062808D28A
:103C3000401C207060686421401C6060404601F0B8
:103C4000E9FB8DF80150BBE76421404601F0E2FB3F
:103C500020780728B4D2DFE800F00406101214160A
:103C600018000F4800E00F48006804F007FF00202C
:103C700004F086FF8DF80350A2E70B48F4E70B48E9
:103C8000F2E70B48F0E70B48EEE70B48ECE70000E3
:103C900040000020001001401C0100201000002006
:103CA0001800002020000020280000201C00002018
:103CB0002C00002030000020240000202DE9F843D3
:103CC0000D4E00240D4F2546A6F1100856F824008D
:103CD00004EB840107EB4102C11700EB5170C0F304
:103CE000C701009598F800001023FFF777FA641CCD
:103CF000052CEBDBBDE8F8835001002058AC000830
:103D000086B001F09FFB894F386820B10122510332
:103D10008748FDF7A6F9FFF79DF9FFF775F9FFF75B
:103D20008DF9844D4FF0000805F11400A5F1180637
:103D3000059006F11400049005F10800039006F1C7
:103D4000080005F10C0B06F10C0ADFF8EC91A5F167
:103D50004C040290FFF758F9A06805281BD2DFE851
:103D600000F0031414141800102374A2032140203F
:103D7000CDF80080FFF732FA102373A206213D2010
:103D8000CDF80080FFF72AFA05E0E06800F030FA8D
:103D900001E0FFF7F7FAFFF791FFD9F8000028B923
:103DA0004FF0FF3201A9386805F088F99DF804004A
:103DB000012804D09DF8050001284ED092E0D9F8E2
:103DC0000010491CC9F80010A06804282DD005284F
:103DD0002BD2DFE800F0030B151D30000122291D56
:103DE000544804F099FC0122311D06E0012251489B
:103DF000039904F091FC029901224E48183812E010
:103E0000012259464B4804F087FC01225146F4E751
:103E1000484901221031474804F07EFC45490122FF
:103E20000839A1F1100004F077FCD9F8000014283B
:103E300009D080B356E001223E48059904F06CFC9D
:103E400001220499D9E7A068042801D0401CA06091
:103E5000C9F800808DF804803FE0D9F80010491CB3
:103E6000C9F80010A06850B3052828D2DFE800F098
:103E700027030B141C0001222E48059904F04CFC6A
:103E80000122049917E00122291D2A4804F044FC6C
:103E90000122311D0FE020E001222648039904F0A1
:103EA0003BFC0122029906E001225946214804F018
:103EB00033FC012251461F48183804F02DFCD9F874
:103EC0000010142901D041B10CE0A16809B1491ECC
:103ED000A160C9F800808DF80580642140F6C41007
:103EE00001F098FA9DF8060001280CD1642140F6F3
:103EF000C41001F08FFAE068401C00EBD07121F093
:103F00000101401AE0609DF8070001287FF422AF0C
:103F1000642140F6C41001F07DFA0D48006804F0F9
:103F2000ADFD002004F02CFE14E70000400000204E
:103F3000001001408C0100202801002040636873BC
:103F4000266D7A6B00000000323032352F3131009F
:103F5000140000200EB5FEF739FD02E0C82004F081
:103F600025FD02F073FA0028F8D1FFF773F8FFF788
:103F70004BF8FFF763F89748006820B1012251031E
:103F80009548FDF76EF8FFF73FF84FF000084646FA
:103F90004546474600200090904807EB470100EB5C
:103FA000410404F1280B04F1260A04F1240907E076
:103FB000012004F0FBFC0098401C00900A2806DC5D
:103FC0005A4651464846FEF7A6FB0028F0D1A18C80
:103FD0007F1C01EB08000FFA80F8E08C042F3044BE
:103FE00006B2208D284405B2D4DB4FEAE87108EB15
:103FF00091708310F01706EB90708210E81705EBB4
:10400000907081107548046C641C0464322C0BD9C8
:10401000012404640468C46084880482D0F80640E3
:10402000C0F812404489C482B0F900409C4200DCD0
:104030001C460480B0F902C0A146944500DC9446B9
:10404000A0F802C0B0F904508D4200DC0D46858016
:10405000B0F906709F4200DB1F46C780B0F90860C8
:10406000964200DB16460681B0F90A408C4200DB1E
:104070000C464481B0F918808246A3EB08001E303C
:104080003C28504604D9A0F81E80AAF8183001E058
:10409000AAF81E80B0F91A300384A2EB030808F1D5
:1040A0001E08B8F13C0F00D94283B0F91C204284AD
:1040B0008B1A1E333C2B00D98183A9EB0701002901
:1040C00001DCA7EB0901ACEB060209B2002A01DC16
:1040D000A6EB0C022B1B12B2002B00DC631B1BB2E5
:1040E000914213DD994211DD3C290FDBB0F90C1030
:1040F000B0F91220114401EBD171B0F91E2041F347
:104100004F018A4233DDBAF918002AE08A4213DDF2
:104110009A4211DD3C2A0FDBB0F90E10B0F91420E1
:10412000114401EBD171B0F9202041F34F018A42D3
:104130001DDDBAF91A0014E08B4218DD934216DD3A
:104140003C2B14DBB0F91010B0F91620114401EB30
:10415000D171B0F9222041F34F018A4207DDBAF94B
:104160001C00884203DA1E480168491C01600024D3
:1041700010231CA221460F200094FFF72FF81020D7
:10418000CDE9000416480523022102680A20FEF743
:10419000EBFFC82004F00AFC0E484FF47A7202A923
:1041A000006804F08BFF01287FF4EDAE9DF80B0052
:1041B0000128F9D1642140F6C41001F02BF90B4815
:1041C000006804F05BFC8DF80B40002004F0D8FC84
:1041D000D9E600004000002000100140CC2F002054
:1041E000A40100207374657000000000140000201A
:1041F00008B5002148B1012806D10091102306A27C
:1042000004214520FEF7EAFF08BD00911023042198
:1042100002A26420F6E700006F6666006F6E000081
:104220000EB501F00FF9454F386804F0A9FC444879
:10423000006804F0A5FC4348006804F0A1FC424873
:10424000006804F09DFC4148006804F099FC404877
:10425000006804F095FC3F48006804F091FC3E487B
:10426000006804F08DFCFEF7F5FEFEF7CDFE10268B
:104270003A4D0024FEF7C8FE102339A201211E206A
:104280000094FEF7ABFFCDE900640123AA79032176
:104290001420FEF769FFCDE9006401236A79032148
:1042A0001C20FEF761FF10232FA20321242000947D
:1042B000FEF794FFCDE9006401232A7903212C2025
:1042C000FEF752FFCDE900640123EA780321342090
:1042D000FEF74AFF102324A203213C200094FEF79E
:1042E0007DFFCDE900640123AA7803214420FEF775
:1042F0003BFFCDE9006401236A7803214C20FEF7DF
:1043000033FFFA2004F052FB287828B9174800221E
:1043100002A9006804F0D2FE9DF80A000128A9D184
:10432000642140F6C41001F075F8386804F0A6FB6B
:10433000002004F025FC8DF80A409BE714000020C3
:1043400020000020240000201C0000201800002075
:10435000280000202C000020300000201501002043
:1043600054696D65000000003A0000004000002024
:1043700038B50024102311A2214620460094FEF7F0
:104380002DFF10230FA2032100200094FEF726FF2B
:1043900010230DA2032178200094FEF71FFF0B4885
:1043A00000940B494068102300EB800001EB4002B1
:1043B00003211E20FEF712FF38BD00004D656E750B
:1043C000000000003C0000003E0000001C01002036
:1043D00066AB0008084C08B5A06A48B104F0AAFF13
:1043E00002460020034600900121A06A05F038F93A
:1043F000012002F02DFEFBE71000002010B5502038
:1044000080F31188BFF34F8FBFF36F8F04F0A0FFCD
:1044100018B104494FF080500860002080F31188E3
:1044200010BD000004ED00E030B58FB028216846D3
:10443000FBF751FF14210AA8FBF74DFF01210804E7
:10444000CDE900100024029402250491CDE9075023
:104450004FF4E01009906846FDF7A4FA08B172B66F
:10446000FEE70F20CDE90A054FF48060CDE90C404E
:1044700002210AA80E94FDF7A9F9002801D072B60E
:10448000FEE70FB030BD70470020FEF7F7BE00001A
:104490000148FDF774BD0000580200200148FDF7F7
:1044A0006EBD0000A0020020F0B50268164B174C4C
:1044B000174D4FF08047984205D0B84203D0A04234
:1044C00001D0A84203D122F070064A6832439842D4
:1044D00005D0B84203D0A04201D0A84203D122F4B3
:1044E0004074CA6822434C6922F080022243026071
:1044F0008A68C2620A688262984201D109690163CE
:1045000001214161F0BD0000002C01400004004089
:104510000008004010B501F01F030121046A994012
:104520008C430462016A9A401143016210BD10B5C8
:10453000846842EA032224F47F440A4322438260CF
:1045400010BD826822F070020A4342F007018160C8
:104550007047000030B5036A026A22F0010202626D
:104560004268846924F073050C682C4323F002052B
:104570008B682B430A4DA8420BD123F00805CB686A
:1045800022F440722B434D6923F0040315438A69DA
:104590002A434260846149684163036230BD000080
:1045A000002C014030B5026A036A23F01003036255
:1045B000436884690D6824F4E64444EA05248D6860
:1045C00022F0200242EA05120B4DA8420ED1CD681E
:1045D00022F0800242EA05124D6923F4406343EA67
:1045E00085038D6922F0400243EA850343608461BC
:1045F00049688163026230BD002C014030B5036A16
:10460000026A22F4807202624268C46923F4007371
:1046100024F073050C682C438D6843EA05230C4D88
:10462000A8420ED1CD6823F4006343EA05234D6907
:1046300022F4405242EA05128D6923F4806342EA73
:1046400005124260C4614968C163036230BD000065
:10465000002C014030B5046A026A22F480520262E2
:104660004268C3690D6823F4E64343EA05238D6875
:1046700024F4005444EA0534064DA84204D14D699F
:1046800022F4804242EA85124260C36149680164B3
:10469000046230BD002C014010B5036A046A24F0A6
:1046A00001040462846924F0F00444EA021423F053
:1046B0000A020A438461026210BD10B5036A046AEB
:1046C00024F010040462846923F0A00324F47044ED
:1046D00044EA023243EA01118261016210BD000026
:1046E00014484178491CCAB200214270092A03D9F2
:1046F00041708278521C82708278052A03D98170B9
:10470000C278521CC270C278092A03D9C1700279DA
:10471000521C02710279052A03D901714279521C97
:1047200042714279052A03D941718179491C81710D
:104730007047000015010020FEE700000FB4054B94
:1047400010B503A9044A029800F08EF910BC5DF878
:1047500014FB0000255E0008A80100200FB4084BE0
:1047600010B504A902AA039800F07EF9044602A934
:10477000002000F0FCFC204610BC5DF814FB00009B
:104780006F510008490050EAC12018BF04204A0DAB
:1047900018BF40F0010040F2FF72B2EB515F08BF5A
:1047A00040F00200012808BF052070470907090EE4
:1047B000002804DB00F1E02080F80014704700F0CE
:1047C0000F0000F1E02080F8141D70472DE9F04142
:1047D0004F1E00EBC7010446D1E9000115461E46F5
:1047E00037F006020DD02A463346FBF707FF7F1E3F
:1047F00004EBC703D3E90023FBF759FE37F00602A9
:10480000F1D1022F25D0042F13D0062F18BFBDE8F9
:10481000F0812A463346FBF7F1FED4E90A23FBF781
:1048200046FE2A463346FBF7E9FED4E90823FBF7A8
:104830003EFE2A463346FBF7E1FED4E90623FBF7AA
:1048400036FE2A463346FBF7D9FED4E90423FBF7AC
:104850002EFE2A463346FBF7D1FED4E90223FBF7AE
:1048600026FE2A463346FBF7C9FED4E90023BDE8FD
:10487000F041FBF71CBE0000002213461046014920
:10488000FBF72EBF0000F03FFBF711BE00221346DE
:1048900010461146FBF724BF40F2013200204FF0D2
:1048A000E041FCF7B6B80000024A00201107FCF70F
:1048B000B0B8000001FDFFFF02E008C8121F08C1E8
:1048C000002AFAD170477047002001E001C1121F91
:1048D000002AFBD1704700000149086070470000C2
:1048E000AC0100202DE9FF5F82B00021DDE904303A
:1048F000020DDDF840B0034318D044F61050A2F288
:10490000FF3242431514119801281FD0A5EB0B006C
:10491000401C5FEA000A4FF000064E4FDFF8389166
:10492000B046504615D5CAF1000413E01198012491
:104930004AA3012801D16FEA0B010298119AC0E93C
:104940000031C0E9024206B0BDE8F09FCBF10000A3
:10495000DFE704460021404A491842EB0450CDE904
:10496000001012E0E00707D032463B464046494679
:10497000FBF744FE8046894632463B4610461946C0
:10498000FBF73CFE06460F466410002CEAD1DDE939
:104990000401DDE90023BAF1000F06DAFBF72EFE71
:1049A00042464B46FBF72AFE05E0FBF799FE4246DE
:1049B0004B46FBF795FE04460E460022284BFCF7BB
:1049C00057F803D84FF0FF30014607E00022254B8F
:1049D00020463146FBF76BFDFCF732F8102409E066
:1049E000002C0ADB0A220023FBF7EAFB039B303290
:1049F0001A55641E50EA0102F2D1641C039AC4F1F4
:104A000011031444119A012A03D0012208430DD145
:104A10000AE0084304D000204FF0110B119072E718
:104A2000A3EB0B056D1E0DE05B4504DD4FF00002AE
:104A300005F1010504E003DA4FF00002A5F10105DC
:104A4000002AECD002981199C0E90231C0E9004572
:104A500079E70000000014400000F03F3000000043
:104A60000000F0430000E03F2DE9FF4F95B09A466B
:104A7000884606460025EEE1252877D10024274602
:104A8000F94A0121039400E0044316F8013F203B5A
:104A900001FA03F01042F7D130782A2811D06FF0D4
:104AA0002F033078A0F13002092A16D8039A44F077
:104AB000020402EB820203EB42021044761C0390D4
:104AC000EFE758F8042B0392002A03DA504244F42B
:104AD0000054039044F00204761C30782E2816D13E
:104AE00016F8010F44F004042A280DD06FF02F02AD
:104AF0003078A0F13003092B09D807EB870302EBCC
:104B00004303C718761CF3E758F8047B761C30780B
:104B10006C280FD006DC4C2817D068280DD06A28E6
:104B200014D104E0742810D07A280FD10DE044F499
:104B300000140AE044F4801401E044F44014727854
:104B4000824202D104F58014761C761C30786628E7
:104B50000BD013DC582877D009DC002875D0452805
:104B6000F6D04628F4D047281AD193E118E06328FC
:104B700035D0642879D0652812D18BE1702873D0A4
:104B800008DC6728F1D069286FD06E280DD06F2817
:104B900006D1ACE073282CD0752874D0782853D077
:104BA0005246179990476D1C54E1C4F302500228F5
:104BB00009D003280DD0D8F8001004280DD00D60BE
:104BC00008F1040846E1D8F80010EA17C1E90052DC
:104BD000F6E7D8F800100D80F2E70D70F0E718F84E
:104BE000041B8DF8001000208DF80100EB46012019
:104BF00003E058F804BB4FF0FF3061074FF00001AD
:104C000002D40DE009F101018946B9420FDA81456C
:104C1000F8DB1BF809100029F4D108E009F10101C3
:104C200089468142FADB1BF809100029F6D1039866
:104C30005346A0EB090721463846179A00F080FA40
:104C4000284400EB090507E044E008E10DE01BF80B
:104C5000010B524617999047B9F10109F7D2534613
:104C600021463846179AF2E039E00A21C4F302528D
:104C70004FF0000B0091022A06D058F8040BC11720
:104C8000032A09D00AE023E008F1070020F0070218
:104C9000F2E80201904605E000B2C117042A01D1F2
:104CA00040B2C117002906DA0A460021404261EBF2
:104CB00002012D2202E0220504D52B228DF80420CA
:104CC000012203E0E20701D02022F7E7914657E0F6
:104CD0000A2100E010214FF0000B00910BE01021A1
:104CE0004FF0000B44F004040827009103E0082073
:104CF0004FF0000B0090C4F30252022A05D058F87E
:104D0000040B0021032A08D008E008F1070020F076
:104D10000702F2E80201904603E080B2042A00D1C3
:104D2000C0B24FF0000922072AD53278702A07D086
:104D3000DDF800C08CF0100C5CEA0B0C05D00EE026
:104D400040228DF80420012208E050EA010306D039
:104D500030238DF804308DF8052002229146009B07
:104D600083F0080353EA0B030AD150EA010201D190
:104D7000620705D530228DF804204FF001097F1E0F
:104D80003278582A04D039A20C920CAA02920BE075
:104D90003BA2F9E75B46009AFBF712FA0C9B9B5C7F
:104DA000029A521E0292137050EA0102F2D1029846
:104DB00004A9081A00F1200B600702D524F48034FE
:104DC00000E001275F4502DDA7EB0B0000E00020BB
:104DD00000EB0B01009003984944401A0390E00354
:104DE00006D453462146179A039800F0A9F90544C2
:104DF000002706E001A85246C05D179990476D1C38
:104E00007F1C4F45F6DBE0030CD553462146179A2D
:104E1000039800F095F9054404E0302052461799B4
:104E200090476D1C0099481E00900029F5DC08E0B1
:104E30000298029952460078491C029117999047AE
:104E40006D1CBBF10001ABF1010BF1DC5BE100F08B
:104E500065F90544761C307800287FF40DAE19B052
:104E60002846BDE8F08F00000928010030313233B8
:104E70003435363738396162636465660000000096
:104E80003031323334353637383941424344454680
:104E900000000000600700D4062708F1070020F09A
:104EA0000700F0E80223804603F0004C5FEA0C00A4
:104EB00001D097A009E0200501D596A005E0E00704
:104EC00001D095A001E0AFF24C001390307823F0B0
:104ED000004365280CD006DC452809D046281DD0A3
:104EE00047287FD13BE0662818D067287AD136E082
:104EF0000021112F01DB112000E0781CCDE9000119
:104F000004A90CA8FFF7EEFCDDE90D010C9A4FF0A7
:104F1000000B07F10109109200914EE04FF00040A4
:104F20000097CDE9011004A90CA8FFF7DBFCDDE92F
:104F30000D020C9B0F994FF0000B914610930092BD
:104F400011B9791C00EB0109B7EB090003D4C0F1DA
:104F5000FF3B07F10109A9EB0700019042E0012F97
:104F600000DA01270021112F01DD112000E0384671
:104F7000CDE9000104A90CA8FFF7B4FCDDE90D019F
:104F80000C9A00914FF0000BB946109221070FD4F4
:104F9000009A4A4503DA914601E0A9F10109B9F105
:104FA000010F05DD109AA9F10101515C3029F4D0FF
:104FB000B84202DA10F1040F03DA0121CDE9011041
:104FC00010E0002803DC8344A9EB000102E0411C4F
:104FD000494500DD8946A0EB0B00401C01904FF0D5
:104FE00000400290200705D40198484502DB4FF0AD
:104FF000FF30019000208DF84B0002980DF14B0717
:10500000B0F1004F25D002200C902B200D9002987B
:1050100000280CDA404202902D200D9007E00A2172
:105020000298FBF72BFC3031029007F8011D0C9918
:10503000481E0C900029F2DC02980028EFD1791E5E
:105040000D980870307800F0200040F0450007F817
:10505000020D11A8C01BC01D02901398007800B16A
:10506000012000EB0901019801EBE0710298014475
:105070000398401A401E0390E00306D4534621468D
:10508000179A039800F05CF805441398007818B15B
:105090005246179990476D1CE00323D5534621468D
:1050A000179A039800F04CF805441BE0BBF1000F81
:1050B00007DB0098584504DD1098179910F80B008D
:1050C00001E0179930205246904701980BF1010BEF
:1050D000401E05F10105019004D12E20524617997A
:1050E00090476D1CB9F10001A9F10109DEDC05E072
:1050F00017F8010B5246179990476D1C0299481EEC
:1051000002900029F4DC53462146179A03989EE644
:105110002D0000002B000000200000002DE9F041D0
:10512000044600251E461746880404D405E0394687
:105130002020B0476D1C641EF9D52846BDE8F081DB
:105140002DE9F041044600251E469046C80301D5CE
:10515000302700E02027880404D505E04146384682
:10516000B0476D1C641EF9D52846BDE8F0810A6879
:10517000531C0B60107070472DE9FE4307460E4626
:105180000025684600F058FE00246FF00F09E8463D
:1051900057F8240056F82410401A00D54042FBF777
:1051A0000EFB4946FBF777F958F8241011F0FF4F32
:1051B00007D1074908440749884202D30120A0408B
:1051C0000543641C032CE3DB2846BDE8FE83000096
:1051D000666666C19A99D900F8B50546808C0C467A
:1051E000762801D0772857D1012305F13202D0214A
:1051F000284603F075F9E8BB95F83200582801D02D
:10520000602849D1B622E021284603F041FD88BB41
:1052100001236A46F321284603F062F90028F7D1FA
:105220009DF80000C007F3D1284603F001F90028DB
:1052300033D095F83200602804D1284603F065F990
:1052400000282AD060796178400140EA8100C2B22A
:10525000F521284603F01CFD60B92078012801D112
:1052600000202070E078A178400140EA8100217898
:10527000084300E010E0C6B295F83200602805D17E
:105280002279F221284603F003FD28B93246F421A1
:10529000284603F0FDFC08B10020F8BD0120F8BD50
:1052A00003210170002242708170C170017141714F
:1052B00070472DE9FC41044690F8320090460F46B5
:1052C0001E46602804D00EB100201860002602E0BF
:1052D0000EB1082300E006236A46F721204603F0BA
:1052E000FFF810B10020BDE8FC819DF800009DF89A
:1052F000042001039DF80100238841EA00119DF874
:105300000200B4F9025041EA10119DF803000003B5
:1053100040EA02109DF8052040EA1210C210A2EBEC
:105320004302C3EB20104043B4F904306A43001336
:10533000D212584302EBA03505EB850080300012F5
:1053400038602A46204600F095F8C8F80000AEB351
:10535000BDF80600E18B40BA8003A0EB0150A5F533
:105360009635B4F92010227F01FB150094F9221024
:105370006A4369434FF40043891203EBE22251432D
:105380009A0102EBA121B4F91A2000F580405143A3
:1053900001F50051C01389134843C1134943227ECC
:1053A000C9115143B0EB211001D5002004E04FF0AA
:1053B000C851884200DD084600133060012092E7A2
:1053C000FEB51C0015460E4601D002AB00E00023DE
:1053D00001AA6946FFF76DFF002818D00098FBF777
:1053E000EEF90B49FBF719F830600198FBF7F0F97B
:1053F0006FF00701FBF74FF828603CB10298FBF70C
:10540000E7F96FF00901FBF746F820600120FEBDC7
:105410000000C84238B50C460849096800290BD17C
:105420003221FDF76BFF002003460090044822461E
:105430000421006804F014F938BD00004C0100207C
:10544000C400002008B5FDF725FF054800230090A3
:105450001A46C82103A004F0B9F80549086008BD40
:105460008944000853797374656D536F756E6400D9
:10547000C40000202DE9F05F04468B465249D01746
:105480005118A1FB0182B4F9103040F1FF30A8FBA4
:10549000039700FB012201FB0022DE1702FB0373CE
:1054A000B4F90E5008FB0633A5FB017CEE1706FB92
:1054B00001C605FB00656E0446EAD7367F0417EB8C
:1054C00009055E41B4F90C304FF0000A1AEB0505EE
:1054D00046EBC309B4F90A30A8FB037C02FB03C204
:1054E0004FEAE37608FB0622B4F908304FEA1726A4
:1054F000A3FB01C84FEAE37707FB018103FB001020
:105500004FEA003146EA02664FEA0C3041EA1C518C
:10551000301841EB2222001CE18842F50043A0FB39
:10552000016703FB017100FB0A104210C31752EA26
:10553000030047D0CBF58016F017C10741EA5601AA
:10554000F607751B40F63547A5FB070C61EB090113
:1055500001FB07C1002605FB0611FAF762FEB4F94C
:105560001630420B42EAC142A3FB027CDD1705FB69
:1055700002C54E1303FB0653A7FB025C03FB02C2EA
:1055800007FB06226B0E43EAC2135616B4F9142029
:10559000A2FB007CD51705FB00C502FB0155FA0CE8
:1055A000C01842EA45327141801841EBE5414FEAAB
:1055B000102040EA0160B4F912104FEA01114018BE
:1055C000BDE8F09F0020FBE7000CFEFF2DE9F04155
:1055D00014461F4605460E464FF066320F4B2046D6
:1055E0003946FAF764FF07460C462A463346002040
:1055F0000B49FBF775F80B4A0B4B01F0D1FD00226C
:105600000A4BFAF7F5FF3A462346FAF7F7FFBDE8EB
:10561000F0414FF00042064BFBF762B86612714052
:10562000D0BCF8404A2DEE7D3659C83F0000F03F0F
:10563000BE9F7A3F08B560B120208DF80000282079
:105640008DF8010030208DF8020038208DF803001D
:1056500004E0A32204216846FAF736FE6A460421D4
:1056600040F69E2001F0C2FC01F080F908BD000068
:105670003EB5044602208DF80000CA208DF80100D6
:10568000E3208DF8020009208DF803006A4604210A
:10569000682001F0ABFCA3208DF80000610609D55D
:1056A000C0218DF80110C8218DF80210C2218DF89B
:1056B000031005E08DF801008DF802008DF803005D
:1056C00014F4C07F09D0C4218DF80410CC218DF8CA
:1056D0000510C6218DF8061005E08DF804008DF840
:1056E00005008DF806008DF808008DF807008DF88C
:1056F00009006A460A2140F6A72001F077FCA007BE
:105700004FF0D80503D020208DF8000001E08DF87F
:1057100000506A46012140F6B62001F067FCA00661
:1057200001D5012000E0002000F08EF814F4C07FC5
:105730001ED0E0050AD5B2208DF800008B208DF830
:105740000100B6208DF802009B2009E0B0208DF802
:10575000000080208DF80100B4208DF80200902018
:105760008DF803006A46042140F6A22001F03EFCB9
:10577000E1074FF40B6022D0F8218DF800106A4643
:10578000012101F033FCFA21072000F097FA0720ED
:1057900000F062FA012000F07FFA642000F022FBA2
:1057A0004FF4FA7000F02EFBC821254800F01CFAD7
:1057B000282000F031FA0A2000F03EFA05E08DF8CA
:1057C00000506A46012101F011FCA00703D5D92041
:1057D0008DF8000001E08DF800506A46012140F28A
:1057E0003D7001F003FC600701D5012000E00020BE
:1057F00000F048F8E00601D5012000E00020FFF7A6
:1058000019FF104D44F00800688101F0AFF8002046
:10581000A873600601D50620A87314F4C07F02D0D7
:10582000A87B801DA87314F0140F02D0A87B103041
:10583000A873A00702D0A87B001DA87300203EBD5E
:1058400009E3CA02BC2F00200EB54FF4976310B1D4
:1058500006A107C901E008A207CA8DE807006A4649
:105860000921184601F0C2FB0EBD0000B8AAB38D95
:10587000B4980D355D000000B8AAAAAAB088C3C5C7
:10588000C700000008B560B1C0208DF80000C2203C
:105890008DF80100C4208DF80200C6208DF80300A9
:1058A00004E08B2204216846FAF70EFD6A460421C3
:1058B00040F6982001F09AFB01F058F808BD00006E
:1058C000C8234FF48062024940F6F63000F078BFFA
:1058D000709F00082DE9FF41044603A800F026FE52
:1058E000BDF80C00410CC3032F48008900F00302EF
:1058F00054F82250420700D56D42C0F3C10286061B
:1059000054F8222000D55242C0F38116C00554F845
:10591000264000D56442A5FB0367E81700FB03702F
:1059200005FB0100850045EA9670A2FB0367D517C9
:1059300005FB037502FB0152950045EA9672A4FB34
:105940000367E51705FB037304FB01318B0043EA92
:105950009671030E8DF80030030C8DF80130030AA8
:105960008DF802308DF80300100E8DF80400100C35
:105970008DF80500100A8DF80600080E8DF8080055
:10598000080C8DF80900080A8DF80A008DF8072028
:105990008DF80B106A460C214FF4257001F026FBA0
:1059A00004B0BDE8F0810000BC2F002030B50446F3
:1059B00013A285B007CA8DE807004FF0FF35C82C49
:1059C00016D8C820B0FBF4F1491E080A8DF80C0067
:1059D0008DF80D1003AA022140F2162001F006FBFB
:1059E00030B96A460C2140F6C12001F0FFFA10B12F
:1059F000284605B030BD054884810020F9E7000045
:105A0000FEF2ABC4AAF1DFDFBBAFDFDFBC2F0020AB
:105A1000F8B53049098901F0030250F822404A07DD
:105A200000D56442C1F3C1028B0650F8222000D594
:105A30005242C1F3811350F82330C80500D55B42B0
:105A4000254984FB0140850045EA947082FB0142B0
:105A5000A40F44EA820483FB0121950F45EA8105E6
:105A6000010E8DF80010010C8DF80110010A8DF85F
:105A700002108DF803006A4604214FF4747001F09F
:105A8000B5FA4FF0FF3688B9200E8DF80000200CD3
:105A90008DF80100200A8DF802008DF803406A4657
:105AA00004214FF4757001F0A1FA08B13046F8BD39
:105AB000280E8DF80000280C8DF80100280A8DF8BA
:105AC00002008DF803506A4604214FF4767001F00D
:105AD0008DFAF8BDBC2F002009E3CA022DE9FF4171
:105AE00004463CA004F00303006802903AA000685A
:105AF00003903AA006683AA0056802A8C15C8DF838
:105B00000010C4F3C101425C8DF80120C4F381127E
:105B1000805C8DF8020003A8C35C8DF80430415C02
:105B20008DF80510805C8DF806006A46032140F26E
:105B3000264001F05BFA4FF0FF37E0BB01AA0321DA
:105B400040F22A4001F052FAA8BBCDE90065600797
:105B50000BD59DF8000040F001008DF800009DF885
:105B6000040040F001008DF80400A0060BD59DF85C
:105B7000010040F001008DF801009DF8050040F0A3
:105B800001008DF80500E0050BD59DF8020040F0FE
:105B900001008DF802009DF8060040F001008DF82C
:105BA00006006A4603214FF4886001F01FFA10B91D
:105BB00001AA032100E004E040F2314001F016FAAE
:105BC00018B1384604B0BDE8F081064804810020D1
:105BD000F8E700004CCD6C000CC92C00365676005E
:105BE00026466600BC2F00204FF47A7290FBF2F03C
:105BF00008B54843010E8DF80010010C8DF8011016
:105C0000010A8DF802108DF803006A4604214FF452
:105C1000AE7001F0EBF908BD0521B0FBF1F008B55D
:105C2000010A8DF800108DF801006A4602214FF438
:105C3000AD7001F0DBF908BD0521B0FBF1F008B54E
:105C4000010A8DF800108DF801006A4602214FF418
:105C5000AC7001F0CBF908BD08B500218DF800103B
:105C6000C10702D030218DF80010810705D59DF8BD
:105C7000001041F00C018DF80010400705D59DF88B
:105C8000000040F003008DF800006A4601214FF447
:105C9000A47001F0ABF908BD08B560B1042800D9C3
:105CA0000420401E8DF800006A46012140F24F108A
:105CB00001F09CF908BD0120F3E700002DE9FC414B
:105CC000054640074FF0FF367CD0B1F5C86F79D854
:105CD0000846FAF77DFD3E49FAF79FFB074601A803
:105CE00000F006FC9DF80400022806D004280DD020
:105CF00008282ED0102865D134E00E213846FAF756
:105D0000CAFBFAF794FD84B2324907E00D21384608
:105D1000FAF7C1FBFAF78BFD2F4984B23846FAF740
:105D20004AFBFAF784FD210A8DF8001080B28DF845
:105D30000140010A8DF802108DF80300E8076C4657
:105D400020D0224602214FF4EA7001F04FF9C8BB7F
:105D500011E00C213846FAF79EFBFAF768FD84B291
:105D60001E49DBE70B213846FAF795FBFAF75FFD92
:105D700084B21B49D2E7A21C02214FF4927001F0B9
:105D800035F9F8B9A8070DD56A4602214FF4EC7031
:105D900001F02CF9B0B9A21C02214FF4947001F06B
:105DA00025F978B9680710D56A4602214FF4EE70DC
:105DB00001F01CF930B9A21C02214FF4967001F0D9
:105DC00015F910B13046BDE8FC810020FBE700006A
:105DD00000004843000040460000C0450000404528
:105DE0000000C0440521B0FBF1F008B5010A8DF8B0
:105DF00000108DF801006A4602214FF4EF7001F0A7
:105E0000F5F808BD0521B0FBF1F008B5010A8DF8E1
:105E100000108DF801006A4602214FF4ED7001F088
:105E2000E5F808BD38B504468DF800006946032042
:105E3000ABBE204638BD00002DE9FE43064626488D
:105E400001AB042240680D210078FCF717FE10B169
:105E50000720BDE8FE839DF804101C2000EAD10253
:105E60009DF80710DFF87490C1F301131A438DF801
:105E700000209DF80520C1F3810300EAD2021A43F5
:105E80008DF801209DF8062001F0030100EAD20000
:105E900008430024124F8DF80200A0466D46285D8D
:105EA00010B146F824900AE046F824800DE000BFC7
:105EB00056F824003946FAF77EFA46F82400285DA1
:105EC000401E10F0FF002855F2D1641CE4B2032CF0
:105ED000E5D30020BDE70000E00000207B14AE3ECB
:105EE0001D5A843F2DE9FE4F05460120C14E8DF815
:105EF00000004FF000088DF8018030680C4617460E
:105F0000817C70686B4602220078FCF766FE4FF0D9
:105F1000FF3A00287AD1C82000F050FA8DF80080AE
:105F200030686B460122C17B70680078FCF755FE33
:105F30000028EFD130686B46012241797068007803
:105F4000FCF74BFE0028E5D130686B460122817CCE
:105F500070680078FCF741FE0028DBD130686B46A2
:105F60000122C17D70680078FCF737FE0028D1D18E
:105F700030686B460122017970680078FCF72DFECD
:105F80000028C7D14FF00C098DF8009030686B469F
:105F90000122017970680078FCF71FFE002835D1D6
:105FA0000F2000F00BFAB06A6B460122407A8DF8A0
:105FB00000003068817870680078FCF70EFE0028D9
:105FC00024D1B06A6B460122007A8DF80000306857
:105FD000417870680078FCF700FE002873D1B06A41
:105FE000807A0FB140F0E0008DF8000030686B4619
:105FF0000122817970680078FCF7EFFD002862D1FA
:106000002FB1B06AC07A40F0E00001E04AE0182009
:106010008DF8000030686B460122C1797068007805
:10602000FCF7DBFDF0BB17B1C82000F0C7F940203A
:106030008DF8000030686B460122017970680078A5
:10604000FCF7CBFD70BB78208DF8000030686B4604
:106050000122417970680078FCF7BFFD10BB322047
:1060600000F0ACF98DF80080306847466B46417906
:10607000706801220078FCF7B0FD98B9316870684B
:10608000B046897A00786B460222FCF7F7FC48B9E3
:10609000BDF80000AF6040BAB0FBF9F06F60C6B267
:1060A0002F6000E00FE0A76067602760002739E0FD
:1060B000D8F80010D8F804006B46C97A00780C2292
:1060C000FCF7DCFC10B15046BDE8FE8FBDF80000C7
:1060D000236840BA00B2BDF80210BDF8042018448D
:1060E000206049BA606809B20844606052BAA0688A
:1060F00012B21044A060BDF806002B6840BA01B28D
:10610000BDF80800BDF80A201944296040BA696842
:1061100000B20844686052BAA86812B210447F1CEA
:10612000FFB2A860B742C3D328688322C11709040D
:1061300041EA104100040023FAF773F832460023C5
:10614000FAF76FF8286068688322C117090441EAEA
:10615000104100040023FAF764F832460023FAF7EE
:1061600060F86860A8688322C117090441EA1041F9
:1061700000040023FAF755F832460023FAF751F8E5
:10618000A86020684FF40065C117090441EA104176
:1061900000042A460023FAF744F832460023FAF7AF
:1061A00040F8206060682A46C117090441EA10419E
:1061B00000040023FAF735F832460023FAF731F8E5
:1061C0006060A0682A46C117090441EA1041000432
:1061D0000023FAF726F832460023FAF722F8A060E7
:1061E000002802DDA0F5803001E000F58030A060DD
:1061F000002069E7E00000202DE9F84F81462E4895
:106200008846002540686B46032200780D21FCF784
:1062100035FC10B10720BDE8F88F9DF80000002480
:1062200000F01F008DF800009DF801006FF00F0BCB
:1062300000F01F008DF801009DF802006E4600F08E
:106240001F008DF802004FF0010A00BF59F824101A
:1062500058F82400081A00D54042FAF7B0FA594617
:10626000FAF719F90746305DC0B1144802E0144945
:10627000FAF7A1F8315D491E11F0FF013155F6D151
:1062800001463846FAF7C9F84FF07E51FAF78DF813
:106290000C4920F00040884205DC07E00A483844F9
:1062A000B0F1D97F02D90AFA04F00543641C032C2B
:1062B000CCDB2846AFE70000E00000200000C8412A
:1062C00054E3853F295C0F3E0000E0BE00B5024666
:1062D00000F00DF80346D01C00F009F843EAC003B3
:1062E000901D00F004F843EA801080B200BD90F9E0
:1062F0000010002902DD4FF00000704702DA4FF075
:106300000400704790F90110002902DD4FF00100F0
:10631000704702DA4FF00500704790F9020000283C
:1063200002DD4FF00200704702DA4FF006007047BE
:106330004FF00700704730B50546012802D0002312
:10634000012409E0012030BD204600F011F80128A9
:106350000BD003F26D13641CAC42F5DB07205B1C11
:1063600093FBF0F100FB113030BD03F5B773F2E79A
:106370004FF4C87190FBF1F201FB120139B18107B2
:1063800007D1642190FBF1F201FB120008B101205A
:10639000704700207047FBF747F9FEF745F8FCF718
:1063A00045FDFCF7B7FDFCF7F5FDFCF7D3FD00F06C
:1063B00069FEFCF73BFC00F081FEFEE770B5054688
:1063C00000244FF47A7603E0304602F089F9641C29
:1063D000AC42F9DB70BD0D2809D2DFE800F0080BF4
:1063E000070B090B090B0B090B090B001D2070474C
:1063F0001E2070471F2070472DE9F041124C20F0FD
:106400000101002594F8240010B10020BDE8F081BE
:10641000A07A4FF0FF3668B10840277C207488428C
:1064200000D0354641B1012002F008F900F09EFA93
:1064300038B127743046E9E7207D00B1012002F031
:10644000FDF82846E2E70000E000002010B5FCF768
:106450009FF900F0F1F808B10A2010BD782000F093
:1064600069FD10F0FF0F01D0012010BD7820FFF76B
:10647000C3FF10F0FF0F01D0022010BD642000F018
:1064800019FD10F0FF0F01D0032010BDFFF718FA1F
:1064900010F0FF0F01D0042010BD1448FFF716FFC5
:1064A000FFF71CFB10F0FF0F01D0052010BD40F2DC
:1064B0007310FFF7DDF810F0FF0F01D0062010BDBC
:1064C0006420FFF773FA10F0FF0F01D0072010BD12
:1064D00002F073F808B1082010BD012000F010FC94
:1064E00010F0FF00F8D0092010BD00000C010020C2
:1064F0000D494A7A42B1012A08D0022A0FD0032A54
:106500000FD04FF0FF307047022200E004220270EB
:10651000C97C11B11106C90D017000207047082215
:10652000F5E71022F3E70000E00000200F494A7A67
:1065300042B1012A09D0022A11D0032A12D04FF009
:10654000FF3070474FF4804201E041F69C720280B8
:10655000C97C11B1C2F34E010180002070474FF495
:106560008052F4E74FF40062F1E70000E000002001
:106570000B49097A39B1012907D002290AD0032928
:106580000BD0002103E0FA2101E04FF4FA71018001
:10659000002070474FF47A71F9E74FF4FA61F6E79B
:1065A000E00000200A49097A41B1012908D00229F6
:1065B0000AD003290AD04FF0FF307047054900E0A8
:1065C00005490160002070470449FAE70449F8E7EB
:1065D000E000002000000343000083423333034205
:1065E000333383410C49C97A072913D2DFE801F01C
:1065F0001204060A0C0E1000BC2100E0622101808A
:10660000002070472A21FAE71421F8E70A21F6E76B
:106610000521F4E70021F2E7E0000020054991F8A8
:10662000242012B14FF0FF307047C989018000204B
:1066300070470000E00000202DE9FC414C4C802018
:106640008DF8000020686B460122817C606800782C
:10665000FCF7C3FA4FF0FF37002832D16420FFF770
:10666000ADFE00258DF8005020686B460122817C2C
:1066700060680078FCF7B1FA002870D120686B469A
:106680000622817D60680078FCF7F8F9002866D161
:106690009DF805009DF80310C007400F01F00101AF
:1066A00040EA41019DF801004FF0010600F00100B1
:1066B000014309D0012905D0022915D02DA0FEF7EC
:1066C0003DF84CE0E67410E020686B460122C1788A
:1066D00060680078FCF7D2F940BB9DF8000010F02C
:1066E0000F0020D0042822D0E574FF2004F80A0F00
:1066F0004FF6FF7104F8020C04F8010C6070A180E1
:10670000A0712072A67026766576E572A572E560A6
:1067100025616561A576E576A5834FF4FA6000F002
:106720002BFB18B907E01D48FEF708F817E01CA07E
:10673000FEF704F8C6E7022000F040FA78B92A20F4
:1067400000F082FB58B9322000F0B4FB38B90020C9
:10675000FFF752FE18B9002000F064FA10B1384675
:10676000BDE8FC81002000F0E5FB0020F8E7000018
:10677000E0000020556E737570706F727465642050
:10678000736F6674776172652070726F647563747D
:10679000207265762025642E0A00000044AD0008B2
:1067A00048616C662073656E736974697669747983
:1067B000207061727420666F756E642E0A0000008E
:1067C0002DE9FF4FDFF89480064685B098F8250044
:1067D00015460F464FF0FF39B0BBAFB3002420E0A1
:1067E000301B102800DD102080B283463A19014684
:1067F0009246204600F0FAFB30BB6A4659462046D6
:1068000000F08AF800BB50465A466946F9F76EFD1B
:1068100020B16FF0010009B0BDE8F08F04EB0B0070
:1068200084B2B442DCD3280A8DF810008DF81150E0
:10683000D8F80000444604AB817ED8F80400022258
:106840000078FCF7CAF908B14846E4E7012084F86B
:1068500025000898E0840020DDE70000E00000202B
:106860002DE9F84305464FF0FF39282844D807277B
:10687000284C00267DB1012000F0B4FA20208DF8CC
:1068800000004FF00108012D17D0052D18D88DF804
:10689000018005201FE0002000F0A4FA8DF80060C0
:1068A0008DF8017020686B460222817C6068007858
:1068B000FCF793F900BB267529E08DF80160E8E745
:1068C000142D04D802208DF801000A2003E00320D3
:1068D0008DF80100142000F0B7FA9DF801006B4616
:1068E00007EB80108DF8010020680222817C60682F
:1068F0000078FCF772F910B14846BDE8F88308202B
:10690000A072267384F814800020FFF775FD002024
:10691000F3E70000E0000020F8B516000D464FF048
:10692000FF371FD0104CA17AE1B1010A8DF8001099
:10693000C0B28DF80100411960684289914211D8B6
:10694000216800786B46097E0222FCF746F948B9B7
:106950002068EAB23346417D60680078FCF78EF823
:10696000002800D03846F8BDE0000020F8B5564CAD
:106970004FF0FF36A07A00287DD000258DF800501A
:1069800020686B460122C17B60680078FCF725F91E
:10699000002870D120686B46012241796068007838
:1069A000FCF71BF9002866D120686B4601220179AB
:1069B00060680078FCF711F900285CD194F8240095
:1069C000E0B30C208DF8000020686B4601220179AD
:1069D00060680078FCF701F9002872D13220FFF7D7
:1069E000EDFCC0208DF80000A07AC00702D0E020A6
:1069F0008DF8000020686B460122017960680078FC
:106A0000FCF7EBF800285CD1607C18B102208DF80F
:106A1000000001E08DF8005020686B460122C17B28
:106A200060680078FCF7D9F828BB8DF80050206822
:106A30006B4601224179606800783EE0FFE7042060
:106A40008DF8000020686B460122017960680078AB
:106A5000FCF7C3F878B9A07C90B9A07AC0070FD032
:106A60005FF060008DF8000020686B46012201791C
:106A70006068007800E024E0FCF7AFF808BB01E0B4
:106A80004020EFE73220FFF799FC607C18B101202D
:106A90008DF8000001E08DF8005020686B4601225F
:106AA000C17B60680078FCF798F850B92068064B05
:106AB00001224179606810330078FCF78EF80028D5
:106AC00000D03046F8BD0000E00000202DE9F0477E
:106AD000394C82468AB094F824000F4620B1002039
:106AE00000F00EF9012600E0002607A8FFF740FDA0
:106AF00006A8FFF7FDFC09A8FFF774FD08A8FFF73B
:106B00008DFD94F80A9094F81080002500223946F3
:106B10005046FFF7E7F910B16D1C022DF6DB022D90
:106B20001AD00025012203A96846FFF7DBF910B14E
:106B30006D1C022DF6DB022D0ED003A93846FEF7A0
:106B40001BFBC7B269465046FFF756FB10F0FF0F1C
:106B50004FF0000502D002E0002503E001250FB947
:106B600045F00205FF2020726072E0724FF6FF715F
:106B7000E181A072207401202073BDF81C0000F098
:106B8000FBF89DF8180000F019F8BDF8240000F09B
:106B90005BF9BDF8200000F08DF9484600F0CAF915
:106BA0004046FFF729FC16B1012000F0A9F80AB011
:106BB0002846BDE8F0870000E000002038B5184CFA
:106BC0004FF0FF35A17A19B3022806D0042806D069
:106BD00008280ED010281BD10DE0002000E008206E
:106BE0008DF80000607A9DF80010B0EBD10F04D052
:106BF00005E01020F4E71820F2E7002038BD2068F7
:106C00006B460122C17960680078FBF7E6FF08B1A6
:106C1000284638BD9DF80000C0086072EDE700000E
:106C2000E0000020F8B5354C0546A07CA84201D113
:106C30000020F8BD31484FF0FF366B46D0E9001018
:106C40004FF001020979007835B3FBF717FF70BBED
:106C50009DF800006B4620F020008DF800002068B1
:106C60000122017960680078FBF7B7FFF8B90320CB
:106C7000FFF7A4FB02208DF8000094F8220078B3FF
:106C800082202BE020686B460122017D606800783D
:106C9000FBF7A3FF58B92EE0FBF7F0FE38B9A07A56
:106CA000C0079DF8000003D040F0200002E00CE097
:106CB00020F020008DF8000020686B460122017949
:106CC00060680078FBF789FF08B13046F8BD032003
:106CD000FFF774FB94F8220000B180208DF80000CB
:106CE00094F823000028CDD09DF8000040F030003B
:106CF0008DF80000C6E7A5749AE70000E0000020C8
:106D000038B51C4C94F8241081421DD0002500B3E6
:106D100094F82500D0B1002001F090FC0020FFF78E
:106D200081FFE08C00F0C6F88DF8005060686B467B
:106D3000012200782321FBF750FF012084F8240072
:106D400001F07CFCFFF712FE002038BD4FF0FF3051
:106D500038BD002001F072FC207C8DF800006068D6
:106D60006B46012200782321FBF737FF84F824507B
:106D7000E8E70000E000002038B5194C4FF0FF357F
:106D8000A17A31B3FA2809D0B0F5FA7F08D0B0F56E
:106D90007A7F0FD0B0F5FA6F1BD10DE0002000E034
:106DA00008208DF80000207A9DF80010B0EBD10F7C
:106DB00004D005E01020F4E71820F2E7002038BDE9
:106DC00020686B460122817960680078FBF705FF37
:106DD00008B1284638BD9DF80000C0082072EDE7D4
:106DE000E000002038B5174C054694F82300A8426F
:106DF00001D1002038BD0DB1302000E000208DF819
:106E00000000A07C28B19DF8000040F002008DF841
:106E1000000094F8220028B19DF8000040F08000A6
:106E20008DF8000020686B460122017D60680078C3
:106E3000FBF7D3FE10B14FF0FF3038BD84F823507C
:106E4000D7E70000E000002038B5194C4FF0FF35BF
:106E5000A17A31B3BC2801D3012010E0622801D30C
:106E600002200CE02A2801D3032008E0142801D3D3
:106E7000042004E00A2801D3052000E006208DF854
:106E80000000E07A9DF80010884201D1002038BD52
:106E900020686B460122817860680078FBF79DFED0
:106EA00008B1284638BD9DF80000E072EEE700000A
:106EB000E0000020F8B51E4D04464FF0FF37A87AD9
:106EC00048B395F8240030BB287D4FF47A7648B15A
:106ED00064B1282C03D8E0B2FFF7C2FC26E0002002
:106EE000FFF7BEFC042C05D2042406E00020FFF7C7
:106EF000B7FCF9E7B44200D93446B6FBF4F0401EC3
:106F00008DF8000028686B46012241786868007897
:106F1000FBF763FE08B13846F8BD9DF80000401C41
:106F2000B6FBF0F0E8814008FFF78EFF0020F8BDC7
:106F3000E0000020F8B5054610F0700F4FF0000695
:106F400001D0012004E015B18DF8006002E040207E
:106F50008DF80000244C6B4601222068817C60681B
:106F60000078FBF73AFE4FF0FF3760BB9DF800005A
:106F700020F0400020738DF80060680602D40420E1
:106F80008DF80000A80605D49DF8000040F002002E
:106F90008DF80000E80605D49DF8000040F00100DF
:106FA0008DF80000280705D49DF8000040F0380057
:106FB0008DF8000020686B460122C17C6068007873
:106FC000FBF70BFE10B1A6723846F8BD25B1082DAF
:106FD00002D00020FFF706FFA57226753220FFF7CA
:106FE000EDF90020F8BD0000E0000020F8B5160023
:106FF0000D464FF0FF371FD0104CA17AE1B1010AC6
:107000008DF80010C0B28DF8010041196068428906
:10701000914211D8216800786B46097E0222FBF765
:10702000DCFD48B92068EAB23346417D60680078EB
:10703000FBF7D3FD002800D03846F8BDE000002063
:107040000246012000E05043491EC9B2FBD27047FE
:1070500010B5EFF3058149B9EFF3108131B9084953
:107060000968022905D1EFF3118111B16FF0050410
:1070700003E0002408B101F099FC204610BD000097
:1070800098000020EFF3058058B9EFF3108040B965
:1070900009490868022801D030B109E0EFF31180F6
:1070A00030B16FF005007047012008600020704784
:1070B0004FF0FF30704700009800002010B5EFF34C
:1070C000058060B9EFF3108048B90B4908680228C1
:1070D00002D0012806D00BE0EFF3118040B16FF031
:1070E000050010BD0220086001F006FD002010BD63
:1070F0004FF0FF3010BD000098000020F0B585B0C3
:107100004FEA01034FF00004EFF305810394A1BBA4
:10711000EFF3108189BB21490968022902D1EFF3FD
:10712000118151BB48B3802618218DF8104004AD61
:1071300042B3176807B13D4697691FB139467F1EB4
:10714000382F02D21779FF0702D0002005B0F0BD1A
:10715000576907B1BE08D2F808C0BCF1000F0DD0C6
:10716000D4685C2C18D312693AB137B18DE8061097
:107170003246294602F0A5F803900DE0D7685FB9C2
:1071800012694AB903AACDE90012B2B2294602F047
:107190006BF8012800D003940398D7E798000020EB
:1071A0002DE9F04D1D460C4698B0174621F00041E0
:1071B00023F00043002814BF4FF0010C4FF0000CE7
:1071C0000CEB440CFE4A0CEB02064FEA620C6645DF
:1071D0002BD33E0018BF012606EB45061644F94A9C
:1071E000964222D3F84A53EA070C02D0944205D1C2
:1071F00048B918B000201146BDE8F08D002808BF3E
:107200004FF0000C01D04FF0010C0CEB440212F5D2
:10721000001F0AD8002F14BF4FF0010C4FF0000CD4
:107220000CEB450212F5001F07D918B03A462B4661
:107230002146BDE8F04DFDF727BB0022DFF88CA307
:10724000002CB8BF534526DADFF884C36345A8BFD6
:10725000022220DADFF870C39C451CDCDFF874C31F
:107260000CEB235CBCF1140F08DDCCF1340627FADB
:1072700006FC0CFA06F6BE420DD108E05FB9CCF16F
:10728000140623FA06FC0CFA06F69E4203D10CF013
:107290000102C2F1020251EA000C19D1002D17DAE5
:1072A000002C18BF022A01D0012A07D00220FDF7C6
:1072B00013FB18B0BDE8F04DFDF7DEBA0220FDF774
:1072C0000BFBFDF7D9FA18B081F00041BDE8F08D55
:1072D000B7F1000C6CD1534525D104F1804212F571
:1072E000801201BF00280020B74918B008BFBDE8D0
:1072F000F08DB548884207DC002DA1BF60462946C5
:1073000018B0BDE8F08D07E0281E05DA80F00041D6
:1073100018B06046BDE8F08DAF497944D1E900016D
:1073200018B0BDE8F08DDFF8A0C2634525D1002D6F
:107330001FDA19B1514512D1D8B909E0002840F03F
:10734000EC82A24A214618B062F31E01BDE8F08D1E
:107350000020214618B060F31E01BDE8F08D08DA68
:1073600018B02346BDE8F04D024600206146F9F70B
:10737000B7B918B02146BDE8F08D514518DAB5F11E
:10738000804F0DD0A5F1005CBCF1FF5C10D1B4F1D1
:10739000000C0DDB18B06146BDE8F04D01F07AB984
:1073A000234618B00246BDE8F04D1946F9F726B954
:1073B000060024F0004C3BD1D9B1514533D1002C0B
:1073C00006DD002DA1BF0020514618B0BDE8F08DAC
:1073D000002C01DD002D1BDB002C13DA002D11DB4E
:1073E000012A4FF0000014BF78497C4918B0BDE86D
:1073F000F08D022A18BF002C0AD0012A08D1002CD7
:1074000006DA0AE0002CB8BF002D11DA012A04D0F8
:10741000002018B00146BDE8F08D18B000204FF0F4
:107420000041BDE8F08DA1F14050B0F17F601AD06D
:10743000012000EBE47050EA020421D0624C521E9D
:107440004FF0000B104304BF4FF0000B644C654835
:1074500083427CDD644A654893421FDD884217DB26
:10746000002D25DB37E0002C00DA4AB1022A0CBFE0
:1074700001204FF0FF3018B0BDE8F04DF9F7ADB97D
:107480000120FDF729FA18B0BDE8F04DFDF7FEB96F
:107490004D4A8A4202DC002D0ADC1CE0814202DAFD
:1074A000002D18DA04E0484B994220DD002D12DD52
:1074B0000220FDF711FAFDF7EFF905460E4600220E
:1074C000534658462146F9F799F818B066F31E015D
:1074D0002846BDE8F08D0220FDF7FEF9FDF7E4F93E
:1074E0000A46214618B062F31E01BDE8F08D002265
:1074F00030466146F9F77CF880460E466FF001028F
:10750000F9F787FA4FF05532394BF9F774F84246DC
:107510003346F9F773F80022364BF9F76CF88246D8
:1075200042463346049110461946F9F767F8524629
:10753000049BF9F763F88A4600904FF0C0422E4B47
:1075400040463146F9F75AF82C4A2B4B00E027E029
:10755000CDE9060151460098F9F750F882460191AD
:10756000274A284B40463146F9F748F85246019BD6
:10757000F9F73EF882460B4602460591DDE9060121
:10758000F8F795FFDDE90623002688463046F9F72F
:107590002FF85246059BF9F72EF8024600F07EB907
:1075A0000020B1F5801F07DA352230466146F9F731
:1075B00030FA06466FF0340000EB215024E0000062
:1075C000FFFF1F00FFFF0F000000F03F0000F07FF3
:1075D0000000404301FCFFFF123A00000000F0FFF2
:1075E0000000F0BF0000E0410000F043FFFFEF3F6C
:1075F0005555D53F0000E03F4715F73FFE822B650C
:1076000044DF5DF80BAE543EA0F2FF300190C1F3B1
:10761000130040F07F6141F040510291FE498842E1
:10762000D8BF002004DDFD498142C8BF012001DD33
:107630000D9008E000200D900198401C01900298E8
:10764000A0F5801002900299F54878440B910D99AD
:1076500000EBC100D0E900230F9330460A920B994A
:10766000F8F7C6FFCDE90601DDE90A2130460F9B98
:10767000F8F71DFF02460B460020EA49F9F730F8FB
:10768000059102460B460090DDE90601F8F7B6FFCA
:107690001490E5488A464FF0000878440299006843
:1076A00012904FF0005040EA61010D980F9B01EBE2
:1076B000804000F5002109910A9A1298F8F798FF86
:1076C00032460B9BF8F797FF42465346F8F796FF72
:1076D0000646029140465146099B129AF8F78EFFE2
:1076E000DDE90623F8F787FF3246029BF8F780FFB3
:1076F000059B009AF8F782FF0091149A0490534674
:1077000010461946F8F77AFF06460246C7480B4668
:10771000029106217844FDF759F8CDE90510029B46
:10772000324610461946F8F769FFDDE90532F8F7E9
:1077300065FF05910646534640461946149AF8F7E8
:10774000B6FE009B049AF8F759FF3246059BF8F7FE
:10775000AEFECDE905104246534610461946F8F7ED
:107760004DFF0022B24B02910A90F8F7A0FEDDE92E
:107770000532F8F79CFE0E464246AD4B4046F8F700
:1077800037FF029B0A9AF8F733FFDDE90532F8F775
:1077900032FF424602910A90334610465146F8F7AE
:1077A0002DFFCDE906015346149A02990A98F8F77D
:1077B00025FF8A4602903346424600990498F8F71E
:1077C0001DFF5346029AF8F772FE82460B460246A8
:1077D0000591DDE90601F8F76AFEDDE906230020E0
:1077E00088460646F8F704FF5246059BF8F703FF64
:1077F000824609914FF060428E4B30464146F8F781
:10780000FDFE049006918C4A8A4B50460999F8F780
:10781000F5FE82460291894A894B30464146F8F787
:10782000EDFE5246029BF8F742FE864B7B440D9AD2
:1078300003EBC203D3E90023F8F739FE0E9007915A
:107840000198F8F7CAFF0591DDE9061382460E9A02
:107850000498F8F72CFE7C4A7A440D9B02EBC30394
:10786000D3E9002300930292F8F721FE5246059BCC
:10787000F8F71DFE0026884652463046059BF8F76D
:10788000B7FE009B029AF8F7B3FE069B049AF8F73E
:10789000AFFE079B0E9AF8F7AEFE024600200B469D
:1078A000029038462946F8F7A9FE824601912B46F8
:1078B00038461946029AF8F79BFE32464346F8F7D7
:1078C0009DFE5246019BF8F7F2FD07468A46324676
:1078D000434629460298F8F791FE05460E463A4679
:1078E0005346F8F7E4FD594A8846914221DBA8EB5C
:1078F000020353EA000210D12A463346F8F778FE15
:10790000CDE90401524A534B38465146F8F7CFFDB2
:10791000DDE90423F9F7ACF821D20220FCF7DCFF03
:10792000FCF7BAFF0A46214618B062F31E01BDE813
:10793000F08D494B28F000429A4210D3474A08EB99
:10794000020353EA00027FF4C6AD2A463346F8F735
:107950004FFE3A465346F9F78BF87FF6BCAD00224E
:10796000019228F000403E493E4A01EB20518242FC
:1079700023DA481C4FF4801121FA00F040443A4ABF
:10798000C0F30A517A44394BA1F2FF31CB4020EACF
:107990000303C0F3130040F48010C1F11401C84088
:1079A00012680190B8F1000FBCBF40420190284618
:1079B0003146F8F71DFE05460E462A463346384640
:1079C0005146F8F774FD4FF000084246284B4046F8
:1079D0000591F8F713FECDE90601264A264B4046ED
:1079E0000599F8F70BFE009102902A46334640466F
:1079F0000599F8F7FDFD3A465346F8F7FCFD1F4A96
:107A00001F4BF8F7FBFD009B029AF8F750FD074665
:107A1000884602460B4635E08E9803007AB60B0086
:107A20005A3600000000F03F92360000C0350000DA
:107A30000000084009C7EE3FFD033ADCF5015B1486
:107A4000E02F3EBE983400005C34000000009040FF
:107A5000FE822B654715973C00CC904000346F3F69
:107A600001FCFFFF0000E03FA8330000FFFF0F0014
:107A7000432EE63F396CA80C615C20BEEF39FAFE5C
:107A8000422EE63FDDE90601F8F711FDDDE90623A8
:107A900005460E46F8F7ACFD3A464346F8F7ABFD0F
:107AA0000F462A463346009010461946F8F7A6FDC1
:107AB000824602462E4888460B4605217844FCF74C
:107AC00085FE52464346F8F799FD2A463346F8F7B5
:107AD00092FD80468A463B4628463146009AF8F792
:107AE0008DFD3B46009AF8F7E2FC069100900022DB
:107AF0004FF0804340465146F8F77AFD0F460C9010
:107B00004246534628463146F8F778FD3B460C9AE4
:107B1000F8F7E6FD069B009AF8F76AFD2A46334619
:107B2000F8F766FD0022134BF8F765FD054601984E
:107B30000E4601EB00510815002810DC284631469E
:107B4000019AF8F766FFFCF71DFE042808BFFCF752
:107B5000ABFE28463146019AF8F75BFF05460B4617
:107B600018B02A4658462146BDE8F04DF8F746BD04
:107B7000483200000000F03F2DE9F041134C0F4661
:107B8000054666692068001D00F0E1FD681C07D10C
:107B900037B12168BDE8F0410D48091D00F026BE4F
:107BA00020683544B5424560216805D2A068BDE82B
:107BB000F041091D00F002BE6068091D00F0FEFDE5
:107BC000206B854200D22563BDE8F081480000208B
:107BD000D80700202DE9F041054600F013FE2D4C9A
:107BE0002069401C206120682B4F10B1E06930B340
:107BF0002BE025602069012827D1002606EB8600AE
:107C000007EB800000F0CCFD761C382EF6D323481D
:107C100000F0C6FD2148143000F0C2FD1F48283096
:107C200000F0BEFD1D483C3000F0BAFD1B4850304E
:107C300000F0B6FD194860601430A06005E02068CF
:107C4000E96AC06A884200D82560E06A401CE062A8
:107C50006864E86AA169884200D9A06100EB8000ED
:107C600007EB8000291D00F0C1FD00F0EBFDE0698D
:107C700000280CD02068E96AC06A884207D2084907
:107C80004FF080500860BFF34F8FBFF36F8FBDE898
:107C9000F081000048000020280300208807002011
:107CA00004ED00E038B500F0ADFD104CA068C8B997
:107CB0000F4800F075FD0E48143000F071FD0C48BF
:107CC0002060143060600A4B00202833009003F1DC
:107CD000500210210A2001F06BF8A06010B105A13C
:107CE00000F02EFEBDE8384000F0ACBD840000205E
:107CF000EC070020546D72510000000030B4026C9B
:107D00000B46002A0BD0C1681144C1604468A142EF
:107D100001D30168C16030BC1846F8F7C3BA30BC63
:107D200070472DE9F041856B174604460026026C2A
:107D300082B1C7B1E068F8F7B5FAE168206C091ABA
:107D4000E1602268914202D26168081AE060022F65
:107D500016D017E02068A8B9606801F05DFB064600
:107D6000002060600EE0A068F8F79CFA216CA06823
:107D70000844A0606168884204D32068A06001E0E4
:107D800005B16D1E6D1CA5633046BDE8F08110B5D0
:107D9000044690F8590058B101280CD002280FD0A1
:107DA000502080F31188BFF34F8FBFF36F8FFEE732
:107DB000206B00F05BFD2046BDE8104000F056BD92
:107DC00010BD000010484FF40051420706D0C01DFE
:107DD0000D4920F00700411AC1F500510B4A00235C
:107DE0000144C2E900030839103A21F0070111608B
:107DF0004B600B600B1AC0E9001393604FF000401A
:107E00005360D06070470000BC0F0020AC00002021
:107E1000144E154CA6F29C474FF08058DFF84C905A
:107E200012E000BF00F0EEFCF068C568281D00F00D
:107E30008EFC2069401E2061E068401EE06000F07A
:107E400001FD2846FFF7A3FFE0680028EAD1386863
:107E50000128F9D9C9F80080BFF34F8FBFF36F8FA6
:107E6000F2E70000C40700204800002004ED00E015
:107E700070B51D46049C51B1C4F80020C4E90F013F
:107E80000121204600F0C8FF84F84C5070BD2460EA
:107E9000F4E72DE9F0470E46DDE9098417468246EE
:107EA00091009946089DA522206BF8F70DFA6FF016
:107EB0000301206B01EB8701084420F007077807D6
:107EC00007D0502080F31188BFF34F8FBFF36F8F1F
:107ED000FEE72218315C82F83410315C11B1401C8D
:107EE0001028F6D3002684F84360382D00D33725B8
:107EF000E562C4E91356201D00F05DFC04F1180092
:107F000000F059FC2461C5F138006462A061666527
:107F100084F858604A465146384600F077FA2060A7
:107F2000B8F1000F01D0C8F80040BDE8F0872DE996
:107F3000F0471E46DDE9089417460D0080460ED036
:107F4000002C14D0FFF7AEFEC4F80080C4E9065739
:107F5000C4E90869201DBDE8F04700F02CBC5020A2
:107F600080F31188BFF34F8FBFF36F8FFEE7BDE83B
:107F7000F087000030B5114900E011460A688242DE
:107F8000FBD34B685C18844203D1406818444860B6
:107F9000084643681C18944209D1084C103C2468D8
:107FA000A24209D052681A4442600A68126802600C
:107FB000814200D0086030BD0460F9E7AC000020C9
:107FC00070B5002441600B4D0061914206D8D11A72
:107FD0008269914206D2011D686807E09A4203D285
:107FE000994201D3012403E0011D286800F0E6FB5B
:107FF000204670BD8400002010B5044600F002FC4D
:10800000A06B28B15FF0000400F01CFC204610BDFE
:108010000124F9E730B589B0304D55E004980028C7
:1080200006DADDE90601059A9047049800284BDB43
:10803000069C606910B1201D00F089FB02A800F0C9
:10804000B9F8024604980A283ED2DFE800F0050598
:10805000053D263705053D260598A16903460144DF
:108060002046FFF7ADFF00B3616A20468847E0690C
:10807000012829D1002000900598A1690023421809
:108080001946204601F0ECFA78B9502080F31188A7
:10809000BFF34F8FBFF36F8FFEE70598A06128B144
:1080A000811813462046FFF78BFF0DE0502080F328
:1080B0001188BFF34F8FBFF36F8FFEE794F82C004A
:1080C00010B9204600F0D2FB002204A9A86800F0F5
:1080D000F5FF0028A2D109B030BD000084000020C7
:1080E0002DE9FC410F46054600F098FD01A800F07F
:1080F00061F80446019818B101F006FABDE8FC8168
:10810000224EAFB170680068A8B30027291B3A4619
:10811000B06800F029FC01F0F7F90028EED11C4905
:108120004FF080500860BFF34F8FBFF36F8FE5E7CC
:10813000A542EBD801F0E8F930682746C068C4686A
:10814000201D00F004FBE069012810D1A0692B4636
:1081500041193A462046FFF733FF40B1002003465D
:10816000014600902A46204601F07AFA20B1616A61
:1081700020468847C2E707E0502080F31188BFF30C
:108180004F8FBFF36F8FFEE70127BFE7840000200A
:1081900004ED00E006484168096829B14168C968F2
:1081A000C9684968016370474FF0FF31FAE7000082
:1081B0004800002070B5054601F0BCF8064E0446A4
:1081C0003069844203D200F009F8012000E0002069
:1081D00028602046346170BD84000020F8B5194D38
:1081E0001FE0C068C4680668201D00F0B0FA616A2C
:1081F00020468847E069012813D1A0693044B04285
:1082000006D924616060211D286800F0D7FA08E0D3
:1082100000200346014600903246204601F020FA35
:1082200038B1286801680029DBD16968C5E9001008
:10823000F8BD502080F31188BFF34F8FBFF36F8FCD
:10824000FEE700008400002008484068401C4FF012
:10825000500080F3118804D0BFF34F8FBFF36F8FAE
:10826000FEE7BFF34F8FBFF36F8FFEE7B400002030
:10827000002150B10A4B42699A420FD1806AA3F1A2
:10828000280290420AD040B108E0502080F31188C3
:10829000BFF34F8FBFF36F8FFEE701210846704792
:1082A000D8070020074C2068016841B1C068002150
:1082B000D0F80000FFF714FFFFF7ACFEF3E7012151
:1082C0000020F7E7840000202DE9F041044600F08B
:1082D00099FA94F9455004F1240609E0606A48B11E
:1082E000304601F0D9F808B100F08EFB6D1E6DB27A
:1082F000002DF3DC4FF0FF3684F8456000F0A2FA61
:1083000000F080FA94F9445004F1100709E0206964
:1083100048B1384601F0C0F808B100F075FB6D1E99
:108320006DB2002DF3DC84F84460BDE8F04100F04C
:1083300089BA00002DE9F0410546002700F06EFCE7
:10834000314E306808B9FFF73DFDF06805424BD16A
:10835000C5B3083568070ED005F00700C0F1080066
:108360000544680707D0502080F31188BFF34F8F72
:10837000BFF36F8FFEE72DB37068854234D8224873
:10838000103001460C6801E020460C466168A942A5
:1083900002D221680029F7D131688C4224D00768C5
:1083A0002168016060680837411B10290FD96019E6
:1083B000420708D0502080F31188BFF34F8FBFF3DE
:1083C0006F8FFEE710E041606560FFF7D3FD6168E5
:1083D0007068401A7060B268904200D2B060F06875
:1083E00001430020C4E9000101F08EF8780707D0AE
:1083F000502080F31188BFF34F8FBFF36F8FFEE7DC
:108400003846BDE8F08100009C00002010B5031F35
:108410004FF080741C601B1F21F001011960191FAF
:10842000024B0B60143940380A6010BD49820008C5
:1084300010B504460246882100F0A3F800284DD06C
:10844000A21C8A21204600F09CF8E8B3221D8C2152
:10845000204600F096F8B8B3A21D8E21204600F009
:1084600090F888B304F108029021204600F089F8C2
:1084700050B304F10A029221204600F082F818B3AA
:1084800004F10C029421204600F07BF8E0B104F1E5
:108490000E029621204600F074F8A8B104F11002F3
:1084A0009821204600F06DF870B104F112029A2173
:1084B000204600F066F838B104F114029C212046F1
:1084C00000F05FF800B100E008E004F116029E2120
:1084D000204600F056F808B1012010BD002010BD64
:1084E0003EB514460A46818C4FF6FF75CDE9004330
:1084F00005EA410141F288350295806A0123F8F7C7
:108500007FFE002800D001203EBD1CB5044601239B
:1085100000F11802A121FFF7E3FF10BB04F11A02DA
:10852000E121204600F02DF8D8B1012304F11C020E
:10853000E3212046FFF7D4FF98B96A46E42120469C
:1085400000F01FF868B101AAE521204600F019F8F3
:1085500038B1012304F12202E7212046FFF7C0FFD2
:1085600008B100201CBDBDF80000C1B2C0F303205B
:1085700040EA0110E083BDF80400000920840120D6
:108580001CBD7FB51446828C4FF6FF7303EA42058B
:1085900041F28836022303AA8DE84C000A46806A1D
:1085A00001232946F8F72CFE10B1002004B070BD5D
:1085B000BDF80C0020800120F8E710B588B06946AE
:1085C00004A8FEF783FA032802D0012008B010BDEA
:1085D00007A8FDF7E7FF0498F8F7F1F807990C46AC
:1085E000F7F7E9FEF8F70AF904900598F8F7E7F8C5
:1085F0002146F7F7E0FEF8F701F905900698F8F73D
:10860000DEF82146F7F7D7FEF8F7F8F8069004A849
:10861000FDF7FEF903A8FDF789FFBDF80C000099EE
:1086200041430091019941430191029941436846B8
:108630000291FDF74FF90020C8E70000F8B5144C8F
:108640000146224694F82460D2E9000200235D1E10
:1086500056B179B1022111E0C17B10786B4601223D
:10866000FAF7BBFA68B90EE0A67A56B111B1617C8F
:1086700061B902E08DF80030EEE701218DF80010BD
:10868000EAE72846F8BD9DF8000060740020F8BDB8
:10869000E00000202DE9F04106460F46F8F712FAF7
:1086A000041E0D4618BF0120284320F00040C0F1F1
:1086B0007F6000F1E040C00F0ED0301C18BF0120D9
:1086C000384320F00040C0F17F6000F1E040C00F6F
:1086D00004BF0120FCF700F920462946BDE8F081DF
:1086E00030B50C4A00211368DC6A4FF47A7260439B
:1086F000B0FBF2F55A6A586A9042FCD002D9A0EB5E
:10870000020202E0A4EB0202024411440246A94222
:10871000F1D330BDA002002010B503680C68A3425D
:1087200005DA9C1804600B689C4200DD0360036856
:108730000C68A34205DD9B1A03600A68934200DAC5
:108740000260026809688A4200D1016010BDD0E968
:10875000013201699A60D0E901235A604A68824275
:1087600001D182684A60002202610868401E0860E8
:1087700008687047034B036003F15C0008608020C9
:108780001060704704090020044B036003F15C0093
:1087900008604FF48070106070470000600B00208C
:1087A00000F108014FF0FF32C0E90112C160016120
:1087B00000210160704700210161704730B50B68EE
:1087C0005A1C02D000F1080202E0026904E02246CD
:1087D000546825689D42FAD953684B6099608A6055
:1087E000516008610168491C016030BD42684A60FF
:1087F00093688B6093685960916008610168491CB7
:1088000001607047502080F31188BFF34F8FBFF392
:108810006F8F0A494868401C486001280CD10848FD
:10882000006810F0FF0F07D0502080F31188BFF3CD
:108830004F8FBFF36F8FFEE770470000B40000203A
:1088400004ED00E00849486828B1401E486001D1A5
:1088500080F311887047502080F31188BFF34F8F49
:10886000BFF36F8FFEE70000B400002070B5002852
:1088700027D0144DA0F108046168E868014207D1CF
:10888000502080F31188BFF34F8FBFF36F8FFEE747
:1088900022683AB1502080F31188BFF34F8FBFF3A5
:1088A0006F8FFEE78143616000F0B8F96068696826
:1088B000084468602046FFF75DFBBDE8704000F0AB
:1088C00023BE70BD9C0000204FF0E020002101611C
:1088D000816105494FF47A720968B1FBF2F1491ED2
:1088E00041610721016170470C00002010B5F7F7C6
:1088F00051FC114910280ED300F1E02090F8F0034C
:108900000A78904207D2502080F31188BFF34F8F2E
:10891000BFF36F8FFEE709480068896800F4E060E4
:10892000884207D9502080F31188BFF34F8FBFF3DF
:108930006F8FFEE710BD0000B40000200CED00E0DA
:1089400010B5084B002200BF53F832401CB1521C36
:10895000082AF9D310BD43F8321003EBC201486076
:1089600010BD0000E802002070B515460E46044612
:10897000FFF748FF94F944100020491C01D184F806
:10898000440094F94510491C01D184F84500FFF7D3
:1089900059FFA06B28B92A46314604F1240000F0A3
:1089A00051F82046BDE87040FFF78EBC10B50200BC
:1089B00014D00F48806B38B1502080F31188BFF37A
:1089C0004F8FBFF36F8FFEE700F028F900211046AC
:1089D000FFF7D2F800F098FD002807D105494FF0C5
:1089E00080500860BFF34F8FBFF36F8F10BD000042
:1089F0004800002004ED00E002498A6A02604969EB
:108A000041607047480000200149012048627047DA
:108A10004800002010B50C4650B1094909681831CA
:108A2000FFF7CCFE2046BDE810400121FFF7A4B8B7
:108A3000502080F31188BFF34F8FBFF36F8FFEE795
:108A40004800002070B514460D4668B10A4909680F
:108A50001831FFF7CBFE0CB14FF0FF352146284609
:108A6000BDE87040FFF788B8502080F31188BFF34D
:108A70004F8FBFF36F8FFEE74800002070B50400F2
:108A80002AD01A4D286884422ED0FFF7BBFE20461C
:108A9000FFF7EEFBE0B1201DFFF759FEE06AA96980
:108AA000884200D9A861124900EB800001EB8000E8
:108AB000211DFFF79BFEE06A2968C96A884207D337
:108AC0000C494FF080500860BFF34F8FBFF36F8F9A
:108AD000BDE87040FFF7B6BE502080F31188BFF3A9
:108AE0004F8FBFF36F8FFEE770BD0000480000207E
:108AF0002803002004ED00E030B587B00024039483
:108B000005AA04A903A80494FFF734FEDDE90301D4
:108B10000094CDE90110002315A11748059A00F033
:108B2000D0FB164D002868631FD000F069FD0128B6
:108B300009D0401C19D1502080F31188BFF34F8F0A
:108B4000BFF36F8FFEE7502080F31188BFF34F8F84
:108B5000BFF36F8F4FF0FF3028630120E8616C6135
:108B600007B0BDE8304000F0ABB807B030BD000042
:108B700049444C4500000000117E000848000020D8
:108B800070B50446FFF73EFE214D04B92C68201D48
:108B9000FFF7DDFDA06A18B104F11800FFF7D7FD5B
:108BA000211D1C48FFF722FE94F8580000260128DA
:108BB00001D184F85860FFF745FEE86928B1FFF756
:108BC00021FEFFF7E7FAFFF73DFE2868844213D144
:108BD000E86990B1A86B38B1502080F31188BFF3D9
:108BE0004F8FBFF36F8FFEE70B494FF08050086047
:108BF000BFF34F8FBFF36F8F70BD064800682969C0
:108C0000884201D12E6070BDBDE8704000F00EB802
:108C100048000020D807002004ED00E00248816BE6
:108C2000491C81637047000048000020164810B5B9
:108C3000816B11B10121416210BD00214162816946
:108C4000124A01E0B9B1491E01EB810352F8233009
:108C5000002BF7D001EB810302EB830202F1080441
:108C600053685B685360A34201D15B685360DA6864
:108C70000260816110BD502080F31188BFF34F8FD7
:108C8000BFF36F8FFEE7000048000020280300209C
:108C900037B5828C4FF6FF7303EA420484B042F288
:108CA0001075012306AA8DE82C000A46806A214629
:108CB000F8F7CEFB002800D0012007B030BD00003F
:108CC0001CB5264908780190FF20087008788DF8B7
:108CD00000009DF800009DF8002000F0F000904298
:108CE00007D0502080F31188BFF34F8FBFF36F8FF1
:108CF000FEE79DF800001A4B00F0500018700720A6
:108D0000986005E09DF8002052008DF80020401E7C
:108D10009DF800201206F5D49860032807D0502053
:108D200080F31188BFF34F8FBFF36F8FFEE74FF4CF
:108D300040709860019808700A48016841F4700119
:108D40000160016841F070410160FFF7BDFD002046
:108D50005860F7F7E9F900201CBD000000E400E0CE
:108D6000B400002020ED00E0F8B517460E460500DF
:108D700014D0DEB105FB06F05030FFF7DBFA04003B
:108D80000AD0002084F8460004F150023B463146E8
:108D900028460094FFF76CF82046F8BD502080F379
:108DA0001188BFF34F8FBFF36F8FFEE70020E3E71B
:108DB00038B5049D18B153B1CAB181B120E050203B
:108DC00080F31188BFF34F8FBFF36F8FFEE7502002
:108DD00080F31188BFF34F8FBFF36F8FFEE75020F2
:108DE00080F31188BFF34F8FBFF36F8FFEE739B168
:108DF000502080F31188BFF34F8FBFF36F8FFEE7D2
:108E000050241C46012384F846302B460094FFF77B
:108E10002FF8204638BD000070B50D46040025D05F
:108E2000FFF7F0FCD4E90F20216802FB001161601C
:108E30000021A1632168A1600A46D4E90F01401E08
:108E400000FB0121E16021464FF0FF3001F8440FA3
:108E5000487004F110008DB1FFF7A2FC04F124006A
:108E6000FFF79EFCFFF7EEFC012070BD502080F361
:108E70001188BFF34F8FBFF36F8FFEE72169002981
:108E8000F0D000F009FB0028ECD004494FF08050EE
:108E90000860BFF34F8FBFF36F8FE3E704ED00E08F
:108EA0002DE9FF4782B01D468A464FF000080400B6
:108EB00003D0BAF1000F08D011E0502080F31188E0
:108EC000BFF34F8FBFF36F8FFEE7206C38B1502098
:108ED00080F31188BFF34F8FBFF36F8FFEE7022D32
:108EE0000AD1E06B012807D0502080F31188BFF32E
:108EF0004F8FBFF36F8FFEE700F00EFA3F4F4FF03A
:108F000000094FF0805648B9049838B1502080F3DA
:108F10001188BFF34F8FBFF36F8FFEE7FFF772FC2F
:108F2000A06BE16B884207D3022D05D00498D0B125
:108F3000B8F1000F1AD01EE02A4651462046FEF72F
:108F4000F0FE616A19B104F1240000F0A5FA20B125
:108F50003E60BFF34F8FBFF36F8FFFF773FC0120AD
:108F600006B0BDE8F087FFF76DFC22E06846FFF72A
:108F700043FD4FF00108FFF765FCFFF74FFEFFF7D9
:108F800041FC94F94400401C01D184F8449094F9C8
:108F90004500401C01D184F84590FFF753FC04A91B
:108FA000684600F027F930B12046FFF78DF900F050
:108FB000ABFA0020D4E7FFF725FCA06BE16B8842F9
:108FC00013D1FFF73FFC04F110000499FFF722FDD5
:108FD0002046FFF779F900F097FA00289ED13E600D
:108FE000BFF34F8FBFF36F8F98E7FFF72BFC20463F
:108FF000FFF76AF900F088FA90E7000004ED00E05E
:109000002DE9F0471F4690468946040003D0B9F188
:10901000000F08D011E0502080F31188BFF34F8F6C
:10902000BFF36F8FFEE7206C38B1502080F31188BA
:10903000BFF34F8FBFF36F8FFEE7022F0AD1E06BB4
:10904000012807D0502080F31188BFF34F8FBFF362
:109050006F8FFEE7FFF74AFC5020EFF3118680F395
:109060001188BFF34F8FBFF36F8FA06BE16B884206
:1090700006D3022F04D0002086F31188BDE8F087C4
:1090800094F945503A4649462046FEF74AFE681C88
:1090900004D06D1C84F845500120EDE7606A00287B
:1090A000FAD004F1240000F0F7F90028F4D0B8F168
:1090B000000FF1D00121C8F80010EDE72DE9F747C6
:1090C000002683B08A46040003D0BAF1000F08D00E
:1090D00011E0502080F31188BFF34F8FBFF36F8FE3
:1090E000FEE7206C38B1502080F31188BFF34F8F1A
:1090F000BFF36F8FFEE700F00FF9DFF8F4804FF059
:1091000000094FF0805748B9059838B1502080F3D6
:109110001188BFF34F8FBFF36F8FFEE7FFF772FB2E
:10912000A56BC5B151462046FEF7E8FD6D1EA5634F
:10913000206950B104F1100000F0AEF928B1C8F870
:109140000070BFF34F8FBFF36F8FFFF77BFB0120E2
:1091500006B0BDE8F087059808B11EB106E0FFF73C
:1091600071FB27E06846FFF747FC0126FFF76AFB23
:10917000FFF754FDFFF746FB94F94400401C01D172
:1091800084F8449094F94500401C01D184F845903E
:10919000FFF758FB05A9684600F02CF80028204688
:1091A0000AD0FFF791F800F0AFF92046FEF724FF50
:1091B0000028B3D00020CBE7FEF71EFF90B104F1EA
:1091C00024000599FFF726FC2046FFF77DF800F004
:1091D0009BF90028A2D1C8F80070BFF34F8FBFF3EE
:1091E0006F8F9BE72046FFF76FF800F08DF995E74A
:1091F00004ED00E02DE9F0410C46050011D0C4B1AA
:10920000FFF700FB174B5A696E682068911B471CDB
:1092100017D02F689B6A9F4219D0964217D8012415
:1092200010E0502080F31188BFF34F8FBFF36F8F92
:10923000FEE7502080F31188BFF34F8FBFF36F8F8D
:10924000FEE70024FFF7FEFA2046BDE8F0818842E1
:1092500005D9401A20602846FFF7CEFBF1E7002031
:109260002060DCE7480000202DE9FF5F8346DDE950
:109270000E87994616468A469000FFF75BF8050070
:109280001CD05C20FFF756F8040014D000202563A2
:1092900084F85900CDE90240CDE900874B463246BB
:1092A00051465846FEF7F5FD2046FEF793FC012097
:1092B00004B0BDE8F09F2846FFF7D8FA4FF0FF3022
:1092C000F6E7F0B585B0DDE90B640A9DA6B1DCB127
:1092D0005C2700972663022684F85960002604AFB5
:1092E000CDE90246CDE90057FEF7D3FD2046FEF753
:1092F00071FC049805B0F0BD502080F31188BFF3D5
:109300004F8FBFF36F8FFEE7502080F31188BFF3BC
:109310004F8FBFF36F8FFEE70548C16919B1806BAE
:1093200018B10020704701207047022070470000EC
:1093300048000020014840697047000048000020B4
:1093400010B5FFF7D3FA0148406910BD480000206E
:109350002DE9F0412E4C0027A06B40B1206A401C43
:109360002062606A00B101273846BDE8F081666975
:10937000761C666113D16068006838B1502080F3B4
:109380001188BFF34F8FBFF36F8FFEE76068A1684E
:109390006160A060A06A401CA062FEF7FBFE206B2B
:1093A000DFF87080864209D36068006880B1606829
:1093B000C068C568686886420DD220632068C06AAC
:1093C00000EB800158F821000128CAD90127C8E71D
:1093D0004FF0FF30F1E7281DFFF7B9F9A86A18B17F
:1093E00005F11800FFF7B3F9E86AA169884200D9CE
:1093F000A06100EB800108EB8100291DFFF7F6F961
:10940000E86A2168C96A8842CED30127CCE7000008
:10941000480000202803002070B504004FF0000130
:1094200033D01B4D2868844207D0502080F3118828
:10943000BFF34F8FBFF36F8FFEE7206D38B1401E33
:109440002065E36CE26A9A421FD040B11DE05020D3
:1094500080F31188BFF34F8FBFF36F8FFEE7201D9E
:10946000FFF775F9E06CE062C0F13800A061E06AD6
:10947000A969884200D9A861064900EB800001EB88
:109480008000211DFFF7B2F90121084670BD0000E0
:10949000480000202803002070B5C068C46854B19B
:1094A00004F118000646FFF752F9144DA86B50B1AD
:1094B0003146134815E0502080F31188BFF34F8FD9
:1094C000BFF36F8FFEE7201DFFF741F9E06AA9693E
:1094D000884200D9A8610B4900EB800001EB8000B5
:1094E000211DFFF783F9E06A2968C96A884202D919
:1094F0000120686270BD002070BD0000480000209F
:10950000B0070020280300202DE9F0472C4D00244F
:109510002746A86B38B1FFF775F9A86B401EA86302
:10952000A86B40B146E0502080F31188BFF34F8F05
:10953000BFF36F8FFEE72969224E0120D1B3A6F554
:10954000916980463068E0B1F068C46804F11800A1
:10955000FFF7FDF8201DFFF7FAF8E06AA9698842D5
:1095600000D9A86100EB800109EB8100211DFFF704
:109570003DF9E06A2968C96A8842E3D3C5F82480C6
:10958000E0E70CB1FEF706FE2C6A4CB14FEA080684
:10959000FFF7DEFE00B16E62641EF9D10020286282
:1095A000686A38B10849012738070860BFF34F8F50
:1095B000BFF36F8FFFF746F93846BDE8F08700002C
:1095C00048000020B007002004ED00E02DE9FC4732
:1095D00081461E461746884630200A9DFEF7AAFEA1
:1095E00004000AD0CDE9005433463A464146484685
:1095F000FEF79DFC002084F82C002046BDE8FC8787
:1096000010B586B0FEF74EFB114CA068B8B1002033
:109610000390049005AA04A903A8FFF7B5F8DDE9B3
:10962000032122208DE8070000230AA10B48059A98
:10963000FFF747FEE06010B106B0012010BD5020DA
:1096400080F31188BFF34F8FBFF36F8FFEE70000E9
:1096500084000020546D722053766300A5820008B8
:109660002DE9FF411E46134602000A9D4FF00000FF
:1096700016D0144CA768002F0FD0CDE9001302922A
:10968000062917DAFFF748FE02284FF000030FD033
:1096900000226946A068FFF703FC04B0BDE8F08132
:1096A000502080F31188BFF34F8FBFF36F8FFEE719
:1096B0002A46EEE70023324669463846FFF7A0FC0B
:1096C000EBE7000084000020010202030405060706
:1096D00008090A0B0C0D0E0F10100000000000000E
:1096E000000001020304060708090000000001024F
:1096F0000304000038AD0008000000000000000076
:10970000000000000000000000020000180000003F
:109710000000000000000000000000000000000049
:10972000002F000000000700070000147F147F14C2
:1097300000242A7F2A120062640813230036495548
:10974000225000000503000000001C224100000020
:1097500041221C000014083E08140008083E0808B6
:10976000000000A060000008080808080000606011
:109770000000002010080402003E5149453E000050
:10978000427F4000004261514946002141454B3132
:10979000001814127F10002745454539003C4A49FE
:1097A0004930000171090503003649494936000670
:1097B0004949291E000036360000000056360000D8
:1097C0000008142241000014141414140000412253
:1097D000140800020151090600324959513E007C2B
:1097E0001211127C007F49494936003E4141412215
:1097F000007F4141221C007F49494941007F0909FE
:109800000901003E4149497A007F0808087F0000AD
:10981000417F4100002040413F01007F0814224168
:10982000007F40404040007F020C027F007F040820
:10983000107F003E4141413E007F09090906003E7C
:109840004151215E007F09192946004649494931A5
:109850000001017F0101003F4040403F001F2040C8
:10986000201F003F4038403F006314081463000786
:109870000870080700615149454300007F414100DD
:1098800000552A552A55000041417F00000402017D
:10989000020400404040404000000102040000205B
:1098A00054545478007F4844443800384444442099
:1098B00000384444487F00385454541800087E0946
:1098C00001020018A4A4A47C007F0804047800000E
:1098D000447D4000004080847D00007F10284400CB
:1098E0000000417F4000007C04180478007C0804DC
:1098F000047800384444443800FC24242418001818
:10990000242418FC007C0804040800485454542003
:1099100000043F444020003C4040207C001C20408C
:10992000201C003C4030403C004428102844001CCF
:10993000A0A0A07C004464544C44141414141414C7
:109940000000000000000000000000000000000017
:10995000000000F8000000000000003330000000AC
:1099600000100C06100C06000000000000000000B3
:1099700040C07840C0784000043F04043F04040025
:10998000007088FC08300000001820FF211E000035
:10999000F008F000E018000000211C031E211E004A
:1099A00000F00888700000001E21232419272110D0
:1099B00010160E0000000000000000000000000073
:1099C000000000E01804020000000007182040001A
:1099D00000020418E000000000402018070000000A
:1099E000404080F0804040000202010F010202006E
:1099F000000000F0000000000101011F0101010052
:109A0000000000000000000080B0700000000000B6
:109A1000000000000000000000010101010101013F
:109A200000000000000000000030300000000000D6
:109A300000000000806018040060180601000000AB
:109A400000E010080810E000000F102020100F00A8
:109A5000001010F8000000000020203F202000002F
:109A60000070080808887000003028242221300087
:109A700000300888884830000018202020110E008F
:109A80000000C02010F8000000070424243F240038
:109A900000F80888880808000019212020110E000D
:109AA00000E0108888180000000F112020110E001F
:109AB00000380808C83808000000003F0000000017
:109AC0000070880808887000001C222121221C00D8
:109AD00000E010080810E0000000312222110F0001
:109AE000000000C0C0000000000000303000000096
:109AF0000000008000000000000080600000000006
:109B0000000080402010080000010204081020001E
:109B10004040404040404000040404040404040069
:109B200000081020408000000020100804020100FE
:109B3000007048080808F0000000003036010000FE
:109B4000C030C828E810E0000718272423140B00B1
:109B50000000C038E0000000203C2302022738202B
:109B600008F8888888700000203F202020110E000F
:109B7000C030080808083800071820202010080006
:109B800008F808080810E000203F202020100F00EF
:109B900008F88888E8081000203F202023201800BB
:109BA00008F88888E8081000203F20000300000023
:109BB000C03008080838000007182020221E0200C4
:109BC00008F808000008F808203F210101213F2083
:109BD000000808F8080800000020203F20200000AE
:109BE00000000808F8080800C08080807F0000009E
:109BF00008F888C028180800203F200126382000D7
:109C000008F8080000000000203F2020202030003D
:109C100008F8F800F8F80800203F003F003F200057
:109C200008F830C00008F808203F200007183F005F
:109C3000E01008080810E0000F10202020100F008E
:109C400008F808080808F000203F21010101000081
:109C5000E01008080810E0000F18242438504F00C6
:109C600008F8888888887000203F2000030C302086
:109C700000708808080838000038202121221C00C4
:109C8000180808F8080818000000203F200000000D
:109C900008F808000008F808001F202020201F00F6
:109CA0000878880000C83808000007380E01000056
:109CB000F80800F80008F800033C0700073C030020
:109CC000081868808068180820302C03032C302086
:109CD0000838C800C83808000000203F20000000F5
:109CE00010080808C838080020382621202018004D
:109CF000000000FE020202000000007F4040400021
:109D0000000C30C000000000000000010638C00058
:109D100000020202FE000000004040407F00000000
:109D20000000040202020400000000000000000025
:109D30000000000000000000808080808080808023
:109D4000000202040000000000000000000000000B
:109D500000008080808000000019242222223F2001
:109D600008F8008080000000003F112020110E0044
:109D70000000008080800000000E112020201100D3
:109D8000000000808088F800000E112020103F2085
:109D90000000808080800000001F22222222130009
:109DA000008080F0888888180020203F2020000054
:109DB0000000808080808000006B94949493600009
:109DC00008F8008080800000203F210000203F2014
:109DD00000809898000000000020203F2020000014
:109DE000000000809898000000C08080807F000004
:109DF00008F8000080808000203F24022D302000E1
:109E0000000808F8000000000020203F202000008B
:109E10008080808080808000203F20003F20003FA5
:109E20008080008080800000203F210000203F20B3
:109E30000000808080800000001F202020201F0064
:109E4000808000808000000080FFA12020110E0093
:109E50000000008080808000000E112020A0FF8084
:109E6000808080008080800020203F212000010031
:109E70000000808080808000003324242424190086
:109E8000008080E0808000000000001F2020000093
:109E90008080000000808000001F202020103F20D4
:109EA000808080000080808000010E300806010064
:109EB00080800080008080800F300C030C300F0009
:109EC00000808000808080000020312E0E31200034
:109ED000808080000080808080818E701806010064
:109EE00000808080808080000021302C2221300082
:109EF00000000000807C020200000000003F4040A3
:109F00000002027C800000000040403F0000000092
:109F100000000000FF00000000000000FF00000043
:109F200075191A0C6A231B1C1F207274433B41389D
:109F3000393A6B6C376F06246D6E70006800000450
:109F400076005401F7FD00018300000000080000C6
:109F50000001001832000500000020410000D2423C
:109F6000295C0F3E9A99993E3333733F295C0F3E2B
:109F70000000700000000024000000020003000048
:109F800000650054FFEF0000FA80000B1282000110
:109F9000030C30C30E8C8CE914D5400213710F8E64
:109FA0003883F8833000F883258EF8833000F883F7
:109FB000FFFFFFFF0FFEA9D6240004001A8279A13B
:109FC0000000003CFFFF00000010000038836FA27B
:109FD000003E03304000000002CAE3093E8000005A
:109FE00020000000000000004000000060000000B1
:109FF000000C0000000C186E000006920A16C0DF6C
:10A00000FFFF0256FD8CD377FFE1C496E0C5BEAAE0
:10A0100000000000FFFF0B2B000016570000035943
:10A020004000000000001DFA00026C1D000000004E
:10A030003FFFDFEB003EB3B6000D227800002F3C5F
:10A0400000000000001942B5000039A20000B3650D
:10A05000D90E9FC91DCF4C343000000050000000C5
:10A060003BB67AE80064000000C800000000000071
:10A07000100000001000FA921000225E000D229FD6
:10A080000001000000320000FF46000063D4000021
:10A090001000000004D6000004CC000004CC000036
:10A0A00000001072000000400000000000000000EE
:10A0B0000006000200050007000000000064000028
:10A0C0000000000000000005000500640020000002
:10A0D000000000000000000000004000000003003D
:10A0E00000000032F8980000FF650000830F0000B8
:10A0F000FF9BFC00000000000000000000000000CA
:10A10000000000000000000000000000000000004F
:10A11000000000000000000000000000000010002F
:10A1200040000000000000060000B26A00020000CB
:10A130000001FB830068000000D9FC007CF1FF8374
:10A140000000000000650000006403E800640028CF
:10A15000000000250000000016A000000000100014
:10A1600000001000002F0000000001F400001000AB
:10A1700000280000FFFF4581FFFFFA720000000089
:10A1800000000000004400050005BAC6004778A2A0
:10A1900000000001000000000000060000000014A4
:10A1A0000000254D002F706D000005AE000C02D0A0
:10A1B000000000000000000000000000000000009F
:10A1C000001B000000000000000000000000000074
:10A1D0000064000000080000000000000000000013
:10A1E000000000000000000000000000000000006F
:10A1F000000000000000000000000000000000005F
:10A20000000000000000000000000000000000004E
:10A21000000000000000000000000000000000003E
:10A22000000000000000000000000000000000002E
:10A23000001B00000000000000000000000E000EE7
:10A2400000000AC70004000000000032FFFFFF9C6E
:10A2500000000B2B00000002000000010000006461
:10A26000FFE500000000000000000000000000000A
:10A2700000000001000000000001000000000000DC
:10A28000000180000001800000018000002426D32E
:10A290000000000000000000000600100096003CD6
:10A2A00000000000000000000000000000000000AE
:10A2B0000C0A4E68CDCF770950166759C619CE8261
:10A2C000000000000000000000000000000000008E
:10A2D000000000000000000017D784000300000009
:10A2E0000000000000000000C7938F9D1E1B1C197A
:10A2F000000000000000000000000000000000005E
:10A30000000000000000000002031885000040006B
:10A310000000000300000003000000000000000037
:10A3200040000000000000000000000000000000ED
:10A33000000000000000000000000000000000001D
:10A34000000000000000000000000000000000000D
:10A3500000000000677DDF7E72902E554CF6E68887
:10A3600000000000000000000000000000000000ED
:10A37000D8DCB4B8B0D8B9ABF3F8FAB3B7BB8E9E9B
:10A38000AEF132F51BF1B4B8B08097F1A9DFDFDF91
:10A39000AADFDFDFF2AAC5CDC7A90CC92C97F1A9A6
:10A3A00089264666B28999A92D557DB0B08AA896AE
:10A3B000365676F1BAA3B4B280C0B8A89711B2836A
:10A3C00098BAA3F0240844106418B2B9B49883F181
:10A3D000A329557DBAB5B1A38393F0002850F5B2F7
:10A3E000B6AA839328547CF1B9A3829361BAA2DA06
:10A3F000DEDFDB819AB9AEF5606870F1DABAA2DF10
:10A40000D9BAA2FAB9A38292DB31BAA2D9BAA2F818
:10A41000DF85A4D0C1BBAD83C2C5C7B8A2DFDFDF73
:10A42000BAA0DFDFDFD8D8F1B8AAB38DB4980D3564
:10A430005DB2B6BAAF8C96198F9FA70E161EB49A4E
:10A44000B8AA872C547CBAA4B08AB691325676B298
:10A450008494A4C808CDD8B8B4B0F19982A82D5579
:10A460007D98A80E161EA22C547C92A4F02C507835
:10A47000F184A898C4CDFCD80DDBA8FC2DF3D9BA83
:10A48000A6F8DABAA6DED8BAB2B68696A6D0F3C8CF
:10A4900041DAA6C8F8D8B0B4B882A892F52C54888E
:10A4A00098F135D9F418D8F1A2D0F8F9A884D9C711
:10A4B000DFF8F883C5DADF69DF83C1D8F40114F16E
:10A4C000A8824EA884F311D182F5D992289788F1F9
:10A4D00009F41C1CD884A8F3C0F9D1D99782F129BA
:10A4E000F40DD8F3F9F9D1D982F4C203D8DEDF1A1A
:10A4F000D8F1A2FAF9A88498D9C7DFF8F8F883C789
:10A50000DADF69DFF883C3D8F40114F198A8822E4A
:10A51000A884F311D182F5D992509788F109F41CDF
:10A52000D884A8F3C0F8F9D1D99782F149F40DD8AD
:10A53000F3F9F9D1D982F4C403D8DEDFD8F1AD88BC
:10A5400098CCA809F9D98292A8F57CF1883ACF94E1
:10A550004A6E98DB6931DAADF2DEF9D88795A8F258
:10A5600021D1DAA5F9F417D9F1AE8ED0C0C3AE82ED
:10A57000C684C3A88595C8A588F2C0F1F4010EF180
:10A580008E9EA8C63E56F554F18872F40115F198D6
:10A5900045856EF58E9E0488F142985A8E9E0688F7
:10A5A00069F4011CF1981E1108D0F504F11E970200
:10A5B00002983625DBF9D985A5F3C1DA85A5F3DF45
:10A5C000D88595A8F309DAA5FAD88292A8F578F18A
:10A5D000881A849F26889821DAF41DF3D8879F393A
:10A5E000D1AFD9DFDFFBF9F40CF3D8FAD0F8DAF900
:10A5F000F9D0DFD9F9D8F40BD8F3879F39D1AFD987
:10A60000DFDFF41DF3D8FAFCA869F9F9AFD0DADE80
:10A61000FAD9F88F9FA8F1CCF398DB45D9AFDFD0FA
:10A62000F8D8F18F9FA8CAF38809DAAF8FCBF8D892
:10A63000F2AD978D0CD9A5DFF9BAA6F3FAF412F2B0
:10A64000D8950DD1D9BAA6F3FADAA5F2C1BAA6F314
:10A65000DFD8F1BAB2B68696A6D0CAF349DAA6CB4D
:10A66000F8D8B0B4B8D8AD84F2C0DFF18FCBC3A8AE
:10A67000B2B68696C8C1CBC3F3B0B48898A821DB24
:10A68000718D9D71859521D9ADF2FAD88597A8284D
:10A69000D9F408D8F28D29DAF405D9F285A4C2F2EA
:10A6A000D8A88D9401D1D9F411F2D88721D8F40A11
:10A6B000D8F28498A8C801D1D9F411D8F3A4C8BBA2
:10A6C000AFD0F2DEF8F8F8F8F8F8F8F8D8F1B8F604
:10A6D000B5B9B08A95A3DE3CA3D9F8D85CA3D9F864
:10A6E000D87CA3D9F8D8F8F9D1A5D9DFDAFAD8B14E
:10A6F0008530F7D9DED8F830ADDADED8F2B48C99EF
:10A70000A32D557DA083DFDFDFB591A0F629D9FB0E
:10A71000D8A0FC29D9FAD8A0D051D9F8D8FC51D961
:10A72000F9D879D9FBD8A0D0FC79D9FAD8A1F9F910
:10A73000F9F9F9A0DADFDFDFD8A1F8F8F8F8F8AC1A
:10A74000DEF8ADDE8393AC2C547CF1A8DFDFDFF6BE
:10A750009D2CDAA0DFD9FADB2DF8D8A850DAA0D0EA
:10A76000DED9D0F8F8F8DB55F8D8A878DAA0D0DF31
:10A77000D9D0FAF8F8F8F8DB7DF8D89CA88CF53039
:10A78000DB38D9D0DEDFA0D0DEDFD8A848DB58D94F
:10A79000DFD0DEA0DFD0DED8A868DB70D9DFDFA095
:10A7A000DFDFD8F1A888902C547C98A8D05C38D1F1
:10A7B000DAF2AE8CDFF9D8B087A8C1C1B188A8C6DB
:10A7C000F9F9DA36D8A8F9DA36D8A8F9DA36D8A8F5
:10A7D000F9DA36D8A8F9DA36D8F78D9DADF818DA57
:10A7E000F2AEDFD8F7ADFA30D9A4DEF9D8F2AEDE9A
:10A7F000FAF983A7D9C3C5C7F1889BA77AADF7DE5D
:10A80000DFA4F8849408A797F300AEF29819A488FF
:10A81000C6A39488F632DFF28393DB09D9F2AADF6C
:10A82000D8D8AEF8F9D1DAF3A4DEA7F1889B7AD8AC
:10A83000F38494AE19F9DAAAF1DFD8A881C0C3C5B0
:10A84000C7A39283F628ADDED9F8D8A350ADD9F8C6
:10A85000D8A378ADD9F8D8F8F9D1A1DADEC3C5C745
:10A86000D8A18194F818F2B089ACC3C5C7F1D8B8A3
:10A87000B4B09786A8319B069907AB9728889BF0C0
:10A880000C201440B0B4B8F0A88A9A285078B79B2E
:10A89000A8295179247059446938644831F1BBAB17
:10A8A00088002C547CF0B38BB8A804285078F1B001
:10A8B00088B49726A85998BBABB38B02264666B0DE
:10A8C000B8F08A9CA82951798B2951798A2470592A
:10A8D0008B2058718A4469388B3940688A644831C2
:10A8E0008B30496088F1AC002C547CF08CA8042893
:10A8F0005078F1889726A85998AC8C02264666F0C5
:10A90000899CA8295179247059446938644831A92F
:10A910008809205970AB11384069A8193148608CFA
:10A92000A83C415C207C00F187981986A86E767E51
:10A93000A999882D557DD8B1B5B9A3DFDFDFAED099
:10A94000DFAAD0DEF2ABF8F9D9B087C4AAF1DFDF15
:10A95000BBAFDFDFB9D8B1F1A3978E60DFB084F26F
:10A96000C8F8F9D9DED89385F14AB183A308B58335
:10A970009A0810B79F10D8F1B0BAAEB08AC2B2B67A
:10A980008E9EF1FBD9F41DD8F9D90CF1D8F8F8ADA9
:10A9900061D9AEFBD8F40CF1D8F8F8AD19D9AEFBFB
:10A9A000DFD8F416F1D8F8AD8D61D9F4F4ACF59C8C
:10A9B0009C8DDF2BBAB6AEFAF8F40BD8F1AED0F816
:10A9C000AD51DAAEFAF8F1D8B9B1B6A3839C08B9A3
:10A9D000B1839AB5AAC0FD3083B79F10B58B93F2AF
:10A9E0000202D1ABDADED8F1B080BAABC0C3B28418
:10A9F000C1C3D8B1B9F38BA391B609B4D9ABDEB05A
:10AA0000879CB9A3DDF1B38B8B8B8B8BB087A3A312
:10AA1000A3A3B28BB69BF2A3A3A3A3A3A3A3A3A3B5
:10AA2000A3F1B087B59AA3F39BA3A3DCBAACDFB9BB
:10AA3000A3A3A3A3A3A3A3A3A3A3A3A3A3A3A3A3E6
:10AA4000D8D8D8BBB3B7F1AAF9DAFFD9809AAA2827
:10AA5000B48098A720B79787A86688F07951F190BD
:10AA60002C870CA781976293F071716085940129FE
:10AA7000517990A5F1284C6C870C95188578A383A3
:10AA800090284C6C886CD8F3A28200F210A892191E
:10AA900080A2F2D926D8F188A84DD948D896A839ED
:10AAA00080D93CD89580A839A68698D92CDA87A772
:10AAB0002CD8A8899519A980D938D8A88939A9800E
:10AAC000DA3CD8A82EA83990D90CD8A8953198D9B5
:10AAD0000CD8A809D9FFD801DAFFD89539A9DA2608
:10AAE000FFD890A80D8999A810809821DA2ED889CE
:10AAF00099A83180DA2ED8A886963180DA2ED8A887
:10AB0000873180DA2ED8A88292F34180F1D92ED8ED
:10AB1000A882F31980F1D92ED882ACF3C0A280228A
:10AB2000F1A62EA72EA92298A829DAACDEFFD8A27A
:10AB3000F22AF1A92E8292A8F23180A696F1D900CC
:10AB4000AC8C9C0C30ACDED0DEFFD88C9CACD01032
:10AB5000ACDE8092A2F24C82A8F1CAF235F196885E
:10AB6000A6D900D8F1FF636C65646572000000002F
:10AB7000746F726368000000000068756D0000006B
:10AB800000000000636C6F636B00000000007072D7
:10AB900065737300000000007374657000000000AE
:10ABA00000006D6F72650000000000003000003191
:10ABB0000000320000330000340000350000360091
:10ABC000003700003800003900003130003131001A
:10ABD000313200313300313400313500313600314B
:10ABE0003700313800313900323000323100323232
:10ABF0000032330032340032350032360032370052
:10AC00003238003239003330003331005375004D93
:10AC10006F00547500576500546800467200536118
:10AC20000000000000001100220033004400550025
:10AC30006600000011001A0023002C0035003E00C1
:10AC400000000B00160021002C00370042004D00D0
:10AC5000580063006E0079003C3C3C00000000009E
:10AC600000007265636F726400000000536F756EC0
:10AC7000640000000000506F776572000000000063
:10AC800041626F75740000000000000014000000B5
:10AC90001E00000028000000320000003C00000000
:10ACA0004600000000000000000000000000F03F2F
:10ACB000000000000000F83F00000000000000005D
:10ACC0000000004003B8E23F000000000000000068
:10ACD00006D0CF43EBFD4C3E033333333333E33FF6
:10ACE000FFAB6FDBB66DDB3F4D268F515555D53F22
:10ACF00001411DA96074D13F65DBC9934A86CD3FF0
:10AD0000EF4E454A287ECA3F3E5555555555C53FDD
:10AD100093BDBE166CC166BF2CDE25AF6A56113FCF
:10AD2000F16BD2C541BDBBBED0A4BE726937663ED1
:10AD3000000000000000000064656661756C7454DA
:10AD400061736B0050726F647563742049442072A4
:10AD5000656164206173203020696E646963617489
:10AD6000657320646576696365206973206569741D
:10AD700068657220696E636F6D70617469626C657D
:10AD8000206F7220616E204D5055333035302E0AC1
:10AD900000000000B4AD000800000020B001000079
:10ADA000660B000820AE0008B001002060320000F1
:10ADB000C84800083201821003A924F41AAA0141EC
:10ADC000135802422017AED580A83FD3101140A1DE
:10ADD000C8DA1281CFD9F1DB40A4A68D14AF1320BD
:10ADE0009F1B083C0401201A482432016904415A7F
:10ADF000020469100114291CB237320B32173224B5
:10AE00003231323E320D321B9A292C29143219323A
:10AE10002672333218322C9A25042914C1000000FE
:04000005080000ED02
:00000001FF
