:020000040800F2
:10000000103400209D01000807300008D7220008A6
:1000100005300008BD0B000825470008000000005F
:1000200000000000000000000000000005010008C2
:100030003F0D00080000000049010008E9430008E6
:10004000B7010008B7010008B7010008B7010008B0
:10005000B7010008B7010008B7010008B7010008A0
:10006000B7010008410D0008470D0008B70100085E
:10007000B7010008B7010008B7010008B701000880
:10008000B7010008B7010008B7010008B701000870
:10009000B7010008B7010008B70100084D0D0008BE
:1000A0007D440008B7010008B7010008B701000847
:1000B000B7010008B701000889440008B70100082B
:1000C000B7010008B7010008B7010008B701000830
:1000D000B7010008B7010008B7010008B701000820
:1000E000B7010008B7010008B7010008DFF810D019
:1000F00000F0D6FC0048004783630008AFF300809F
:1001000010340020224B19680868B0E8F00F80F323
:100110000988BFF36F8F4FF0000080F311884EF015
:100120000D0E70470000000006480068006880F36C
:10013000088862B661B6BFF34F8FBFF36F8F00DFE1
:1001400000BF00BF08ED00E0EFF30980BFF36F8F41
:100150000F4B1A6820E9F00F106008B54FF05000FF
:1001600080F31188BFF34F8FBFF36F8F08F054FDFA
:100170004FF0000080F31188BDE808401968086856
:10018000B0E8F00F80F30988BFF36F8F704700BFAE
:1001900048000020EFF305807047000006488047C4
:1001A00006480047FEE7FEE7FEE7FEE7FEE7FEE75C
:1001B000FEE7FEE7FEE7FEE773440008ED000008F7
:1001C0002DE9F05F0546002092469B46884606468C
:1001D000814640241BE0284641464746224600F01F
:1001E00051F853465A46C01A914110D31146184649
:1001F000224600F059FB2D1A67EB01084F462246B4
:100200000120002100F050FB17EB00094E41201E99
:10021000A4F10104DFDC484631462A464346BDE8E6
:10022000F09F2DE9F0410024061B254671F10006E0
:1002300005DA01240027D0EB070067EB0101161E49
:1002400073F1000605DA0027D2EB0702012567EB00
:100250000303FFF7B5FF86460E4617469C46AC42A1
:1002600004D00025D0EB050E65EB010624B100207B
:10027000D2EB000760EB030C704631463A4663460A
:10028000BDE8F081202A04DB203A21FA02F00021A7
:10029000704721FA02F3D040C2F120029140084396
:1002A0001946704740EA01039B0703D009E008C9DB
:1002B000121F08C0042AFAD203E011F8013B00F82B
:1002C000013B521EF9D27047D2B201E000F8012B77
:1002D000491EFBD270470022F6E710B513460A46C6
:1002E00004461946FFF7F0FF204610BD30B504461E
:1002F0000020034600E05B1C934203D2E05CCD5C2F
:10030000401BF8D030BDF0B480EA0102D40F4200A7
:10031000B2EB410F02D20246084611464A0042D0D3
:10032000C30DDDB2C1F3C752AD1A202D35DAC1F3CA
:10033000160141F4000204B15242C5F1200602FA4E
:1003400006F12A411044B3EBD05F23D0C4B1012D94
:10035000A0EBC35009DCF0BC4FF0004202EAC352EC
:10036000DBB200F5000000F0C9BA400000F1807077
:1003700000EBC350A0F1807040EAD170490009E061
:10038000490841EAC071A0EBC35000F500004008E5
:1003900000EBC350F0BC00F0A8BA6142012202EBAE
:1003A0004101001BF6E7F0BC704781F00041AAE76D
:1003B00080F00040A7E780EA010210B502F0004398
:1003C000400022D04A001FD0010E01EB1261C0F3A1
:1003D0005600C2F3560240F4000042F40002A0FBB3
:1003E000022000047F39140400D0401C50EA12405F
:1003F00001D44000491EC2B20C0604EBD010401CD0
:100400004008802A02D003E0002010BD20F0010047
:10041000002900DA0020184310BD30B480EA010240
:1004200002F0004530F0004221F0004013D090B1BE
:10043000C30DD40DC2F31601C0F31600E41A41F443
:10044000000140F400027D34914201D3641C00E0BD
:100450004900002C02DA30BC002070474FF4000045
:100460000023914201D3891A034340084FEA410116
:10047000F7D151B1914202D14FF0004105E002D2D3
:100480004FF0010101E06FF0010103EBC45028447B
:1004900030BC00F02ABA420005D0C0F3C752524225
:1004A000914201DC0020704700EBC15070472DE9FC
:1004B000FE4F804681EA0300C00F0C46009021F0F9
:1004C000004123F00045B8EB0200A94105D24046A7
:1004D000214690461C460B46024623F0004010433E
:1004E00047D0270DC7F30A00C3F30A510290401A00
:1004F000019040286BDAC3F3130040F4801B00988E
:10050000924620B10023D2EB030A63EB0B0B019858
:100510005946C0F14002504600F0C6F906460D4665
:1005200050465946019A00F0CEF910EB080061419F
:10053000002487EA115284EAE7731A4340D0009AF4
:1005400062B3019A012A4FEA075215DC001B61EBE6
:1005500002014FF0004202EA0752CDE90042001CBE
:1005600041F5801132462B4600F005FA03B0BDE894
:10057000F08F40462146F9E7001B61EB0201001CA9
:1005800041F5801300185B412018A2F5001747EBD6
:10059000030140EAD570B6196D4111E06D084FEACC
:1005A000360645EAC0754FEA0752001B61EB0201AF
:1005B000001C41F5801149084FEA300000195141F3
:1005C00032462B4603B0BDE8F04F00F0C5B90098A5
:1005D000012240000023D0EB020263EBE07300989D
:1005E00021464FEAE074B8EB000061EB0401E9E753
:1005F00083F000435BE781F0004158E72DE9FE4FAF
:1006000081EA030404F0004421F0004100944FF01B
:10061000000B23F0004350EA01045ED052EA0304C9
:100620005BD0C3F30A54C1F30A552C44A4F2F3344B
:100630000194A0FB0254C1F3130141F48011C3F3F0
:10064000130343F4801301FB024400FB034E840AAE
:10065000970A44EA815447EA8357A4FB0768029546
:100660008D0A05FB07854FEA932C04FB0C542705E4
:10067000029D4FEA065847EA1637B5EB08056EEBC0
:10068000070C870E920E47EA811742EA8312A7FBF6
:100690000201B6EB0B0164EB00042B0D43EA0C33B3
:1006A0005E1844EB1C50DA465146E7FB0201C5F3E5
:1006B00013044FEA0B3343EA14534FEA0432019C0C
:1006C00043EA0603A4F10C040294009CCDE900B4B3
:1006D00000F051F903B0BDE8F08F00200146F9E7C2
:1006E0002DE9F04D81EA030404F0004B21F00045B0
:1006F00014464FF0000A23F0004150EA050220D0D2
:1007000054EA01021DD0C5F30A570246C5F313038C
:10071000C1F31300C1F30A5640F4801543F480136B
:10072000A7EB0608101BD64608F2FD3873EB050050
:1007300002D308F1010801E092185B41B8F1000F03
:1007400003DA00200146BDE8F08D00204FF480114F
:10075000064684460EE0171B73EB050705D3121BF4
:1007600063EB050306434CEA010C49084FEA3000ED
:1007700092185B4150EA0107EDD152EA030012D012
:1007800082EA040083EA0501084305D0101BAB414F
:1007900006D20122002306E000224FF0004302E0CF
:1007A0006FF0010253101AEB06004CEB085110EBEE
:1007B0000A0041EB0B01BDE8F04D00F0CDB8C10FD0
:1007C00080EAE0700844CA079623002100F096B83A
:1007D00096230022114600F091B80EB5C10F80EAB1
:1007E000E0700844CA07002140F233438DE80E0050
:1007F0000A460B4600F0BFF803B000BD00F000420F
:1008000020F00040C10DC0F3160040F400007F2925
:1008100001DA00207047962903DCC1F19601C84037
:1008200001E096398840002AF4D04042704720F019
:100830000040C10DC0F3160040F400007F2901DA2A
:1008400000207047962903DCC1F19601C84070472B
:1008500096398840704700F0004230F000400AD0DE
:10086000C10D01F56071C0F3160042EA0151C208E2
:1008700040071143704700200146704730B50B46D2
:10088000014600202022012409E021FA02F59D42C0
:1008900005D303FA02F5491B04FA02F52844151E94
:1008A000A2F10102F1DC30BD202A04DB203A00FA7B
:1008B00002F1002070479140C2F1200320FA03F3B7
:1008C000194390407047202A06DBCB17203A41FAA3
:1008D00002F043EAE07306E041FA02F3D040C2F1CD
:1008E000200291400843194670470029A8BF70476D
:1008F000401C490008BF20F00100704710B4B0FA56
:1009000080FC00FA0CF050EA010404BF10BC7047F0
:1009100049B1CCF1200421FA04F411FA0CF118BF0A
:10092000012121430843A3EB0C01CB1D4FEA0061D9
:100930004FEA102042BF002010BC704700EBC350AC
:1009400010440029A4BF10BC7047401C490008BFD8
:1009500020F0010010BC704710B5141E73F10004A4
:1009600008DA401C41F1000192185B411A4301D1A1
:1009700020F0010010BD2DE9F04D92469B4611B1CB
:10098000B1FA81F202E0B0FA80F220329046FFF72D
:100990008BFF04460F4640EA0A0041EA0B0153462A
:1009A0005A46084313D0114653EA010019D0C8F142
:1009B00040025046FFF766FC05460E465046594633
:1009C0004246FFF771FF084305D0012004E02046AE
:1009D0003946BDE8F08D0020054346EAE0762C4319
:1009E00037430A986305E40AA0EB08000022FD0AD9
:1009F00044EA47540A3002D500200146E9E70105E0
:100A000010196941DDE9084500196941BDE8F04D5B
:100A1000A2E770B521F0004303430CD0C1F30A559F
:100A20000024D5EB040564EB0403D617AD1AB341DB
:100A300002DB0020014670BD201841EB025170BD61
:100A4000C1F30A52C1F3130140F2FF3341F48011A4
:100A50009A4202DA00200146704740F233439A423C
:100A6000A2F2334202DC5242FFF70CBCFFF71CBF7C
:100A700030B5041E71F1000404DB4FF00044404225
:100A800064EB0101141E73F1000405DB1C464FF0FA
:100A90000043524263EB0403994208BF904230BDC9
:100AA000064C074D06E0E06840F0010394E80700BB
:100AB00098471034AC42F6D3FFF71CFB7CAD00081E
:100AC0009CAD00082DE9F04D00231A461B1A8A41FF
:100AD00003DB00200146BDE8F08DC1F30A52C1F3EB
:100AE000130141F480154FF0000BD10702D100181B
:100AF0006D41521E0027044640F2FF11384601EBBB
:100B0000620A3E468046024600204FF48011FFF7FD
:100B1000B9FBC2197141BB1846EB0100B4EB030CE1
:100B200075EB000C04D3E41A65EB000517460E467E
:100B3000241908F101006D4180463428E3DDF919DC
:100B400046EB0600091BA84103D24FF0FF321346C3
:100B500001E0002213461BEB070046EB0A51BDE8FB
:100B6000F04DFFF7F9BE70B58C1810F8015B15F069
:100B7000070301D110F8013B2A1106D110F8012B0F
:100B800003E010F8016B01F8016B5B1EF9D12B0734
:100B900005D40023521E0DD401F8013BFAE710F8EA
:100BA000013BCB1A921C03E013F8015B01F8015BD7
:100BB000521EF9D5A142D8D3002070BDFEE7000037
:100BC00011484188491C89B2418009291AD900215C
:100BD00041800C30C288521C92B2C280092A11D9BD
:100BE0008288521C92B28280C180052A0AD942882A
:100BF000521C92B242808180092A03D90288521C79
:100C000002804180704700002C010020012000F08C
:100C10000DB8000010B50221034800F01DFA0128AC
:100C200000D0002010BD000000080140044B08B1B6
:100C3000012200E000220221184600F012BA000052
:100C4000000801402DE9F05F82468B460020FFF747
:100C5000EDFF142005F0A8FB012202211C4800F042
:100C600000FA3C2007F032FDFFF7D4FF4FF0FF39C8
:100C700058BB4FF47A742146012000F04EF820BB97
:100C80002146002000F049F8F8B900F023F8C5B279
:100C900000F020F800F0FF0800F01CF8C4B200F0EB
:100CA00019F8C7B200F016F8C6B20120FFF7BEFF70
:100CB00005EB080020443844B04206D1CAF8005081
:100CC0000020CBF80040BDE8F09F4846FBE700005D
:100CD000000801402DE9F04100242546671E4FF42D
:100CE0007A763146012000F018F870B9282007F014
:100CF000EDFC6400FFF78EFF012801D144F00104F0
:100D00003146002000F009F810B13846BDE8F08106
:100D10006D1C082DE5DB2046F8E770B50C4605464E
:100D200008E0FFF777FFA84201D1002070BD012045
:100D300007F0CCFC641EF4D24FF0FF3070BD70475A
:100D4000082000F08DB8102000F08AB810B52020DF
:100D500000F086F8BDE81040402000F081B872B67F
:100D6000FEE7000070B5044600F080F90546601CFF
:100D700002D004480078044400F078F9401BA042F7
:100D8000FAD370BD000000202DE9F84F054608F0A9
:100D9000CDFA2E4C616A401AC8282BD308F0C6FA47
:100DA00060622B482B4FDFF8B0A02C4E4FF00108AB
:100DB0004FF40059402D1FD0202D2BD0102D37D0AF
:100DC000082D17D1082100F047F9012812D1306809
:100DD00001280FD1386800280CD18DF8038000233A
:100DE0001A466946206B08F001F900224946504630
:100DF00000F037F9BDE8F88F402100F02DF9012807
:100E0000F8D130680128F5D138680028F2D18DF882
:100E10000080E4E7202100F01FF90128EAD13068C2
:100E20000128E7D138680028E4D18DF80180D6E7A1
:100E3000102100F011F90128DCD130680128D9D146
:100E400038680028D6D18DF80280C8E7100000204D
:100E5000000801402801002000100140240100206A
:100E6000044910B50A68024202D00860FFF78CFFFF
:100E700010BD0000140401402DE9F84FDFF8B891CF
:100E80000024A9F1040B23460F2709F1040AABF152
:100E9000040EC9E00125A5402A40AA427DD1674E33
:100EA000D1F804C0ACEB0608B44532D014DCBCF178
:100EB000030F3AD009DCBCF1000F2AD0BCF1010FBE
:100EC0001CD0BCF1020F31D11DE0BCF1110F17D0C5
:100ED000BCF1120F2AD119E0B8F5881F19D006DC31
:100EE000B8F5803F15D0B8F5801F1FD111E0B8F5D7
:100EF000001F0ED0B8F5041F18D10AE0CB6815E02A
:100F0000CB681B1D12E0CB6808330FE0CB680C33B5
:100F10000CE08B682BB1012B4FF0080303D0456127
:100F200004E0042302E0056100E00023FF2A01D869
:100F3000064601E000F104064FEA840501D9A5F157
:100F40002005D6F8008007FA05FC28EA0C0803FA09
:100F500005F548EA0508C6F800804D68ED0062D541
:100F6000374DAE6946F00106AE61AD6924F0030667
:100F700005F001050095334D06EB050CDCF8085033
:100F8000A607360F07FA06F825EA0805DFF8B88045
:100F9000404503D14FF0000817E044E0DFF8AC8093
:100FA000404502D14FF001080FE0DFF8A480404532
:100FB00002D14FF0020808E0DFF89880404502D1E6
:100FC0004FF0030801E04FF0040808FA06F848EA79
:100FD0000508CCF808804D68D9F80060ED024D4650
:100FE00001D5164300E096432E604D68DAF80060A4
:100FF000AD02554601D5164300E096432E604D687C
:10100000DBF80060AD035D4601D5164300E0964372
:101010002E604D68DEF80060ED03754601D516437D
:1010200000E096432E60641C0D682A46E5407FF47C
:1010300031AFBDE8F88F0000080401400000111036
:10104000001002400000014000080140000C014077
:1010500000100140001401408068084000D00120C9
:1010600070470AB1016170470904FBE701488068D5
:10107000704700000000002070B5040025D094F8EF
:101080003D00002520B984F83C50204600F078FA55
:10109000242084F83D002068016821F001010160EE
:1010A0002068016841F4004101602068016821F472
:1010B0000041016000F040FC4D4A6168914201D856
:1010C0004C4900E04C49884201D2012070BD4B4997
:1010D0002368B0FBF1F15E6826F03F060E435E60C8
:1010E0006368934206D94FF4967359434FF47A7369
:1010F000B1FBF3F12368491C1E6A26F03F06314319
:1011000019626168914210D84900401EB0FBF1F2AB
:10111000521CC2F30B02042A01D2042022E0B0FBCD
:10112000F1F0401CC0F30B001CE0A268F2B301EB2D
:10113000C10303EB0116431EB3FBF6F35B1C43F440
:1011400080431B0549D092B301EBC10202EB0111B0
:10115000401EB0FBF1F0401CC0F30B0040F4804097
:1011600040F400402168CA694CF6FF739A4310436B
:10117000C861D4E9071001432068026822F0C00268
:1011800011430160D4E9030101432068826848F2F9
:10119000FF339A4311438160D4E905010843216874
:1011A000CA6822F0FF021043C86001E00EE016E0BA
:1011B0002068016841F0010101602564202084F865
:1011C0003D00256384F83E50002070BD01EB4106D0
:1011D000431EB3FBF6F35B1CB3E70120C2E701EB50
:1011E0004101401EB0FBF1F0401CC0F30B00B7E71B
:1011F000A086010080841E0000093D0040420F00CF
:101200002DE9FF4F83B00025DDE910799A4693461A
:101210000446DDF848800095FFF728FF064694F85D
:101220003D0020287CD119230122854920460096C3
:1012300001F068F90028F5D194F83C0001286FD03E
:10124000012084F83C0020680168C90703D10168C7
:1012500041F0010101602068016821F40061016032
:10126000222084F83D00402084F83E002564676217
:10127000A4F82A90608D20857248E062CDE900864E
:1012800053465A462046049901F03EF800287DD185
:10129000208DDFF8B491202768B1012814D00228EE
:1012A000206801681ED041F48061016020684169B6
:1012B00080690090B6E02068416981690091016809
:1012C00041F400710160ADE02068016821F48061A3
:1012D000016072B62068416981690091016841F43A
:1012E00000710AE041F40061016072B62068416952
:1012F00081690091016821F48061016062B691E02A
:10130000032868D801280CD0022843464FF0000279
:101310004946204600960FD001F0F4F8B0BB10E02B
:101320008BE032464146204601F092F970BB2068BE
:101330000069616A08706CE001F0E4F830BB72B6D5
:1013400034E02068016821F48061016072B6206891
:101350000069616A0870606A401C6062208D401EEE
:101360002085608D401E6085384846F2A8110068CF
:10137000B0FBF1F0C0EBC00000EB80000090401E1D
:10138000009008D020684069C04300E029E0400791
:101390000CD50098F3E744F8305F6773A5732069B4
:1013A00040F02000206162B625731AE020680168D1
:1013B00041F40071016020680069616A0870606A28
:1013C000401C6062218D491E2185618D491E618509
:1013D00062B621681BE032464146204601F038F9EA
:1013E00018B1012007B0BDE8F08F20680069616A7C
:1013F0000870606A401C6062218D491E2185618DE4
:10140000491E618521684A69D24352070AD4096995
:101410000170606A401C6062208D401E2085608DD6
:10142000401E6085208D00287FF46AAF84F83D70EF
:1014300084F83E5084F83C50D4E70220D2E7000004
:10144000020010000000FFFF040001000C0000205B
:101450002DE9FF4F83B09A46DDE911979346044684
:10146000DDF84080FFF702FE054694F83D00202895
:101470007FD11923012240492046009501F042F80E
:10148000002876D194F83C00012872D0012084F81D
:101490003C0020680168C90703D1016841F00101DF
:1014A00001602068016821F400610160212084F856
:1014B0003D00402084F83E0000262664C4F82480C5
:1014C000A4F82A90608D20852C48E062CDE9007553
:1014D00053465A462046049900F094FF70B930E014
:1014E0002A463946204601F0EBF858B1206C042812
:1014F00004D12068016841F400710160012007B047
:10150000BDE8F08F606A216800780861606A401C5D
:101510006062218D491E89B22185628D521E6285CD
:1015200022685369DB435B070BD469B10078106113
:10153000606A401C6062208D401E2085608D401EC8
:101540006085208D0028CBD12A463946204600F000
:10155000ADFF0028CAD154F83D0B016841F4007179
:101560000160202004F81E09E67766770020C6E7B0
:10157000FFE70220C3E70000020010000000FFFFA9
:1015800030B585B0002100910191029103911E4D6B
:1015900003681E4C122103221D48AB4216D1A369D9
:1015A00043F00803A361A369039203F008030493C3
:1015B000C023CDE900316946FFF75EFCE06940F4E5
:1015C0000010E061E06900F4001019E0114DAB4239
:1015D00017D1A36943F00803A361A369039203F041
:1015E000080304934FF44063CDE900316946FFF7E7
:1015F00043FCE06940F48000E061E06900F48000B1
:10160000049005B030BD00000054004000100240BE
:10161000000C0140005800400248816802781144E3
:101620008160704700000020074810B5016841F054
:1016300010010160032000F0B7F80F2000F006F859
:1016400000F050F8002010BD0020024030B50546E3
:101650001F4887B0C16941F00401C161C06906A992
:1016600000F00400009001A800F046F90498B0B121
:1016700000F062F940001749174AB0FBF1F1174832
:10168000491E0260416040F2E7320021C0E90321B7
:101690008160816100F07AFB040003D015E000F066
:1016A0004BF9E8E70D4800F0CFFB04000DD11E20F8
:1016B00000F04DF8102D07D2002229461E2000F020
:1016C00053F80748056000E0012407B0204630BD0C
:1016D0000010024040420F0000080040A00200201D
:1016E000040000200F4808B5816941F001018161C3
:1016F000816901F001010091C16941F08051C1612E
:10170000C069002200F0805000900F21901E00F070
:101710002BF80548416821F0E06141F0007141601B
:1017200008BD0000001002400000014000280DDB51
:1017300000F01F02012191404009800000F1E020EB
:10174000C0F88011BFF34F8FBFF36F8F7047002831
:1017500009DB00F01F02012191404009800000F1E7
:10176000E020C0F800117047F0B40E4B1B680C4627
:10177000C3F30223C3F10705042D00D90425191D65
:10178000072901D2002300E0DB1E012606FA05F13D
:10179000491E214099409E40761E16403143F0BCC0
:1017A00002F0FABF0CED00E0064900F007020868FD
:1017B0004FF6FF03184040EA0220034A1043086036
:1017C000704700000CED00E00000FA052DE9F0473D
:1017D0000F46050061D0434E306800F00700B84264
:1017E00009D2306820F0070038433060306800F0DC
:1017F0000700B84251D128683B4C810712D54007F9
:1018000003D5606840F4E06060602878000703D585
:10181000606840F4605060606068A96820F0F00083
:10182000084360602878C00728D06868012810D075
:101830002168022810D0890700292EDA616821F07A
:10184000030101436160FFF711FC804641F28839D2
:101850000DE021688903EFE78901EDE7FFF706FC5A
:10186000A0EB0801494502D90320BDE8F087606874
:10187000696800F00C00B0EB810FEFD1306800F028
:101880000700B8420BD9306820F0070038433060B9
:10189000306800F00700B84201D00120E5E7287861
:1018A000400705D56068E96820F4E060084360609F
:1018B0002878000706D56068296920F4605040EA5E
:1018C000C100606000F048F86168084AC1F3031184
:1018D000515CC8400649086006480068FFF7B6FE3C
:1018E0000020C2E70020024000100240C696000817
:1018F0000C000020040000200F2202600C4A5368F4
:1019000003F003034360536803F0F00383605368FC
:1019100003F4E063C36052684FF4E06303EAD20269
:1019200002610448006800F007000860704700008A
:101930000010024000200240044805490068496840
:10194000044AC1F30221515CC84070470C000020DA
:1019500000100240D69600080E4A51680E4801F069
:101960000C03042B11D0082B0FD10C48C1F3834377
:10197000C903C05C0AD55168084AC1F34041921EB0
:10198000515C054A5043B0FBF1F0704704494843AD
:10199000704700000010024000127A00B69600085E
:1019A00000093D002DE9F84F040070D02078C04DAB
:1019B000C00749D06868C0F38100012807D0686873
:1019C000C0F38100022809D16868C00306D52868E1
:1019D000800339D560680028E7D035E06068B0F54D
:1019E000803F0BD010B1B0F5A02F11D0286820F4A3
:1019F00080302860286820F4802002E0286840F4C5
:101A000080302860606890B1FFF730FB06460AE03E
:101A1000286840F480202860F0E700BFFFF726FB2D
:101A2000801B642873D828688003F7D50CE0FFF783
:101A30001DFB064605E000BFFFF718FB801B64286E
:101A4000F0D828688003F7D420789A4E80074FF0AA
:101A500001094FF0000839D5686810F00C0F07D065
:101A60006868C0F38100022809D16868C00306D401
:101A70002868800714D52069012808D110E0206962
:101A8000B0B1C6F80090FFF7F1FA074605E00AE1A9
:101A9000FFF7ECFAC01B0228C4D828688007F7D5E6
:101AA0002868616920F0F80040EAC10028600DE074
:101AB000C6F80080FFF7DAFA074604E0FFF7D6FA27
:101AC000C01B022823D828688007F7D42078000795
:101AD0002CD57948A169D9B1C0F80090FFF7C6FAB2
:101AE000074604E0FFF7C2FAC01B02280FD8686A55
:101AF0008007F7D571484FF4FA510068B0FBF1F058
:101B0000009000BF0098411E0091FAD20EE080E0E4
:101B1000C0F80080FFF7AAFA074604E0FFF7A6FA2C
:101B2000C01B022875D8686A8007F7D42078400760
:101B300060D5E8690027C00008D4E86940F080500B
:101B4000E861E869012700F0805000905C48016876
:101B5000C90513D40168834641F480710160FFF721
:101B600085FA824606E000BFFFF780FAA0EB0A0084
:101B700064284ED8DBF80000C005F5D5E0680128E0
:101B80000AD008B1052813D0286A20F00100286285
:101B9000286A20F0040002E0286A40F00100286270
:101BA000E06841F2883B98B1FFF760FA82460BE0AB
:101BB000286A40F004002862EEE700BFFFF756FAFB
:101BC000A0EB0A0159455AD8286A8007F6D50CE0DF
:101BD000FFF74CFA824605E0FFF748FAA0EB0A014E
:101BE00059454CD8286A8007F6D41FB1E86920F01F
:101BF0008050E861E06988B36968C1F38101022916
:101C000044D00228C6F8608004D0FFF72FFA0446BB
:101C100038E034E0FFF72AFA074604E0FFF726FA37
:101C2000C01B02282BD828688001F7D4206AB0F5A1
:101C3000803F05D16868A16820F4003008436860DF
:101C4000D4E908010843696821F474110843686005
:101C5000C6F86090FFF70AFA044606E025E000BFE8
:101C6000FFF704FA001B022809D828688001F7D57D
:101C70001BE000BFFFF7FAF9001B022802D903207E
:101C8000BDE8F88F28688001F4D40EE00128F7D071
:101C90006868226A00F48031914204D1616A00F4DC
:101CA0007010884201D00120EAE70020E8E7000038
:101CB0000010024000004242800442420C0000201A
:101CC000007000407047704770B590F83C20012AC2
:101CD00026D0012480F83C40022280F83D20036891
:101CE0005A689D6822F070060A6832435A600D4BAC
:101CF00002689A4208D0B2F1804F05D00A4B9A424E
:101D000002D00A4B9A4204D1496825F08003194356
:101D1000916080F83D40002180F83C10084670BD7D
:101D2000022070BD002C014000040040000800406B
:101D300010B50446022084F83D002068016A41F293
:101D40001112114207D1016A9210114203D10168A8
:101D500021F001010160204600F046F8002084F8DF
:101D6000460084F83E0084F83F0084F8400084F880
:101D7000410084F8420084F8430084F8440084F869
:101D8000450084F83D0084F83C0010BD10B5040007
:101D900003D094F83D0010B107E0012010BD0020F1
:101DA00084F83C00204600F031F8022084F83D0021
:101DB000211D206802F06EFB012084F8460084F8A3
:101DC0003E0084F83F0084F8400084F8410084F825
:101DD000420084F8430084F8440084F8450084F805
:101DE0003D00002010BD000000680649884207D170
:101DF0000548816921F4006181611820FFF796BCD4
:101E000070470000002C01400010024008B5006837
:101E10000B49884212D10B48816941F4006181610C
:101E20008069002200F40060009005211820FFF76F
:101E30009BFCBDE808401820FFF789BC08BD0000E6
:101E4000002C01400010024090F83D10012901D003
:101E500001207047022180F83D100168CA6842F0F5
:101E60000102CA6000680B49884208D0B0F1804F77
:101E700005D00949884202D00849884204D18168C6
:101E800001F00701062903D0016841F0010101605A
:101E900000207047002C0140000400400008004072
:101EA00070B5044690F83C000025012817D00126A3
:101EB00084F83C60022084F83D002068826822F0AB
:101EC000770222F47F4282600868502838D00DDC07
:101ED00020284FD005DC90B3102811D14AE0022011
:101EE00070BD302846D040280AD13BE060282FD072
:101EF00070280DD0B0F5805F03D0B0F5005F12D030
:101F0000012584F83D60002084F83C00284670BD1F
:101F1000CB68D1E90121206802F0FFFA20688168CE
:101F200041F0770109E0CB68D1E90121206802F096
:101F3000F4FA2068816841F480418160E1E719E0AA
:101F4000CA684968206802F09DFB5021206806E0BD
:101F5000CA684968206802F0A6FB6021206802F088
:101F6000E6FACEE7CA684968206802F08BFB402198
:101F70002068F4E7226801461046F0E7704770B524
:101F80000446006801694FF00005C943890715D46C
:101F9000C168C943890711D4E91E01610120207776
:101FA000206880698007204602D0FFF7E7FF04E041
:101FB00000F098F8204600F0FCF8257720680169C9
:101FC000C943490717D4C168C943490713D46FF0FF
:101FD00004010161022020772068806910F4407FAD
:101FE000204602D0FFF7CAFF04E000F07BF820464D
:101FF00000F0DFF8257720680169C943090716D486
:10200000C168C943090712D46FF0080101610420B7
:1020100020772068C0698007204602D0FFF7AEFF16
:1020200004E000F05FF8204600F0C3F82577206850
:102030000169C943C90617D4C168C943C90613D485
:102040006FF010010161082020772068C06910F44A
:10205000407F204602D0FFF791FF04E000F042F8F5
:10206000204600F0A6F8257720680169C943C90712
:1020700008D1C168C943C90704D1891E016120463E
:1020800000F01EF920680169C943090609D4C16836
:10209000C943090605D46FF0800101612046FFF7AE
:1020A00011FE20680169C943490609D4C168C943C2
:1020B000490605D46FF040010161204600F00AF99D
:1020C00020680169C94389060BD4C168C9438906E0
:1020D00007D46FF0200101612046BDE87040FFF792
:1020E000F2BD70BD704770B5044690F83C00002604
:1020F0000D4601280FD0012084F83C006AB1042A63
:102100001DD0082A2FD00C2A3FD00126002084F8A9
:102110003C00304670BD022070BD206802F010FA0D
:102120002068816941F0080181612068816921F09E
:1021300004018161206881692A69114311E02068E6
:1021400002F026FA2068816941F40061816120680B
:10215000816921F480618161206881692A6941EA8D
:1021600002218161D2E7206802F03EFA2068C1694D
:1021700041F00801C1612068C16921F00401C16119
:102180002068C1692A69114311E0206802F058FAF9
:102190002068C16941F40061C1612068C16921F40E
:1021A0008061C1612068C1692A6941EA0221C16177
:1021B000ACE7704710B50446022249B104290ED09D
:1021C000082913D094F84100012816D0012010BD31
:1021D00094F83E000128F9D184F83E200FE094F8ED
:1021E0003F000128F2D184F83F2008E094F8400035
:1021F0000128EBD184F8402001E084F8412001223D
:10220000206802F07DF90F492068884203D1426CB2
:1022100042F4004242642068884208D0B0F1804F06
:1022200005D00949884202D00849884204D1816812
:1022300001F00701062903D0016841F001010160A6
:10224000002010BD002C01400004004000080040A8
:1022500030B504460D460068002202F051F9174BD4
:1022600041F2111120688A10984209D1036A0B4289
:1022700006D1036A134203D1436C23F40043436441
:102280002068036A0B4206D1016A114203D101683A
:1022900021F00101016001203DB1042D08D0082D7D
:1022A00009D084F84100002030BD84F83E00FAE7F0
:1022B00084F83F00F7E784F84000F4E7002C014081
:1022C00000680349884201D1FFF7A6B970470000B2
:1022D000000800407047FEE701684A69D243520592
:1022E0000FD46FF480624A61002140F8301F202231
:1022F00042738173026942F004020261017301209A
:1023000070470020704700002DE9F84F0446006830
:1023100089460B9D01689846174641F4806101602B
:102320002068016841F48071016000954FF0011B45
:102330000022594620460A9B00F0E4F84FF4007A48
:1023400040B120680068C00501D5C4F840A0032052
:10235000BDE8F88F216809F0FE0008612B46284986
:1023600020460A9A00F016F9F0BB2068416980699E
:1023700000902A4620460A9900F0A2F940B1206C4C
:1023800004283AD12068016841F40071016034E00A
:10239000FEB2B8F1010F09D02168380A08612A4657
:1023A00020460A9900F08CF90028E8D120680661DF
:1023B0002A4620460A9900F083F90028DFD12068D8
:1023C000016841F480710160009500225946204661
:1023D0000A9B00F097F80028B3D1216809F0FF00AC
:1023E00040F00100086100E007E02B460449204668
:1023F0000A9A00F0CFF80028AAD00120A8E7000030
:10240000020001002DE9F843044600680D46DDE9AD
:10241000089701689846164641F4807101604B4662
:1024200000224FF001112046009700F06BF848B1F0
:1024300020680068C00502D54FF4007020640320B6
:10244000BDE8F883216805F0FE0008613B464A4676
:102450001549204600F09EF888B9206841698069D6
:1024600000903A464946204600F02AF948B1206CCF
:10247000042804D12068016841F400710160012042
:10248000DEE7F5B2B8F1010F09D02168300A086122
:102490003A464946204600F013F90028E7D1206863
:1024A00005610020CCE700000200010070B516466F
:1024B0000D4604461EE02046FFF70EFF08B101203E
:1024C00070BD681C16D0FEF7D1FD801BA84200D855
:1024D00085B920684069C04340070BD5002044F807
:1024E000300F20216173A073216941F02001216127
:1024F0002073E4E720684069C0434007DBD4002034
:1025000070BD00002DE9F047984617460D46044679
:10251000C1F30746DDF820902AE000BFB8F1FF3F85
:1025200026D0FEF7A3FDA0EB0901414502D8B8F182
:10253000000F1DD12068012E16D0806925EA000009
:102540000004000C12D00020B84211D1002044F841
:10255000300F20216173A073216941F020012161B6
:1025600020730120BDE8F0874069E7E70120EBE731
:102570002068012E0AD0806925EA00000004000CC2
:1025800006D00020B842C9D00020EBE74069F3E74D
:102590000120F7E72DE9F047984616460D46044618
:1025A0004FF000094FF0200AC1F3074723E02068ED
:1025B0004069C043400515D42068016841F40071AA
:1025C000016021686FF480604861C4F8309084F83D
:1025D0003DA084F83E90216C41F00401216484F810
:1025E0003C9021E0701C06D0FEF740FDA0EB0800F7
:1025F000B04203D816B1012F1FD021E02068012F6F
:1026000015D0806925EA00000004000C18D000BF36
:1026100044F8309F84F80DA084F80E90216941F0B1
:102620002001216184F80C900120BDE8F087406909
:1026300025EA00000004000CEAD12068406901E0AE
:102640002068806925EA00000004000CAFD1ECE7A7
:102650002DE9F041002590460E460446202728E04B
:102660004069C043C0060CD454F8301B6FF0100012
:10267000486144F810596777A577206A206225776A
:1026800014E0FEF7F3FCA0EB0800B04200D886B9D6
:1026900020684069C04340060BD544F8305F67733B
:1026A000A573206940F02000206125730120BDE85A
:1026B000F08120684169C9434906D1D40020F6E77A
:1026C00070B516460D4604461EE02046FFF704FE90
:1026D00008B1012070BD681C16D0FEF7C7FC801B36
:1026E000A84200D885B920684069C04300060BD5D0
:1026F000002044F8300F20216173A073216941F05C
:10270000200121612073E4E720684069C04300068E
:10271000DBD4002070BD7CB514460D4606466B46E2
:1027200006223B21682000F0A9F900280BD1BDF852
:10273000001049BA3180BDF8021049BA2980BDF8AD
:10274000041049BA21807CBD70B5104D4FF48074DF
:10275000002221462846FEF784FC00F0D5F900222D
:1027600061002846FEF77DFC022005F0AFFF012244
:1027700021462846FEF775FC022005F0A7FF2146FA
:102780002846BDE870400022FEF76BBC000C0140FB
:102790007FB5002002904FF440740120CDE9004045
:1027A0000320064D039069462846FEF765FB01228B
:1027B00021462846FEF755FC7FBD0000000C014075
:1027C00070B5104D4FF48074002221462846FEF764
:1027D00048FC00F099F9012251022846FEF741FC1D
:1027E000022005F073FF012221462846FEF739FC3E
:1027F000022005F06BFF21462846BDE8704000220C
:10280000FEF72FBC000C01402DE9F0478046002464
:1028100000F06AF9164F00254FF480764FF40079E6
:10282000002231463846FEF71CFC022005F04EFF20
:10283000012231463846FEF714FC6006040E494674
:102840003846FEF709FC08B1641CE4B2022005F02A
:102850003DFF6D1CEDB2082DE2D3B8F1000F04D09E
:10286000FFF772FF2046BDE8F087FFF7A9FFF9E701
:10287000000C01402DE9F041054600F045F9144EE9
:102880004FF48077002239463046FEF7EAFB0024F9
:102890004FF40078EA0941463046FEF7E2FB68064D
:1028A000050E012239463046FEF7DBFB022005F01B
:1028B0000DFF002239463046FEF7D3FB022005F01B
:1028C00005FF641CE4B2082CE4D3BDE8F0810000ED
:1028D000000C014070B500F017F901220E4D5402B2
:1028E00021462846FEF7BDFB012216023146284646
:1028F000FEF7B7FB022005F0E9FE0022214628463C
:10290000FEF7AFFB022005F0E1FE31462846BDE8A8
:1029100070400022FEF7A5BB000C014070B500F02E
:10292000F3F8104D4FF48074002221462846FEF73C
:1029300098FB6600002231462846FEF792FB0220F3
:1029400005F0C4FE012221462846FEF78AFB01223B
:1029500031462846FEF785FBBDE87040022005F0B1
:10296000B5BE0000000C01402DE9F041002400F04C
:10297000BBF80122144D560231462846FEF771FB82
:10298000022005F0A3FE0122170239462846FEF771
:1029900068FB022005F09AFE08E0641CE4B2FA2C01
:1029A00004D9FFF7BBFF0120BDE8F081314628467E
:1029B000FEF752FB0028F0D1002239462846FEF7E8
:1029C00050FB0020F0E70000000C014010B5FFF7BD
:1029D000DFFE80216B2000F0E2F8642003F0E4FCCD
:1029E00000216B2000F0DBF8032000F0A4F80020A9
:1029F00000F09CF8322000F0BBF80021382000F0F5
:102A0000CEF800216A2000F0CAF80021232000F04F
:102A1000C6F88021372000F0C2F8752000F011F8C8
:102A2000682801D0012010BD01216B2000F0B7F80B
:102A300000216C2000F0B3F8322000F099F800205B
:102A400010BD10B50446FFF745FFD020FFF712FF79
:102A5000FFF78AFF2046FFF70DFFFFF785FFFFF71F
:102A600039FFD120FFF706FFFFF77EFF0020FFF7B9
:102A7000CBFE0446FFF752FF204610BD2DE9F04182
:102A80001D4614460F460646FFF724FF7006000E4B
:102A9000FFF7F0FEFFF768FF20B1FFF73FFF0120CF
:102AA000BDE8F0813846FFF7E5FEFFF75DFFFFF771
:102AB00011FF012000EB4600C0B2FFF7DBFEFFF77D
:102AC00053FF09E0012C0DD05FF00100FFF79CFEE1
:102AD000641E05F8010BE4B2002CF3D1FFF71EFFD2
:102AE0000020DDE70020F1E71FB5002001900290F3
:102AF0004FF4007000900320039069460148FEF7F0
:102B0000BBF91FBD000C01401FB5002002904FF41F
:102B10000070009001200190032003906946024854
:102B2000FEF7AAF91FBD0000000C0140C006010E0F
:102B30001C2000F034B8C006010E1B2000F02FB896
:102B4000BC2801D3012110E0622801D302210CE04E
:102B50002A2801D3032108E0142801D3042104E02A
:102B60000A2801D3052100E006211A2000F017B839
:102B700010B504464FF47A70844201D9044602E04D
:102B8000042C00D20424B0FBF4F0401EC1B2192082
:102B900000F005F86008BDE81040FFF7D1BF70B540
:102BA0000C460546FFF796FED020FFF763FEFFF7C1
:102BB000DBFE50B92846FFF75DFEFFF7D5FE204645
:102BC000FFF758FEFFF7D0FE18B1FFF7A7FE012070
:102BD00070BDFFF7A3FE002070BD2DE9F0411E4639
:102BE00015460F460446FFF775FE6006000EFFF718
:102BF00041FEFFF7B9FE60B93846FFF73BFEFFF72D
:102C0000B3FE00240CE0305DFFF734FEFFF7ACFEAE
:102C100020B1FFF783FE0120BDE8F081641CE4B21F
:102C2000AC42F0D3FFF77AFE0020F5E77CB502F066
:102C3000FFFB44480090002301224FF47A7142A028
:102C400006F0BAFC424D00230122A86241480090E0
:102C5000642141A006F0B0FC0421E862002208468D
:102C600006F078F828633E4A00213E4804F03CFA1A
:102C7000686328461824CDE90040002380223AA149
:102C80003D4806F0E7FA281DCDE9004000238022E8
:102C90003AA13E4806F0DEFA05F10800CDE9004011
:102CA0004FF480760023324639A13E4806F0D2FA2E
:102CB00005F11000CDE90040002380223AA13F48F1
:102CC00006F0C8FA05F11800CDE900400023802283
:102CD0003BA13F4806F0BEFA05F11C00CDE90040DB
:102CE000002332463BA13F4806F0B4FA05F10C0040
:102CF000CDE90040002380223BA1404806F0AAFA1B
:102D000005F11400CDE90040002380223CA1414898
:102D100006F0A0FA05F12000CDE900400023802252
:102D20003DA1414806F096FA012809D0002028620A
:102D3000BDE87C404FF4C8714FF47A6002F060BB8C
:102D40007CBD0000CD46000854696D6572310000FD
:102D500010000020C10B000854696D65723200003C
:102D6000E0960008C143000853686F7754696D65A9
:102D70005461736B000000000D42000853686F77C8
:102D80004D656E755461736B000000007D3B00085B
:102D900053686F7743616C656E6461725461736BE5
:102DA000000000009535000853686F77466C61732A
:102DB000684C696768745461736B0000C93A000815
:102DC00053686F7744485431315461736B0000008D
:102DD0009139000853686F77424D50323830546152
:102DE000736B00002534000853686F77436C6F6382
:102DF0006B54696D655461736B00000025380008E1
:102E000053686F7753657474696E675F5461736B51
:102E100000000000ED3C000853686F775374657044
:102E20005461736B00000000413F0008F0B585B0AD
:102E3000002534480095019502950395816941F07C
:102E400010018161816901F010010491816941F0F3
:102E500020018161816901F020010491816941F0C3
:102E600004018161816901F004010491816941F0EB
:102E7000080181618069244E00F008004FF400547D
:102E80000490002221463046FEF7EBF81F4F002247
:102E900002213846FEF7E5F800940124CDE901450A
:102EA0000225694630460395FDF7E6FF1120CDE97E
:102EB000005069463846CDE90245FDF7DDFF782030
:102EC00000901348CDE9010469463846FDF7D4FF68
:102ED000002205210920FEF747FC0920FEF737FCF8
:102EE000002205210A20FEF73FFC0A20FEF72FFCF6
:102EF000002205211720FEF737FC1720FEF727FCDC
:102F000005B0F0BD00100240001001400008014073
:102F1000000011100D4810B50B4901600C494160CB
:102F200000214FF480428160C0E903124161816158
:102F3000C1610162FEF7A0F8002803D0BDE810408F
:102F4000FDF70DBF10BD000000540040B00100208F
:102F5000801A06000D4810B50B4901600C4941600C
:102F600000214FF480428160C0E903124161816118
:102F7000C1610162FEF780F8002803D0BDE810406F
:102F8000FDF7EDBE10BD0000005800400402002017
:102F9000801A060010B586B00024194800940194E8
:102FA00002940394049415490594016041F61F416D
:102FB000C0E9011442F20F71C1604FF48071C0E9A1
:102FC000041480218161FEF7E1FE08B1FDF7C7FE20
:102FD0004FF48050009069460948FEF761FF08B140
:102FE000FDF7BDFE049404A905480594FEF76CFEA8
:102FF000002801D0FDF7B3FE06B010BD002C014043
:1030000058020020FEE7FEE770B5002404F1B0008E
:10301000C0B200F00FF9002000F00CF9102000F011
:1030200009F90025002000F017F96D1CEDB2802D84
:10303000F8D3641CE4B2082CE8D370BD10B58D2021
:1030400000F0F8F8142000F0F5F8BDE81040AF20CB
:1030500000F0F0B870B5C820FDF784FE044D0024E0
:10306000285D00F0E7F8641CE4B2172CF8D370BDBB
:10307000C800002070B5002404F1B000C0B200F018
:10308000D9F8002000F0D6F8102000F0D3F8002581
:10309000FF2000F0E1F86D1CEDB2802DF8D3641C28
:1030A000E4B2082CE8D370BD10B50446B031C8B204
:1030B00000F0C0F8102040EA141000F0BBF804F053
:1030C0000F00BDE8104000F0B5B800002DE9F04752
:1030D000203A0024089E0F468146D5B27F2803D9A6
:1030E00000208F1C8146FFB2102B394612D0FFF70B
:1030F000DBFF1B4905EB450001EB4005285D0EB1E8
:10310000C043C0B200F0A8F8641CE4B2062CF5D3AA
:10311000BDE8F087FFF7C8FFDFF8488004EB051132
:1031200018F801000EB1C043C0B200F095F8641C5D
:10313000E4B2082CF2D37F1CF9B24846FFF7B4FF83
:103140000024474604EB05103844007A0EB1C04312
:10315000C0B200F081F8641CE4B2082CF2D3D7E7C7
:10316000049700082C9900082DE9FF4F81B0002634
:10317000DDE90EA91D469346804634464FEA5A07BC
:1031800027E0281B401EC1B20A2003F04FFFBBFB03
:10319000F0F00A21B0FBF1F201FB120026B9691E22
:1031A0008C4201DA48B101263030C2B207FB0480FC
:1031B000C0B25346CDF8009006E007FB0480C0B2D1
:1031C00053462022CDF800900299FFF77FFF641C40
:1031D000E4B2AC42D5D305B0BDE8F08F2DE9F84399
:1031E0001E461746894604460025DDF8208014E077
:1031F000334649462046CDF80080FFF767FF0C2E86
:1032000010D00834E4B27A2C01D90C2E0CD0782CD2
:1032100001D9102E08D06D1CEDB27A5D002AE7D1DD
:10322000BDE8F883A41DEDE709F10100002400F0DA
:10323000FF09F0E701B584B001214FF4807204A8C2
:103240008DE807000B46002278210248FEF700F9BE
:1032500005B000BDB001002001B584B001214FF4DC
:10326000807204A88DE807000B46402278210248AE
:10327000FEF7EEF805B000BDB001002001000448E3
:103280004FF00001006801D0FEF794BFFEF7E0BFE9
:10329000C000002070B58CB01C216846FDF71BF8FB
:1032A0004FF480700225CDE90705002407A91048D6
:1032B000CDE90945FDF7E0FD0F4E0E484722316884
:1032C00015C140F2E732E1E80224802261E80442BD
:1032D00001F0E0F860200090049440F2F310CDE992
:1032E0000105002269463068FEF7FDFE0CB070BD96
:1032F00000080140002C0140C00000202DE9F041F1
:1033000088B0884606461C216846FCF7E4FF1A4C44
:1033100000212068FEF79CFF2068FEF709FD206869
:103320001649002501604721C0E90115144F97FB9C
:10333000F6F1491EC0E903158021C0E90551FEF7E9
:1033400025FD602000900220029097FBF6F0401EC1
:1033500000FB08F0642190FBF1F00495019000223D
:1033600069462068FEF7BFFE00212068FEF722FFB5
:1033700008B0BDE8F0810000C0000020002C014032
:1033800040420F00F8B51A4C0025A4F1240620682D
:103390000095C11700EB5170C0F3C70130791023BD
:1033A00014A2FFF71BFF60680095C11700EB517076
:1033B000C0F3C7013079102311A2FFF70FFFA068F7
:1033C0000095C11700EB5170C0F3C701307910238D
:1033D0000EA2FFF703FFE0680095C11700EB5170E4
:1033E000C0F3C701307910230BA2FFF7F7FEF8BD39
:1033F000640100207468616E6B20796F75000000B5
:10340000666F6C6C6F77696E670000006D79207075
:10341000726F6A656374000040636873266D7A6B2F
:1034200000000000A6B002F003F84A4D286820B161
:10343000012251034848FDF714FEFFF70BFEFFF78A
:10344000E3FD22A801F022FF7620ADF85C0043489E
:10345000189022A90EA801F0B5FE9DF86A00602818
:1034600076D000270024A8464FF47A79CDF884401E
:10347000FFF7CAFD20AB1EAA1FA90EA801F096FFF8
:103480001F98FDF7E8F905460E461E98FDF7E3F98B
:103490002A46334602F090F805460E461E98FDF780
:1034A000DAF902460B462EA101A801F04DF90021E0
:1034B000102301AA08460094FFF790FE1F98FDF71D
:1034C000CAF902460B4629A101A801F03DF91023D3
:1034D00001AA022100200094FFF780FE2A4633460D
:1034E00025A101A801F030F9102301AA0421002030
:1034F0000094FFF773FE7FB12098FDF7ACF9024608
:103500000B4620A101A801F01FF9102301AA0621F2
:1035100000200094FFF762FE4A4621A9D8F8000077
:1035200005F0C2FD0128A3D19DF8870001289FD195
:10353000642140F6C41001F063FF1548006805F0EF
:1035400093FA002005F012FB8DF8874090E7FFE723
:10355000012787E7400000200010014004020020FE
:103560007072653A20252E306600000074656D701B
:103570003A20252E31660000616C743A20252E31E8
:103580006600000068756D3A20252E316600000047
:1035900014000020B0B001F04BFF6248006820B179
:1035A000012251036048FDF75CFDFFF753FDFFF773
:1035B0002BFD60225D4901A8FCF774FE5B491822CF
:1035C000603121A8FCF76EFE58480DF1680C783088
:1035D0000FC88CE80F00554A1EAB883207CA83E833
:1035E000070052491822943128A8FCF75BFE0020FE
:1035F000814601260DF1680805462790FFF704FD76
:1036000000240DF1840A474604EB440101EB0A0251
:103610000095B84617F814000C230121FFF7DEFDD2
:10362000641C062CF0DD304602F0CBFE83464FF4DE
:10363000FD6002F076FE84B201224FF0070A09E035
:10364000104602F0BEFE011991FBFAF30AFB1310BB
:1036500084B2521CB242F3D301272E9421E000BF62
:10366000B4FBFAF10AFB11402E99641CC1F1070169
:10367000B94201D3002103E018B909F10101C9B22F
:10368000894607EB470201A91EAB00950A4433F8AF
:10369000191018F81000C1F3C7010C23FFF79EFDA5
:1036A0007F1C5F45DCD92798009500EB400101A8FD
:1036B0000A180C2304217520D21CFFF78FFD19482E
:1036C0004FF0FF3219A9006805F0EEFC9DF8640088
:1036D000012812D1642140F6C41001F091FE279810
:1036E000761C401CC0B227900B2801D900202790DF
:1036F0000C2E00D901268DF864509DF86700012832
:103700007FF47CAF642140F6C41001F079FE0848D4
:10371000006805F0A9F9002005F028FA8DF8675037
:103720006CE70000400000200010014098AB00084A
:10373000140000207CB50024102334A2022120466E
:103740000094FFF74BFD102332A2062100200094C5
:10375000FFF744FD1025314ECDE900543288012396
:1037600002212820FFF700FDCDE9005472880123D3
:1037700002213020FFF7F8FC102329A20221382073
:103780000094FFF72BFDCDE90054B28801230221FC
:103790004020FFF7E9FCCDE90054F2880123022123
:1037A0004820FFF7E1FCCDE90054083601233288B8
:1037B00006212820FFF7D8FCCDE9005472880123A8
:1037C00006213020FFF7D0FC102315A20621382057
:1037D0000094FFF703FDCDE90054B28801230621D0
:1037E0004020FFF7C1FCCDE90054F28801230621F7
:1037F0004820FFF7B9FCCDE90054A6F10C000123E5
:10380000428804215E20FFF7AFFC7CBD5365743A0B
:10381000000000005265743A0000000030010020F2
:103820003A0000001CB501F003FEDFF85091D9F812
:10383000000020B1012251035148FDF712FCFFF7AF
:1038400009FCFFF7E1FB4F4D4F4F2C1F05F1080816
:10385000002640F6C41A00BFFFF7D6FBFFF76AFF49
:10386000207830B94FF0FF3201A9D9F8000005F0F7
:103870001BFC9DF8040001280AD16421504601F088
:10388000BFFD6078401C40B26070042800DD6670A7
:103890009DF8050001280BD16421504601F0B0FDD0
:1038A0006078401E40B26070002801DA0420607029
:1038B0009DF80600012811D16421504601F0A0FDB9
:1038C00094F9010004280ED035F81010491C89B273
:1038D00025F81010092901D925F810609DF8070076
:1038E000012811D024E038680028F7D005F018FD31
:1038F0000246009600230121386805F0A7FE01204A
:1039000020708DF80660E9E76421504601F078FDEB
:103910002670386828B100231A460321009605F066
:1039200095FE1A48006805F09FF8002005F01EF982
:103930002078012890D12988B8F80020404691428B
:103940008AD169884288914286D1A9888288914229
:1039500082D1E988B8F806008142EBD12670386838
:1039600028B100231A460321009605F06FFE4FF49C
:103970007A71504601F044FD6EE7000040000020DF
:1039800000100140300100203C0000201400002005
:103990008CB0FDF73BF901F04BFD434D286820B199
:1039A000012251034148FDF75CFBFFF753FBFFF792
:1039B0002BFB002418223E4903A80294FCF772FC5A
:1039C000AA464FF47A7B00BFFFF71EFB0AA909A89D
:1039D000FDF738F980B1FDF719F9102335A202215E
:1039E0000A200094FFF7FAFB102334A204210A20D6
:1039F0000094FFF7F3FB3CE00A990A2091FBF0F2F8
:103A000091FBF0F800FB12190999102391FBF0F2D9
:103A100091FBF0F600FB121726A202210094FFF79B
:103A2000DDFB1025CDE9005401234246022132205E
:103A3000FFF79AFBCDE9005401234A4602213A20C0
:103A4000FFF792FB10231DA204210A200094FFF728
:103A5000C5FBCDE900540123324604213220FFF793
:103A600083FBCDE9005401233A4604213A20FFF7B5
:103A70007BFB5A4602A9DAF8000005F015FB012885
:103A8000A2D19DF80B0001289ED1642140F6C410FC
:103A900001F0B6FC0B48006804F0E6FF002005F0DA
:103AA00065F88DF80B408FE74000002000100140C2
:103AB00078AC000854656D703A00000048756D6977
:103AC0003A000000140000201CB501F0B1FC254EA6
:103AD000306820B1012251032348FDF7C2FAFFF7F5
:103AE000B9FAFFF791FA0025102320A20321142030
:103AF0000095FFF773FB204F00244FF0FF3940F68D
:103B0000C4184A4601A9306805F0CEFA9DF80600AF
:103B1000012815D16421404601F072FC14B1012C3A
:103B20000ED103E0FFF7A6FA012409E0FFF76CFAD3
:103B300010230EA2032114200095FFF74FFB002451
:103B40009DF807000128DCD16421404601F058FCB3
:103B5000FFF75AFA386804F087FF002005F006F8EE
:103B6000CFE7000040000020001001404C6967686A
:103B7000743A204F464600001400002008B501F0BA
:103B800057FC3E4E306820B1012251033C48FDF7FE
:103B900068FAFFF75FFAFFF737FAFFF74FFA394C89
:103BA0004FF0FF3700254FF4FA6800BFFFF72CFAFB
:103BB00000F0D4FB3A466946306805F075FA9DF886
:103BC0000000012819D09DF80100012823D09DF89C
:103BD000030001282ED09DF802000128E6D16421BF
:103BE000404601F00DFC2848006804F03DFF00202D
:103BF00004F0BCFF8DF80250D8E7207840B1401E99
:103C0000207060686421401E6060404601F0F8FB4F
:103C10008DF80050CAE72078062808D2401C207092
:103C200060686421401C6060404601F0E9FB8DF84B
:103C30000150BBE76421404601F0E2FB20780728F1
:103C4000B4D2DFE800F004061012141618000F4872
:103C500000E00F48006804F007FF002004F086FF32
:103C60008DF80350A2E70B48F4E70B48F2E70B4846
:103C7000F0E70B48EEE70B48ECE7000040000020BF
:103C8000001001401C01002010000020180000203E
:103C900020000020280000201C0000202C00002014
:103CA00030000020240000202DE9F8430D4E0024B0
:103CB0000D4F2546A6F1100856F8240004EB8401A8
:103CC00007EB4102C11700EB5170C0F3C70100952B
:103CD00098F800001023FFF781FA641C052CEBDB39
:103CE000BDE8F8835001002044AC000886B001F024
:103CF0009FFB894F386820B1012251038748FDF7A7
:103D0000B0F9FFF7A7F9FFF77FF9FFF797F9844DAF
:103D10004FF0000805F11400A5F11806059006F112
:103D20001400049005F10800039006F1080005F165
:103D30000C0B06F10C0ADFF8EC91A5F14C04029093
:103D4000FFF762F9A06805281BD2DFE800F0031432
:103D500014141800102374A203214020CDF8008011
:103D6000FFF73CFA102373A206213D20CDF8008016
:103D7000FFF734FA05E0E06800F030FA01E0FFF701
:103D800001FBFFF791FFD9F8000028B94FF0FF328F
:103D900001A9386805F088F99DF80400012804D0CD
:103DA0009DF8050001284ED092E0D9F80010491C7A
:103DB000C9F80010A06804282DD005282BD2DFE810
:103DC00000F0030B151D30000122291D544804F09A
:103DD00099FC0122311D06E001225148039904F0AB
:103DE00091FC029901224E48183812E001225946EE
:103DF0004B4804F087FC01225146F4E74849012270
:103E00001031474804F07EFC454901220839A1F1F0
:103E1000100004F077FCD9F80000142809D080B312
:103E200056E001223E48059904F06CFC01220499F9
:103E3000D9E7A068042801D0401CA060C9F8008020
:103E40008DF804803FE0D9F80010491CC9F8001033
:103E5000A06850B3052828D2DFE800F027030B1430
:103E60001C0001222E48059904F04CFC0122049903
:103E700017E00122291D2A4804F044FC0122311DCB
:103E80000FE020E001222648039904F03BFC0122C8
:103E9000029906E001225946214804F033FC012230
:103EA00051461F48183804F02DFCD9F80010142989
:103EB00001D041B10CE0A16809B1491EA160C9F867
:103EC00000808DF80580642140F6C41001F098FA56
:103ED0009DF8060001280CD1642140F6C41001F0C1
:103EE0008FFAE068401C00EBD07121F00101401A0C
:103EF000E0609DF8070001287FF422AF642140F6BE
:103F0000C41001F07DFA0D48006804F0ADFD0020FA
:103F100004F02CFE14E700004000002000100140D7
:103F20008C0100202801002040636873266D7A6BA5
:103F300000000000323032352F31310014000020F3
:103F40000EB5FEF743FD02E0C82004F025FD02F0A7
:103F500073FA0028F8D1FFF77DF8FFF755F8FFF75F
:103F60006DF89748006820B1012251039548FDF78C
:103F700078F8FFF749F84FF00008464645464746AF
:103F800000200090904807EB470100EB410404F14A
:103F9000280B04F1260A04F1240907E0012004F0AB
:103FA000FBFC0098401C00900A2806DC5A4651464B
:103FB0004846FEF7B0FB0028F0D1A18C7F1C01EB36
:103FC00008000FFA80F8E08C042F304406B2208DF0
:103FD000284405B2D4DB4FEAE87108EB91708310F6
:103FE000F01706EB90708210E81705EB90708110C7
:103FF0007548046C641C0464322C0BD901240464DD
:104000000468C46084880482D0F80640C0F8124076
:104010004489C482B0F900409C4200DC1C46048004
:10402000B0F902C0A146944500DC9446A0F802C055
:10403000B0F904508D4200DC0D468580B0F9067061
:104040009F4200DB1F46C780B0F90860964200DB44
:1040500016460681B0F90A408C4200DB0C464481CA
:10406000B0F918808246A3EB08001E303C28504669
:1040700004D9A0F81E80AAF8183001E0AAF81E8022
:10408000B0F91A300384A2EB030808F11E08B8F156
:104090003C0F00D94283B0F91C2042848B1A1E3396
:1040A0003C2B00D98183A9EB0701002901DCA7EB98
:1040B0000901ACEB060209B2002A01DCA6EB0C02F6
:1040C0002B1B12B2002B00DC631B1BB2914213DDD1
:1040D000994211DD3C290FDBB0F90C10B0F9122028
:1040E000114401EBD171B0F91E2041F34F018A4216
:1040F00033DDBAF918002AE08A4213DD9A4211DD55
:104100003C2A0FDBB0F90E10B0F91420114401EB7A
:10411000D171B0F9202041F34F018A421DDDBAF977
:104120001A0014E08B4218DD934216DD3C2B14DBA1
:10413000B0F91010B0F91620114401EBD171B0F9AB
:10414000222041F34F018A4207DDBAF91C00884260
:1041500003DA1E480168491C0160002410231CA2D8
:1041600021460F200094FFF739F81020CDE9000414
:1041700016480523022102680A20FEF7F5FFC82031
:1041800004F00AFC0E484FF47A7202A9006804F0A9
:104190008BFF01287FF4EDAE9DF80B000128F9D1CB
:1041A000642140F6C41001F02BF90B48006804F0BC
:1041B0005BFC8DF80B40002004F0D8FCD9E6000031
:1041C0004000002000100140CC2F0020A40100205E
:1041D00073746570000000001400002008B5002111
:1041E00048B1012806D10091102306A204214520E0
:1041F000FEF7F4FF08BD00911023042102A2642001
:10420000F6E700006F6666006F6E00000EB501F005
:104210000FF9454F386804F0A9FC4448006804F0E1
:10422000A5FC4348006804F0A1FC4248006804F083
:104230009DFC4148006804F099FC4048006804F087
:1042400095FC3F48006804F091FC3E48006804F08B
:104250008DFCFEF7FFFEFEF7D7FE10263A4D002438
:10426000FEF7D2FE102339A201211E200094FEF792
:10427000B5FFCDE900640123AA7903211420FEF7DC
:1042800073FFCDE9006401236A7903211C20FEF746
:104290006BFF10232FA2032124200094FEF79EFF22
:1042A000CDE9006401232A7903212C20FEF75CFF6D
:1042B000CDE900640123EA7803213420FEF754FF9E
:1042C000102324A203213C200094FEF787FFCDE9B0
:1042D00000640123AA7803214420FEF745FFCDE9BD
:1042E000006401236A7803214C20FEF73DFFFA2089
:1042F00004F052FB287828B91748002202A9006868
:1043000004F0D2FE9DF80A000128A9D1642140F6EC
:10431000C41001F075F8386804F0A6FB002004F022
:1043200025FC8DF80A409BE71400002020000020A7
:10433000240000201C00002018000020280000207D
:104340002C000020300000201501002054696D650C
:10435000000000003A0000004000002038B50024B2
:10436000102311A2214620460094FEF737FF1023A8
:104370000FA2032100200094FEF730FF10230DA2AE
:10438000032178200094FEF729FF0B4800940B4985
:104390004068102300EB800001EB400203211E2047
:1043A000FEF71CFF38BD00004D656E750000000073
:1043B0003C0000003E0000001C01002052AB000841
:1043C000084C08B5A06A48B104F0AAFF02460020D4
:1043D000034600900121A06A05F038F9012002F09F
:1043E0002DFEFBE71000002010B5502080F311884F
:1043F000BFF34F8FBFF36F8F04F0A0FF18B10449D4
:104400004FF080500860002080F3118810BD00003C
:1044100004ED00E030B58FB028216846FBF75BFF64
:1044200014210AA8FBF757FF01210804CDE9001069
:104430000024029402250491CDE907504FF4E010C6
:1044400009906846FDF7AEFA08B172B6FEE70F2094
:10445000CDE90A054FF48060CDE90C4002210AA89D
:104460000E94FDF7B3F9002801D072B6FEE70FB045
:1044700030BD70470020FEF701BF00000148FDF786
:104480007EBD0000580200200148FDF778BD000005
:10449000A0020020F0B50268164B174C174D4FF0E4
:1044A0008047984205D0B84203D0A04201D0A8422C
:1044B00003D122F070064A683243984205D0B842D0
:1044C00003D0A04201D0A84203D122F44074CA68AC
:1044D00022434C6922F08002224302608A68C26251
:1044E0000A688262984201D1096901630121416130
:1044F000F0BD0000002C0140000400400008004016
:1045000010B501F01F030121046A99408C43046235
:10451000016A9A401143016210BD10B5846842EAF5
:10452000032224F47F440A432243826010BD826840
:1045300022F070020A4342F00701816070470000D8
:1045400030B5036A026A22F001020262426884699D
:1045500024F073050C682C4323F002058B682B4371
:104560000A4DA8420BD123F00805CB6822F4407213
:104570002B434D6923F0040315438A692A434260A3
:10458000846149684163036230BD0000002C014032
:1045900030B5026A036A23F010030362436884693A
:1045A0000D6824F4E64444EA05248D6822F02002D4
:1045B00042EA05120B4DA8420ED1CD6822F08002CE
:1045C00042EA05124D6923F4406343EA85038D698D
:1045D00022F0400243EA85034360846149688163B5
:1045E000026230BD002C014030B5036A026A22F439
:1045F000807202624268C46923F4007324F0730578
:104600000C682C438D6843EA05230C4DA8420ED15B
:10461000CD6823F4006343EA05234D6922F4405238
:1046200042EA05128D6923F4806342EA0512426072
:10463000C4614968C163036230BD0000002C0140C1
:1046400030B5046A026A22F4805202624268C36989
:104650000D6823F4E64343EA05238D6824F40054EF
:1046600044EA0534064DA84204D14D6922F4804243
:1046700042EA85124260C36149680164046230BD48
:10468000002C014010B5036A046A24F0010404629E
:10469000846924F0F00444EA021423F00A020A4375
:1046A0008461026210BD10B5036A046A24F010042C
:1046B0000462846923F0A00324F4704444EA0232C3
:1046C00043EA01118261016210BD00001448417883
:1046D000491CCAB200214270092A03D9417082786C
:1046E000521C82708278052A03D98170C278521CCC
:1046F000C270C278092A03D9C1700279521C0271B2
:104700000279052A03D901714279521C427142791A
:10471000052A03D941718179491C817170470000D4
:1047200015010020FEE700000FB4054B10B503A9EA
:10473000044A029800F08EF910BC5DF814FB0000EA
:10474000115E0008A80100200FB4084B10B504A9A1
:1047500002AA039800F07EF9044602A9002000F0A6
:10476000FCFC204610BC5DF814FB00005B51000807
:10477000490050EAC12018BF04204A0D18BF40F07C
:10478000010040F2FF72B2EB515F08BF40F002003F
:10479000012808BF052070470907090E002804DB1F
:1047A00000F1E02080F80014704700F00F0000F1E5
:1047B000E02080F8141D70472DE9F0414F1E00EBFA
:1047C000C7010446D1E9000115461E4637F006022E
:1047D0000DD02A463346FBF711FF7F1E04EBC703BB
:1047E000D3E90023FBF763FE37F00602F1D1022F75
:1047F00025D0042F13D0062F18BFBDE8F0812A461C
:104800003346FBF7FBFED4E90A23FBF750FE2A46AA
:104810003346FBF7F3FED4E90823FBF748FE2A46AC
:104820003346FBF7EBFED4E90623FBF740FE2A46AE
:104830003346FBF7E3FED4E90423FBF738FE2A46B0
:104840003346FBF7DBFED4E90223FBF730FE2A46B2
:104850003346FBF7D3FED4E90023BDE8F041FBF774
:1048600026BE00000022134610460149FBF738BF60
:104870000000F03FFBF71BBE002213461046114616
:10488000FBF72EBF40F2013200204FF0E041FCF771
:10489000C0B80000024A00201107FCF7BAB80000B7
:1048A00001FDFFFF02E008C8121F08C1002AFAD16B
:1048B00070477047002001E001C1121F002AFBD1A0
:1048C000704700000149086070470000AC010020FB
:1048D0002DE9FF5F82B00021DDE90430020DDDF833
:1048E00040B0034318D044F61050A2F2FF324243C6
:1048F0001514119801281FD0A5EB0B00401C5FEA8E
:10490000000A4FF000064E4FDFF83891B04650468F
:1049100015D5CAF1000413E0119801244AA3012817
:1049200001D16FEA0B010298119AC0E90031C0E988
:10493000024206B0BDE8F09FCBF10000DFE704467D
:104940000021404A491842EB0450CDE9001012E022
:10495000E00707D032463B4640464946FBF74EFE4D
:104960008046894632463B4610461946FBF746FECE
:1049700006460F466410002CEAD1DDE90401DDE9AA
:104980000023BAF1000F06DAFBF738FE42464B4629
:10499000FBF734FE05E0FBF7A3FE42464B46FBF770
:1049A0009FFE04460E460022284BFCF761F803D810
:1049B0004FF0FF30014607E00022254B20463146EC
:1049C000FBF775FDFCF73CF8102409E0002C0ADB2E
:1049D0000A220023FBF7F4FB039B30321A55641EB6
:1049E00050EA0102F2D1641C039AC4F11103144489
:1049F000119A012A03D0012208430DD10AE008438D
:104A000004D000204FF0110B119072E7A3EB0B05BF
:104A10006D1E0DE05B4504DD4FF0000205F1010560
:104A200004E003DA4FF00002A5F10105002AECD002
:104A300002981199C0E90231C0E9004579E7000008
:104A4000000014400000F03F300000000000F04380
:104A50000000E03F2DE9FF4F95B09A468846064694
:104A60000025EEE1252877D100242746F94A0121C7
:104A7000039400E0044316F8013F203B01FA03F0E1
:104A80001042F7D130782A2811D06FF02F033078F8
:104A9000A0F13002092A16D8039A44F0020402EB6E
:104AA000820203EB42021044761C0390EFE758F8B1
:104AB000042B0392002A03DA504244F4005403907A
:104AC00044F00204761C30782E2816D116F8010F17
:104AD00044F004042A280DD06FF02F023078A0F1A2
:104AE0003003092B09D807EB870302EB4303C718F0
:104AF000761CF3E758F8047B761C30786C280FD0CE
:104B000006DC4C2817D068280DD06A2814D104E0A0
:104B1000742810D07A280FD10DE044F400140AE074
:104B200044F4801401E044F440147278824202D1CB
:104B300004F58014761C761C307866280BD013DCC4
:104B4000582877D009DC002875D04528F6D04628AB
:104B5000F4D047281AD193E118E0632835D06428AF
:104B600079D0652812D18BE1702873D008DC6728D2
:104B7000F1D069286FD06E280DD06F2806D1ACE037
:104B800073282CD0752874D0782853D052461799A2
:104B900090476D1C54E1C4F30250022809D0032849
:104BA0000DD0D8F8001004280DD00D6008F10408CD
:104BB00046E1D8F80010EA17C1E90052F6E7D8F844
:104BC00000100D80F2E70D70F0E718F8041B8DF867
:104BD000001000208DF80100EB46012003E058F89A
:104BE00004BB4FF0FF3061074FF0000102D40DE02D
:104BF00009F101018946B9420FDA8145F8DB1BF85A
:104C000009100029F4D108E009F101018946814227
:104C1000FADB1BF809100029F6D103985346A0EBE4
:104C2000090721463846179A00F080FA284400EB1D
:104C3000090507E044E008E10DE01BF8010B5246CE
:104C400017999047B9F10109F7D2534621463846E2
:104C5000179AF2E039E00A21C4F302524FF0000B38
:104C60000091022A06D058F8040BC117032A09D074
:104C70000AE023E008F1070020F00702F2E8020151
:104C8000904605E000B2C117042A01D140B2C11715
:104C9000002906DA0A460021404261EB02012D227A
:104CA00002E0220504D52B228DF80420012203E026
:104CB000E20701D02022F7E7914657E00A2100E001
:104CC00010214FF0000B00910BE010214FF0000B72
:104CD00044F004040827009103E008204FF0000B83
:104CE0000090C4F30252022A05D058F8040B0021A8
:104CF000032A08D008E008F1070020F00702F2E8D4
:104D00000201904603E080B2042A00D1C0B24FF005
:104D1000000922072AD53278702A07D0DDF800C0B2
:104D20008CF0100C5CEA0B0C05D00EE040228DF8E4
:104D30000420012208E050EA010306D030238DF858
:104D400004308DF8052002229146009B83F0080371
:104D500053EA0B030AD150EA010201D1620705D5DB
:104D600030228DF804204FF001097F1E3278582A36
:104D700004D039A20C920CAA02920BE03BA2F9E7F4
:104D80005B46009AFBF71CFA0C9B9B5C029A521E36
:104D90000292137050EA0102F2D1029804A9081A93
:104DA00000F1200B600702D524F4803400E00127D5
:104DB0005F4502DDA7EB0B0000E0002000EB0B01DC
:104DC000009003984944401A0390E00306D45346E8
:104DD0002146179A039800F0A9F90544002706E038
:104DE00001A85246C05D179990476D1C7F1C4F4526
:104DF000F6DBE0030CD553462146179A039800F0E2
:104E000095F9054404E030205246179990476D1CEF
:104E10000099481E00900029F5DC08E002980299EC
:104E200052460078491C0291179990476D1CBBF1BE
:104E30000001ABF1010BF1DC5BE100F065F9054429
:104E4000761C307800287FF40DAE19B02846BDE8F6
:104E5000F08F000009280100303132333435363705
:104E600038396162636465660000000030313233B6
:104E70003435363738394142434445460000000056
:104E8000600700D4062708F1070020F00700F0E8CB
:104E90000223804603F0004C5FEA0C0001D097A08B
:104EA00009E0200501D596A005E0E00701D095A016
:104EB00001E0AFF24C001390307823F000436528F6
:104EC0000CD006DC452809D046281DD047287FD1C4
:104ED0003BE0662818D067287AD136E00021112FF0
:104EE00001DB112000E0781CCDE9000104A90CA829
:104EF000FFF7EEFCDDE90D010C9A4FF0000B07F116
:104F00000109109200914EE04FF000400097CDE96A
:104F1000011004A90CA8FFF7DBFCDDE90D020C9BD6
:104F20000F994FF0000B91461093009211B9791C24
:104F300000EB0109B7EB090003D4C0F1FF3B07F117
:104F40000109A9EB0700019042E0012F00DA0127D7
:104F50000021112F01DD112000E03846CDE90001CC
:104F600004A90CA8FFF7B4FCDDE90D010C9A00912F
:104F70004FF0000BB946109221070FD4009A4A4512
:104F800003DA914601E0A9F10109B9F1010F05DD4C
:104F9000109AA9F10101515C3029F4D0B84202DA2B
:104FA00010F1040F03DA0121CDE9011010E000280F
:104FB00003DC8344A9EB000102E0411C494500DD0C
:104FC0008946A0EB0B00401C01904FF0004002907E
:104FD000200705D40198484502DB4FF0FF300190CF
:104FE00000208DF84B0002980DF14B07B0F1004FF7
:104FF00025D002200C902B200D90029800280CDA6E
:10500000404202902D200D9007E00A210298FBF704
:1050100035FC3031029007F8011D0C99481E0C90A8
:105020000029F2DC02980028EFD1791E0D98087053
:10503000307800F0200040F0450007F8020D11A87C
:10504000C01BC01D02901398007800B1012000EB36
:105050000901019801EBE071029801440398401A9C
:10506000401E0390E00306D453462146179A039846
:1050700000F05CF805441398007818B1524617996F
:1050800090476D1CE00323D553462146179A039899
:1050900000F04CF805441BE0BBF1000F07DB009863
:1050A000584504DD1098179910F80B0001E0179986
:1050B00030205246904701980BF1010B401E05F13C
:1050C0000105019004D12E205246179990476D1C7E
:1050D000B9F10001A9F10109DEDC05E017F8010BC7
:1050E0005246179990476D1C0299481E029000295C
:1050F000F4DC53462146179A03989EE62D000000E3
:105100002B000000200000002DE9F041044600259E
:105110001E461746880404D405E039462020B047CF
:105120006D1C641EF9D52846BDE8F0812DE9F041DB
:10513000044600251E469046C80301D5302700E0EE
:105140002027880404D505E041463846B0476D1C49
:10515000641EF9D52846BDE8F0810A68531C0B602F
:10516000107070472DE9FE4307460E46002568463D
:1051700000F058FE00246FF00F09E84657F82400AD
:1051800056F82410401A00D54042FBF718FB494658
:10519000FBF781F958F8241011F0FF4F07D10749A8
:1051A00008440749884202D30120A0400543641CFB
:1051B000032CE3DB2846BDE8FE830000666666C17B
:1051C0009A99D900F8B50546808C0C46762801D00E
:1051D000772857D1012305F13202D021284603F068
:1051E00075F9E8BB95F83200582801D0602849D1FC
:1051F000B622E021284603F041FD88BB01236A4620
:10520000F321284603F062F90028F7D19DF8000049
:10521000C007F3D1284603F001F9002833D095F8F0
:105220003200602804D1284603F065F900282AD00E
:1052300060796178400140EA8100C2B2F5212846D8
:1052400003F01CFD60B92078012801D100202070F6
:10525000E078A178400140EA81002178084300E02D
:1052600010E0C6B295F83200602805D12279F2210B
:10527000284603F003FD28B93246F421284603F0FE
:10528000FDFC08B10020F8BD0120F8BD032101702C
:10529000002242708170C1700171417170472DE927
:1052A000FC41044690F8320090460F461E466028A6
:1052B00004D00EB100201860002602E00EB10823D1
:1052C00000E006236A46F721204603F0FFF810B1FC
:1052D0000020BDE8FC819DF800009DF8042001033A
:1052E0009DF80100238841EA00119DF80200B4F9FD
:1052F000025041EA10119DF80300000340EA021039
:105300009DF8052040EA1210C210A2EB4302C3EB45
:1053100020104043B4F904306A430013D2125843BA
:1053200002EBA03505EB85008030001238602A467C
:10533000204600F095F8C8F80000AEB3BDF80600AE
:10534000E18B40BA8003A0EB0150A5F59635B4F986
:105350002010227F01FB150094F922106A43694353
:105360004FF40043891203EBE22251439A0102EB0E
:10537000A121B4F91A2000F58040514301F50051F4
:10538000C01389134843C1134943227EC9115143B5
:10539000B0EB211001D5002004E04FF0C851884245
:1053A00000DD084600133060012092E7FEB51C00C6
:1053B00015460E4601D002AB00E0002301AA694663
:1053C000FFF76DFF002818D00098FBF7F8F90B499C
:1053D000FBF723F830600198FBF7FAF96FF007014B
:1053E000FBF759F828603CB10298FBF7F1F96FF030
:1053F0000901FBF750F820600120FEBD0000C84203
:1054000038B50C460849096800290BD13221FDF74F
:1054100075FF0020034600900448224604210068DE
:1054200004F014F938BD00004C010020C400002035
:1054300008B5FDF72FFF0548002300901A46C82144
:1054400003A004F0B9F80549086008BD75440008D8
:1054500053797374656D536F756E6400C4000020DA
:105460002DE9F05F04468B465249D0175118A1FB35
:105470000182B4F9103040F1FF30A8FB039700FB24
:10548000012201FB0022DE1702FB0373B4F90E5068
:1054900008FB0633A5FB017CEE1706FB01C605FBE6
:1054A00000656E0446EAD7367F0417EB09055E41B6
:1054B000B4F90C304FF0000A1AEB050546EBC309AE
:1054C000B4F90A30A8FB037C02FB03C24FEAE3767F
:1054D00008FB0622B4F908304FEA1726A3FB01C8DF
:1054E0004FEAE37707FB018103FB00104FEA00312D
:1054F00046EA02664FEA0C3041EA1C51301841EB93
:105500002222001CE18842F50043A0FB016703FB57
:10551000017100FB0A104210C31752EA030047D082
:10552000CBF58016F017C10741EA5601F607751B47
:1055300040F63547A5FB070C61EB090101FB07C1EC
:10554000002605FB0611FAF76CFEB4F91630420B83
:1055500042EAC142A3FB027CDD1705FB02C54E13E4
:1055600003FB0653A7FB025C03FB02C207FB0622F8
:105570006B0E43EAC2135616B4F91420A2FB007C4A
:10558000D51705FB00C502FB0155FA0CC01842EA0D
:1055900045327141801841EBE5414FEA102040EA65
:1055A0000160B4F912104FEA01114018BDE8F09FF4
:1055B0000020FBE7000CFEFF2DE9F04114461F46DA
:1055C00005460E464FF066320F4B20463946FAF735
:1055D0006EFF07460C462A46334600200B49FBF770
:1055E0007FF80B4A0B4B01F0D1FD00220A4BFAF772
:1055F000FFFF3A462346FBF701F8BDE8F0414FF0C4
:105600000042064BFBF76CB866127140D0BCF84004
:105610004A2DEE7D3659C83F0000F03FBE9F7A3FCD
:1056200008B560B120208DF8000028208DF8010019
:1056300030208DF8020038208DF8030004E0A3220A
:1056400004216846FAF740FE6A46042140F69E208F
:1056500001F0C2FC01F080F908BD00003EB504462F
:1056600002208DF80000CA208DF80100E3208DF89B
:10567000020009208DF803006A460421682001F029
:10568000ABFCA3208DF80000610609D5C0218DF880
:105690000110C8218DF80210C2218DF8031005E019
:1056A0008DF801008DF802008DF8030014F4C07F1E
:1056B00009D0C4218DF80410CC218DF80510C62125
:1056C0008DF8061005E08DF804008DF805008DF8C2
:1056D00006008DF808008DF807008DF809006A466D
:1056E0000A2140F6A72001F077FCA0074FF0D8056B
:1056F00003D020208DF8000001E08DF800506A46AC
:10570000012140F6B62001F067FCA00601D501207A
:1057100000E0002000F08EF814F4C07F1ED0E005F9
:105720000AD5B2208DF800008B208DF80100B6203C
:105730008DF802009B2009E0B0208DF80000802049
:105740008DF80100B4208DF8020090208DF8030040
:105750006A46042140F6A22001F03EFCE1074FF426
:105760000B6022D0F8218DF800106A46012101F06B
:1057700033FCFA21072000F097FA072000F062FAC4
:10578000012000F07FFA642000F022FB4FF4FA7051
:1057900000F02EFBC821254800F01CFA282000F05C
:1057A00031FA0A2000F03EFA05E08DF800506A4612
:1057B000012101F011FCA00703D5D9208DF80000CC
:1057C00001E08DF800506A46012140F23D7001F081
:1057D00003FC600701D5012000E0002000F048F83C
:1057E000E00601D5012000E00020FFF719FF104D71
:1057F00044F00800688101F0AFF80020A87360064B
:1058000001D50620A87314F4C07F02D0A87B801DA8
:10581000A87314F0140F02D0A87B1030A873A0074F
:1058200002D0A87B001DA87300203EBD09E3CA0278
:10583000BC2F00200EB54FF4976310B106A107C925
:1058400001E008A207CA8DE807006A460921184648
:1058500001F0C2FB0EBD0000B8AAB38DB4980D359F
:105860005D000000B8AAAAAAB088C3C5C70000009E
:1058700008B560B1C0208DF80000C2208DF801008D
:10588000C4208DF80200C6208DF8030004E08B22AE
:1058900004216846FAF718FD6A46042140F698206C
:1058A00001F09AFB01F058F808BD0000C8234FF43E
:1058B0008062024940F6F63000F078BF5C9F000835
:1058C0002DE9FF41044603A800F026FEBDF80C00B8
:1058D000410CC3032F48008900F0030254F8225002
:1058E000420700D56D42C0F3C102860654F822205B
:1058F00000D55242C0F38116C00554F8264000D5A9
:105900006442A5FB0367E81700FB037005FB010079
:10591000850045EA9670A2FB0367D51705FB037562
:1059200002FB0152950045EA9672A4FB0367E51756
:1059300005FB037304FB01318B0043EA9671030EF0
:105940008DF80030030C8DF80130030A8DF8023019
:105950008DF80300100E8DF80400100C8DF8050072
:10596000100A8DF80600080E8DF80800080C8DF856
:105970000900080A8DF80A008DF807208DF80B1031
:105980006A460C214FF4257001F026FB04B0BDE8F7
:10599000F0810000BC2F002030B5044613A285B072
:1059A00007CA8DE807004FF0FF35C82C16D8C8206D
:1059B000B0FBF4F1491E080A8DF80C008DF80D10AB
:1059C00003AA022140F2162001F006FB30B96A4614
:1059D0000C2140F6C12001F0FFFA10B1284605B0B5
:1059E00030BD054884810020F9E70000FEF2ABC419
:1059F000AAF1DFDFBBAFDFDFBC2F0020F8B53049F5
:105A0000098901F0030250F822404A0700D5644298
:105A1000C1F3C1028B0650F8222000D55242C1F3D7
:105A2000811350F82330C80500D55B42254984FB1B
:105A30000140850045EA947082FB0142A40F44EACC
:105A4000820483FB0121950F45EA8105010E8DF843
:105A50000010010C8DF80110010A8DF802108DF86C
:105A600003006A4604214FF4747001F0B5FA4FF058
:105A7000FF3688B9200E8DF80000200C8DF801004B
:105A8000200A8DF802008DF803406A4604214FF485
:105A9000757001F0A1FA08B13046F8BD280E8DF8F6
:105AA0000000280C8DF80100280A8DF802008DF8FE
:105AB00003506A4604214FF4767001F08DFAF8BD68
:105AC000BC2F002009E3CA022DE9FF4104463CA097
:105AD00004F00303006802903AA0006803903AA023
:105AE00006683AA0056802A8C15C8DF80010C4F3EE
:105AF000C101425C8DF80120C4F38112805C8DF8F5
:105B0000020003A8C35C8DF80430415C8DF80510D9
:105B1000805C8DF806006A46032140F2264001F0C1
:105B20005BFA4FF0FF37E0BB01AA032140F22A40A5
:105B300001F052FAA8BBCDE9006560070BD59DF8CE
:105B4000000040F001008DF800009DF8040040F0D6
:105B500001008DF80400A0060BD59DF8010040F06F
:105B600001008DF801009DF8050040F001008DF85E
:105B70000500E0050BD59DF8020040F001008DF80E
:105B800002009DF8060040F001008DF806006A460C
:105B900003214FF4886001F01FFA10B901AA032114
:105BA00000E004E040F2314001F016FA18B1384646
:105BB00004B0BDE8F081064804810020F8E7000049
:105BC0004CCD6C000CC92C0036567600264666007B
:105BD000BC2F00204FF47A7290FBF2F008B54843D6
:105BE000010E8DF80010010C8DF80110010A8DF8DE
:105BF00002108DF803006A4604214FF4AE7001F0E4
:105C0000EBF908BD0521B0FBF1F008B5010A8DF8EC
:105C100000108DF801006A4602214FF4AD7001F0CA
:105C2000DBF908BD0521B0FBF1F008B5010A8DF8DC
:105C300000108DF801006A4602214FF4AC7001F0AB
:105C4000CBF908BD08B500218DF80010C10702D0BE
:105C500030218DF80010810705D59DF8001041F026
:105C60000C018DF80010400705D59DF8000040F0AC
:105C700003008DF800006A4601214FF4A47001F082
:105C8000ABF908BD08B560B1042800D90420401E56
:105C90008DF800006A46012140F24F1001F09CF996
:105CA00008BD0120F3E700002DE9FC41054640074F
:105CB0004FF0FF367CD0B1F5C86F79D80846FAF7B7
:105CC00087FD3E49FAF7A9FB074601A800F006FC4C
:105CD0009DF80400022806D004280DD008282ED0F4
:105CE000102865D134E00E213846FAF7D4FBFAF7D4
:105CF0009EFD84B2324907E00D213846FAF7CBFB0E
:105D0000FAF795FD2F4984B23846FAF754FBFAF7B3
:105D10008EFD210A8DF8001080B28DF80140010A35
:105D20008DF802108DF80300E8076C4620D022465B
:105D300002214FF4EA7001F04FF9C8BB11E00C21C9
:105D40003846FAF7A8FBFAF772FD84B21E49DBE782
:105D50000B213846FAF79FFBFAF769FD84B21B491D
:105D6000D2E7A21C02214FF4927001F035F9F8B984
:105D7000A8070DD56A4602214FF4EC7001F02CF90A
:105D8000B0B9A21C02214FF4947001F025F978B942
:105D9000680710D56A4602214FF4EE7001F01CF935
:105DA00030B9A21C02214FF4967001F015F910B120
:105DB0003046BDE8FC810020FBE7000000004843BE
:105DC000000040460000C045000040450000C044BF
:105DD0000521B0FBF1F008B5010A8DF800108DF82F
:105DE00001006A4602214FF4EF7001F0F5F808BD9A
:105DF0000521B0FBF1F008B5010A8DF800108DF80F
:105E000001006A4602214FF4ED7001F0E5F808BD8B
:105E100038B504468DF8000069460320ABBE204625
:105E200038BD00002DE9FE430646264801AB04229A
:105E300040680D210078FCF721FE10B10720BDE875
:105E4000FE839DF804101C2000EAD1029DF8071083
:105E5000DFF87490C1F301131A438DF800209DF808
:105E60000520C1F3810300EAD2021A438DF8012014
:105E70009DF8062001F0030100EAD2000843002447
:105E8000124F8DF80200A0466D46285D10B146F80D
:105E900024900AE046F824800DE000BF56F8240064
:105EA0003946FAF788FA46F82400285D401E10F0BB
:105EB000FF002855F2D1641CE4B2032CE5D3002086
:105EC000BDE70000E00000207B14AE3E1D5A843F79
:105ED0002DE9FE4F05460120C14E8DF800004FF020
:105EE00000088DF8018030680C461746817C706888
:105EF0006B4602220078FCF770FE4FF0FF3A002854
:105F00007AD1C82000F050FA8DF8008030686B46D6
:105F10000122C17B70680078FCF75FFE0028EFD19A
:105F200030686B460122417970680078FCF755FEB5
:105F30000028E5D130686B460122817C70680078CA
:105F4000FCF74BFE0028DBD130686B460122C17D97
:105F500070680078FCF741FE0028D1D130686B46AC
:105F60000122017970680078FCF737FE0028C7D15C
:105F70004FF00C098DF8009030686B4601220179D2
:105F800070680078FCF729FE002835D10F2000F05A
:105F90000BFAB06A6B460122407A8DF80000306837
:105FA000817870680078FCF718FE002824D1B06A68
:105FB0006B460122007A8DF80000306841787068E5
:105FC0000078FCF70AFE002873D1B06A807A0FB11E
:105FD00040F0E0008DF8000030686B4601228179C6
:105FE00070680078FCF7F9FD002862D12FB1B06A23
:105FF000C07A40F0E00001E04AE018208DF800008F
:1060000030686B460122C17970680078FCF7E5FDC5
:10601000F0BB17B1C82000F0C7F940208DF8000090
:1060200030686B460122017970680078FCF7D5FD75
:1060300070BB78208DF8000030686B4601224179F2
:1060400070680078FCF7C9FD10BB322000F0ACF995
:106050008DF80080306847466B46417970680122B0
:106060000078FCF7BAFD98B931687068B046897A53
:1060700000786B460222FCF701FD48B9BDF800002C
:10608000AF6040BAB0FBF9F06F60C6B22F6000E0BD
:106090000FE0A76067602760002739E0D8F800109C
:1060A000D8F804006B46C97A00780C22FCF7E6FCAD
:1060B00010B15046BDE8FE8FBDF80000236840BA1D
:1060C00000B2BDF80210BDF804201844206049BA9F
:1060D000606809B20844606052BAA06812B2104405
:1060E000A060BDF806002B6840BA01B2BDF80800F8
:1060F000BDF80A201944296040BA696800B2084412
:10610000686052BAA86812B210447F1CFFB2A8603F
:10611000B742C3D328688322C117090441EA10415A
:1061200000040023FAF77DF832460023FAF779F8E5
:10613000286068688322C117090441EA10410004FD
:106140000023FAF76EF832460023FAF76AF868601F
:10615000A8688322C117090441EA10410004002302
:10616000FAF75FF832460023FAF75BF8A860206878
:106170004FF40065C117090441EA104100042A46A2
:106180000023FAF74EF832460023FAF74AF8206067
:1061900060682A46C117090441EA1041000400233F
:1061A000FAF73FF832460023FAF73BF86060A06840
:1061B0002A46C117090441EA104100040023FAF7F6
:1061C00030F832460023FAF72CF8A060002802DDF0
:1061D000A0F5803001E000F58030A060002069E784
:1061E000E00000202DE9F84F81462E488846002522
:1061F00040686B46032200780D21FCF73FFC10B18C
:106200000720BDE8F88F9DF80000002400F01F0073
:106210008DF800009DF801006FF00F0B00F01F00DB
:106220008DF801009DF802006E4600F01F008DF809
:1062300002004FF0010A00BF59F8241058F824005A
:10624000081A00D54042FAF7BAFA5946FAF723F984
:106250000746305DC0B1144802E01449FAF7ABF8C4
:10626000315D491E11F0FF013155F6D10146384626
:10627000FAF7D3F84FF07E51FAF797F80C4920F06F
:106280000040884205DC07E00A483844B0F1D97F75
:1062900002D90AFA04F00543641C032CCCDB28461F
:1062A000AFE70000E00000200000C84154E3853F54
:1062B000295C0F3E0000E0BE00B5024600F00DF87C
:1062C0000346D01C00F009F843EAC003901D00F01B
:1062D00004F843EA801080B200BD90F90010002954
:1062E00002DD4FF00000704702DA4FF00400704703
:1062F00090F90110002902DD4FF00100704702DA29
:106300004FF00500704790F90200002802DD4FF0C1
:106310000200704702DA4FF0060070474FF00700A6
:10632000704730B50546012802D00023012409E05A
:10633000012030BD204600F011F801280BD003F2F7
:106340006D13641CAC42F5DB07205B1C93FBF0F182
:1063500000FB113030BD03F5B773F2E74FF4C8719D
:1063600090FBF1F201FB120139B1810707D16421E1
:1063700090FBF1F201FB120008B1012070470020F0
:106380007047FBF751F9FEF745F8FCF74FFDFCF7B6
:10639000C1FDFCF7FFFDFCF7DDFD00F069FEFCF739
:1063A00045FC00F081FEFEE770B5054600244FF481
:1063B0007A7603E0304602F089F9641CAC42F9DBDE
:1063C00070BD0D2809D2DFE800F0080B070B090BA0
:1063D000090B0B090B090B001D2070471E2070478D
:1063E0001F2070472DE9F041124C20F001010025DB
:1063F00094F8240010B10020BDE8F081A07A4FF09D
:10640000FF3668B10840277C2074884200D03546AA
:1064100041B1012002F008F900F09EFA38B127746A
:106420003046E9E7207D00B1012002F0FDF8284662
:10643000E2E70000E000002010B5FCF7A9F900F049
:10644000F1F808B10A2010BD782000F069FD10F0C5
:10645000FF0F01D0012010BD7820FFF7C3FF10F01F
:10646000FF0F01D0022010BD642000F019FD10F0D4
:10647000FF0F01D0032010BDFFF718FA10F0FF0F37
:1064800001D0042010BD1448FFF716FFFFF71CFBD6
:1064900010F0FF0F01D0052010BD40F27310FFF780
:1064A000DDF810F0FF0F01D0062010BD6420FFF7CB
:1064B00073FA10F0FF0F01D0072010BD02F073F83F
:1064C00008B1082010BD012000F010FC10F0FF0002
:1064D000F8D0092010BD00000C0100200D494A7AB7
:1064E00042B1012A08D0022A0FD0032A0FD04FF060
:1064F000FF307047022200E004220270C97C11B113
:106500001106C90D0170002070470822F5E710221E
:10651000F3E70000E00000200F494A7A42B1012A67
:1065200009D0022A11D0032A12D04FF0FF30704751
:106530004FF4804201E041F69C720280C97C11B1A7
:10654000C2F34E010180002070474FF48052F4E7FF
:106550004FF40062F1E70000E00000200B49097AE7
:1065600039B1012907D002290AD003290BD0002113
:1065700003E0FA2101E04FF4FA7101800020704736
:106580004FF47A71F9E74FF4FA61F6E7E000002082
:106590000A49097A41B1012908D002290AD0032900
:1065A0000AD04FF0FF307047054900E0054901600F
:1065B000002070470449FAE70449F8E7E0000020AA
:1065C00000000343000083423333034233338341EB
:1065D0000C49C97A072913D2DFE801F01204060A30
:1065E0000C0E1000BC2100E06221018000207047E9
:1065F0002A21FAE71421F8E70A21F6E70521F4E752
:106600000021F2E7E0000020054991F8242012B1B2
:106610004FF0FF307047C9890180002070470000AB
:10662000E00000202DE9FC414C4C80208DF800005A
:1066300020686B460122817C60680078FCF7CDFA07
:106640004FF0FF37002832D16420FFF7ADFE002560
:106650008DF8005020686B460122817C60680078CC
:10666000FCF7BBFA002870D120686B460622817DBA
:1066700060680078FCF702FA002866D19DF80500F2
:106680009DF80310C007400F01F0010140EA4101ED
:106690009DF801004FF0010600F00100014309D010
:1066A000012905D0022915D02DA0FEF73DF84CE0B8
:1066B000E67410E020686B460122C17860680078BB
:1066C000FCF7DCF940BB9DF8000010F00F0020D073
:1066D000042822D0E574FF2004F80A0F4FF6FF715A
:1066E00004F8020C04F8010C6070A180A071207203
:1066F000A67026766576E572A572E560256165610E
:10670000A576E576A5834FF4FA6000F02BFB18B967
:1067100007E01D48FEF708F817E01CA0FEF704F894
:10672000C6E7022000F040FA78B92A2000F082FB88
:1067300058B9322000F0B4FB38B90020FFF752FE00
:1067400018B9002000F064FA10B13846BDE8FC81A9
:10675000002000F0E5FB0020F8E70000E00000204A
:10676000556E737570706F7274656420736F6674A4
:10677000776172652070726F6475637420726576DC
:106780002025642E0A0000002CAD000848616C66CC
:106790002073656E736974697669747920706172AB
:1067A0007420666F756E642E0A0000002DE9FF4F9D
:1067B000DFF89480064685B098F8250015460F4608
:1067C0004FF0FF39B0BBAFB3002420E0301B1028DE
:1067D00000DD102080B283463A19014692462046D9
:1067E00000F0FAFB30BB6A465946204600F08AF8B2
:1067F00000BB50465A466946F9F778FD20B16FF064
:10680000010009B0BDE8F08F04EB0B0084B2B44284
:10681000DCD3280A8DF810008DF81150D8F800004C
:10682000444604AB817ED8F8040002220078FCF7CD
:10683000D4F908B14846E4E7012084F82500089817
:10684000E0840020DDE70000E00000202DE9F843AF
:1068500005464FF0FF39282844D80727284C002642
:106860007DB1012000F0B4FA20208DF800004FF037
:106870000108012D17D0052D18D88DF801800520AD
:106880001FE0002000F0A4FA8DF800608DF8017080
:1068900020686B460222817C60680078FCF79DF9D5
:1068A00000BB267529E08DF80160E8E7142D04D8B7
:1068B00002208DF801000A2003E003208DF801007A
:1068C000142000F0B7FA9DF801006B4607EB80102A
:1068D0008DF8010020680222817C60680078FCF756
:1068E0007CF910B14846BDE8F8830820A0722673F1
:1068F00084F814800020FFF775FD0020F3E7000006
:10690000E0000020F8B516000D464FF0FF371FD00D
:10691000104CA17AE1B1010A8DF80010C0B28DF8D7
:106920000100411960684289914211D821680078BC
:106930006B46097E0222FCF750F948B92068EAB29A
:106940003346417D60680078FCF798F8002800D055
:106950003846F8BDE0000020F8B5564C4FF0FF3641
:10696000A07A00287DD000258DF8005020686B4665
:106970000122C17B60680078FCF72FF9002870D1F4
:1069800020686B460122417960680078FCF725F9A0
:10699000002866D120686B46012201796068007882
:1069A000FCF71BF900285CD194F82400E0B30C201C
:1069B0008DF8000020686B4601220179606800783C
:1069C000FCF70BF9002872D13220FFF7EDFCC02054
:1069D0008DF80000A07AC00702D0E0208DF80000FA
:1069E00020686B460122017960680078FCF7F5F8B1
:1069F00000285CD1607C18B102208DF8000001E015
:106A00008DF8005020686B460122C17B60680078D9
:106A1000FCF7E3F828BB8DF8005020686B46012294
:106A20004179606800783EE0FFE704208DF80000BF
:106A300020686B460122017960680078FCF7CDF888
:106A400078B9A07C90B9A07AC0070FD05FF0600041
:106A50008DF8000020686B4601220179606800789B
:106A600000E024E0FCF7B9F808BB01E04020EFE7C4
:106A70003220FFF799FC607C18B101208DF80000EE
:106A800001E08DF8005020686B460122C17B6068F0
:106A90000078FCF7A2F850B92068064B0122417932
:106AA000606810330078FCF798F8002800D0304672
:106AB000F8BD0000E00000202DE9F047394C824687
:106AC0008AB094F824000F4620B1002000F00EF99F
:106AD000012600E0002607A8FFF740FD06A8FFF703
:106AE000FDFC09A8FFF774FD08A8FFF78DFD94F8D9
:106AF0000A9094F810800025002239465046FFF78E
:106B0000E7F910B16D1C022DF6DB022D1AD000251D
:106B1000012203A96846FFF7DBF910B16D1C022DB5
:106B2000F6DB022D0ED003A93846FEF71BFBC7B2D9
:106B300069465046FFF756FB10F0FF0F4FF0000577
:106B400002D002E0002503E001250FB945F002055F
:106B5000FF2020726072E0724FF6FF71E181A07237
:106B6000207401202073BDF81C0000F0FBF89DF894
:106B7000180000F019F8BDF8240000F05BF9BDF82A
:106B8000200000F08DF9484600F0CAF94046FFF7B2
:106B900029FC16B1012000F0A9F80AB02846BDE88A
:106BA000F0870000E000002038B5184C4FF0FF35AA
:106BB000A17A19B3022806D0042806D008280ED0DE
:106BC00010281BD10DE0002000E008208DF8000007
:106BD000607A9DF80010B0EBD10F04D005E01020D2
:106BE000F4E71820F2E7002038BD20686B46012248
:106BF000C17960680078FBF7F0FF08B1284638BD1E
:106C00009DF80000C0086072EDE70000E000002081
:106C1000F8B5354C0546A07CA84201D10020F8BD4E
:106C200031484FF0FF366B46D0E900104FF00102BB
:106C30000979007835B3FBF721FF70BB9DF80000A0
:106C40006B4620F020008DF80000206801220179B9
:106C500060680078FBF7C1FFF8B90320FFF7A4FBD9
:106C600002208DF8000094F8220078B382202BE0F7
:106C700020686B460122017D60680078FBF7ADFF5C
:106C800058B92EE0FBF7FAFE38B9A07AC0079DF894
:106C9000000003D040F0200002E00CE020F02000D3
:106CA0008DF8000020686B46012201796068007849
:106CB000FBF793FF08B13046F8BD0320FFF774FBE4
:106CC00094F8220000B180208DF8000094F8230091
:106CD0000028CDD09DF8000040F030008DF8000075
:106CE000C6E7A5749AE70000E000002038B51C4C08
:106CF00094F8241081421DD0002500B394F825009B
:106D0000D0B1002001F090FC0020FFF781FFE08C63
:106D100000F0C6F88DF8005060686B4601220078DC
:106D20002321FBF75AFF012084F8240001F07CFCAA
:106D3000FFF712FE002038BD4FF0FF3038BD0020B5
:106D400001F072FC207C8DF8000060686B46012227
:106D500000782321FBF741FF84F82450E8E7000086
:106D6000E000002038B5194C4FF0FF35A17A31B35F
:106D7000FA2809D0B0F5FA7F08D0B0F57A7F0FD0A5
:106D8000B0F5FA6F1BD10DE0002000E008208DF86F
:106D90000000207A9DF80010B0EBD10F04D005E080
:106DA0001020F4E71820F2E7002038BD20686B4679
:106DB0000122817960680078FBF70FFF08B128464F
:106DC00038BD9DF80000C0082072EDE7E00000200B
:106DD00038B5174C054694F82300A84201D100208D
:106DE00038BD0DB1302000E000208DF80000A07CFF
:106DF00028B19DF8000040F002008DF8000094F8E2
:106E0000220028B19DF8000040F080008DF80000BD
:106E100020686B460122017D60680078FBF7DDFE8B
:106E200010B14FF0FF3038BD84F82350D7E7000091
:106E3000E000002038B5194C4FF0FF35A17A31B38E
:106E4000BC2801D3012010E0622801D302200CE00D
:106E50002A2801D3032008E0142801D3042004E0E9
:106E60000A2801D3052000E006208DF80000E07A12
:106E70009DF80010884201D1002038BD20686B4683
:106E80000122817860680078FBF7A7FE08B12846E8
:106E900038BD9DF80000E072EEE70000E000002041
:106EA000F8B51E4D04464FF0FF37A87A48B395F861
:106EB000240030BB287D4FF47A7648B164B1282C89
:106EC00003D8E0B2FFF7C2FC26E00020FFF7BEFCCB
:106ED000042C05D2042406E00020FFF7B7FCF9E7F4
:106EE000B44200D93446B6FBF4F0401E8DF80000E1
:106EF00028686B460122417868680078FBF76DFED0
:106F000008B13846F8BD9DF80000401CB6FBF0F013
:106F1000E8814008FFF78EFF0020F8BDE000002068
:106F2000F8B5054610F0700F4FF0000601D00120B3
:106F300004E015B18DF8006002E040208DF80000FB
:106F4000244C6B4601222068817C60680078FBF746
:106F500044FE4FF0FF3760BB9DF8000020F040007A
:106F600020738DF80060680602D404208DF80000BC
:106F7000A80605D49DF8000040F002008DF800003E
:106F8000E80605D49DF8000040F001008DF80000EF
:106F9000280705D49DF8000040F038008DF8000067
:106FA00020686B460122C17C60680078FBF715FE03
:106FB00010B1A6723846F8BD25B1082D02D00020C8
:106FC000FFF706FFA57226753220FFF7EDF90020C6
:106FD000F8BD0000E0000020F8B516000D464FF0A7
:106FE000FF371FD0104CA17AE1B1010A8DF80010D3
:106FF000C0B28DF80100411960684289914211D8F0
:10700000216800786B46097E0222FBF7E6FD48B94D
:107010002068EAB23346417D60680078FBF7DDFD09
:10702000002800D03846F8BDE000002002460120CC
:1070300000E05043491EC9B2FBD2704710B5EFF3D0
:10704000058149B9EFF3108131B90849096802296E
:1070500005D1EFF3118111B16FF0050403E00024B5
:1070600008B101F099FC204610BD000098000020F6
:10707000EFF3058058B9EFF3108040B9094908686B
:10708000022801D030B109E0EFF3118030B16FF088
:107090000500704701200860002070474FF0FF3066
:1070A000704700009800002010B5EFF3058060B92C
:1070B000EFF3108048B90B490868022802D0012874
:1070C00006D00BE0EFF3118040B16FF0050010BD6A
:1070D0000220086001F006FD002010BD4FF0FF30D7
:1070E00010BD000098000020F0B585B04FEA010304
:1070F0004FF00004EFF305810394A1BBEFF310817F
:1071000089BB21490968022902D1EFF3118151BBE2
:1071100048B3802618218DF8104004AD42B317689B
:1071200007B13D4697691FB139467F1E382F02D2FD
:107130001779FF0702D0002005B0F0BD576907B1ED
:10714000BE08D2F808C0BCF1000F0DD0D4685C2C8A
:1071500018D312693AB137B18DE806103246294684
:1071600002F0A5F803900DE0D7685FB912694AB93B
:1071700003AACDE90012B2B2294602F06BF8012849
:1071800000D003940398D7E7980000202DE9F04D34
:107190001D460C4698B0174621F0004123F00043ED
:1071A000002814BF4FF0010C4FF0000C0CEB440C06
:1071B000FE4A0CEB02064FEA620C66452BD33E00FA
:1071C00018BF012606EB45061644F94A964222D31B
:1071D000F84A53EA070C02D0944205D148B918B0D6
:1071E00000201146BDE8F08D002808BF4FF0000CCC
:1071F00001D04FF0010C0CEB440212F5001F0AD82D
:10720000002F14BF4FF0010C4FF0000C0CEB4502A7
:1072100012F5001F07D918B03A462B462146BDE8A3
:10722000F04DFDF727BB0022DFF88CA3002CB8BF80
:10723000534526DADFF884C36345A8BF022220DA6B
:10724000DFF870C39C451CDCDFF874C30CEB235CD7
:10725000BCF1140F08DDCCF1340627FA06FC0CFA59
:1072600006F6BE420DD108E05FB9CCF1140623FA50
:1072700006FC0CFA06F69E4203D10CF00102C2F1A4
:10728000020251EA000C19D1002D17DA002C18BFA8
:10729000022A01D0012A07D00220FDF713FB18B003
:1072A000BDE8F04DFDF7DEBA0220FDF70BFBFDF760
:1072B000D9FA18B081F00041BDE8F08DB7F1000CAB
:1072C0006CD1534525D104F1804212F5801201BFE3
:1072D00000280020B74918B008BFBDE8F08DB548B8
:1072E000884207DC002DA1BF6046294618B0BDE8E2
:1072F000F08D07E0281E05DA80F0004118B06046E6
:10730000BDE8F08DAF497944D1E9000118B0BDE87E
:10731000F08DDFF8A0C2634525D1002D1FDA19B129
:10732000514512D1D8B909E0002840F0EC82A24AB8
:10733000214618B062F31E01BDE8F08D0020214601
:1073400018B060F31E01BDE8F08D08DA18B02346CE
:10735000BDE8F04D024600206146F9F7C1B918B00A
:107360002146BDE8F08D514518DAB5F1804F0DD0BA
:10737000A5F1005CBCF1FF5C10D1B4F1000C0DDB99
:1073800018B06146BDE8F04D01F07AB9234618B057
:107390000246BDE8F04D1946F9F730B9060024F071
:1073A000004C3BD1D9B1514533D1002C06DD002D25
:1073B000A1BF0020514618B0BDE8F08D002C01DDC2
:1073C000002D1BDB002C13DA002D11DB012A4FF0FE
:1073D000000014BF78497C4918B0BDE8F08D022A3E
:1073E00018BF002C0AD0012A08D1002C06DA0AE0C6
:1073F000002CB8BF002D11DA012A04D0002018B0EB
:107400000146BDE8F08D18B000204FF00041BDE806
:10741000F08DA1F14050B0F17F601AD0012000EB57
:10742000E47050EA020421D0624C521E4FF0000B6F
:10743000104304BF4FF0000B644C654883427CDD71
:10744000644A654893421FDD884217DB002D25DB27
:1074500037E0002C00DA4AB1022A0CBF01204FF0BD
:10746000FF3018B0BDE8F04DF9F7B7B90120FDF7CE
:1074700029FA18B0BDE8F04DFDF7FEB94D4A8A4231
:1074800002DC002D0ADC1CE0814202DA002D18DA51
:1074900004E0484B994220DD002D12DD0220FDF76B
:1074A00011FAFDF7EFF905460E46002253465846FD
:1074B0002146F9F7A3F818B066F31E012846BDE887
:1074C000F08D0220FDF7FEF9FDF7E4F90A462146AA
:1074D00018B062F31E01BDE8F08D0022304661460F
:1074E000F9F786F880460E466FF00102F9F791FA37
:1074F0004FF05532394BF9F77EF842463346F9F7EB
:107500007DF80022364BF9F776F88246424633463C
:10751000049110461946F9F771F85246049BF9F7A1
:107520006DF88A4600904FF0C0422E4B40463146DF
:10753000F9F764F82C4A2B4B00E027E0CDE906016F
:1075400051460098F9F75AF882460191274A284B8C
:1075500040463146F9F752F85246019BF9F748F890
:1075600082460B4602460591DDE90601F8F79FFFCA
:10757000DDE90623002688463046F9F739F85246F9
:10758000059BF9F738F8024600F07EB90020B1F506
:10759000801F07DA352230466146F9F73AFA064687
:1075A0006FF0340000EB215024E00000FFFF1F00CB
:1075B000FFFF0F000000F03F0000F07F000040439D
:1075C00001FCFFFF0E3A00000000F0FF0000F0BFDA
:1075D0000000E0410000F043FFFFEF3F5555D53F6D
:1075E0000000E03F4715F73FFE822B6544DF5DF862
:1075F0000BAE543EA0F2FF300190C1F3130040F0F7
:107600007F6141F040510291FE498842D8BF00207D
:1076100004DDFD498142C8BF012001DD0D9008E075
:1076200000200D900198401C01900298A0F5801058
:1076300002900299F54878440B910D9900EBC10036
:10764000D0E900230F9330460A920B99F8F7D0FF48
:10765000CDE90601DDE90A2130460F9BF8F727FF47
:1076600002460B460020EA49F9F73AF8059102462E
:107670000B460090DDE90601F8F7C0FF1490E548DD
:107680008A464FF0000878440299006812904FF043
:10769000005040EA61010D980F9B01EB804000F51E
:1076A000002109910A9A1298F8F7A2FF32460B9B23
:1076B000F8F7A1FF42465346F8F7A0FF06460291AD
:1076C00040465146099B129AF8F798FFDDE90623D8
:1076D000F8F791FF3246029BF8F78AFF059B009A64
:1076E000F8F78CFF0091149A0490534610461946FF
:1076F000F8F784FF06460246C7480B46029106216A
:107700007844FDF759F8CDE90510029B3246104642
:107710001946F8F773FFDDE90532F8F76FFF0591B9
:107720000646534640461946149AF8F7C0FE009B99
:10773000049AF8F763FF3246059BF8F7B8FECDE9E7
:1077400005104246534610461946F8F757FF0022E7
:10775000B24B02910A90F8F7AAFEDDE90532F8F77C
:10776000A6FE0E464246AD4B4046F8F741FF029B4F
:107770000A9AF8F73DFFDDE90532F8F73CFF42468B
:1077800002910A90334610465146F8F737FFCDE98B
:1077900006015346149A02990A98F8F72FFF8A4671
:1077A00002903346424600990498F8F727FF534663
:1077B000029AF8F77CFE82460B4602460591DDE907
:1077C0000601F8F774FEDDE9062300208846064628
:1077D000F8F70EFF5246059BF8F70DFF8246099118
:1077E0004FF060428E4B30464146F8F707FF049059
:1077F00006918C4A8A4B50460999F8F7FFFE82465B
:107800000291894A894B30464146F8F7F7FE5246C5
:10781000029BF8F74CFE864B7B440D9A03EBC203A8
:10782000D3E90023F8F743FE0E9007910198F8F78B
:10783000D4FF0591DDE9061382460E9A0498F8F705
:1078400036FE7C4A7A440D9B02EBC303D3E9002346
:1078500000930292F8F72BFE5246059BF8F727FE9D
:107860000026884652463046059BF8F7C1FE009B2D
:10787000029AF8F7BDFE069B049AF8F7B9FE079B3B
:107880000E9AF8F7B8FE024600200B4602903846E2
:107890002946F8F7B3FE824601912B463846194631
:1078A000029AF8F7A5FE32464346F8F7A7FE52467D
:1078B000019BF8F7FCFD07468A46324643462946B7
:1078C0000298F8F79BFE05460E463A465346F8F7EF
:1078D000EEFD594A8846914221DBA8EB020353EAA8
:1078E000000210D12A463346F8F782FECDE90401A2
:1078F000524A534B38465146F8F7D9FDDDE9042387
:10790000F9F7B6F821D20220FCF7DCFFFCF7BAFF4A
:107910000A46214618B062F31E01BDE8F08D494BBE
:1079200028F000429A4210D3474A08EB020353EA78
:1079300000027FF4C6AD2A463346F8F759FE3A46B0
:107940005346F9F795F87FF6BCAD0022019228F076
:1079500000403E493E4A01EB2051824223DA481C56
:107960004FF4801121FA00F040443A4AC0F30A5122
:107970007A44394BA1F2FF31CB4020EA0303C0F334
:10798000130040F48010C1F11401C8401268019046
:10799000B8F1000FBCBF4042019028463146F8F7CD
:1079A00027FE05460E462A46334638465146F8F726
:1079B0007EFD4FF000084246284B40460591F8F7FF
:1079C0001DFECDE90601264A264B40460599F8F7EB
:1079D00015FE009102902A46334640460599F8F775
:1079E00007FE3A465346F8F706FE1F4A1F4BF8F7C4
:1079F00005FE009B029AF8F75AFD074688460246A4
:107A00000B4635E08E9803007AB60B005636000020
:107A10000000F03F8E360000BC350000000008403A
:107A200009C7EE3FFD033ADCF5015B14E02F3EBED3
:107A3000943400005834000000009040FE822B6512
:107A40004715973C00CC904000346F3F01FCFFFF8E
:107A50000000E03FA4330000FFFF0F00432EE63F8D
:107A6000396CA80C615C20BEEF39FAFE422EE63F6D
:107A7000DDE90601F8F71BFDDDE9062305460E46A4
:107A8000F8F7B6FD3A464346F8F7B5FD0F462A46E5
:107A90003346009010461946F8F7B0FD824602467C
:107AA0002E4888460B4605217844FCF785FE524651
:107AB0004346F8F7A3FD2A463346F8F79CFD804677
:107AC0008A463B4628463146009AF8F797FD3B46E2
:107AD000009AF8F7ECFC0691009000224FF08043EA
:107AE00040465146F8F784FD0F460C9042465346F7
:107AF00028463146F8F782FD3B460C9AF8F7F0FD30
:107B0000069B009AF8F774FD2A463346F8F770FD95
:107B10000022134BF8F76FFD054601980E4601EB66
:107B200000510815002810DC28463146019AF8F764
:107B300070FFFCF71DFE042808BFFCF7ABFE2846CB
:107B40003146019AF8F765FF05460B4618B02A46FC
:107B500058462146BDE8F04DF8F750BD44320000CC
:107B60000000F03F2DE9F041134C0F4605466669D1
:107B70002068001D00F0E1FD681C07D137B12168C5
:107B8000BDE8F0410D48091D00F026BE20683544CF
:107B9000B5424560216805D2A068BDE8F041091DE5
:107BA00000F002BE6068091D00F0FEFD206B8542FA
:107BB00000D22563BDE8F08148000020D8070020EE
:107BC0002DE9F041054600F013FE2D4C2069401CC4
:107BD000206120682B4F10B1E06930B32BE02560A5
:107BE0002069012827D1002606EB860007EB8000DC
:107BF00000F0CCFD761C382EF6D3234800F0C6FDED
:107C00002148143000F0C2FD1F48283000F0BEFDAE
:107C10001D483C3000F0BAFD1B48503000F0B6FD66
:107C2000194860601430A06005E02068E96AC06A05
:107C3000884200D82560E06A401CE0626864E86A17
:107C4000A169884200D9A06100EB800007EB8000A9
:107C5000291D00F0C1FD00F0EBFDE06900280CD00B
:107C60002068E96AC06A884207D208494FF080500C
:107C70000860BFF34F8FBFF36F8FBDE8F081000046
:107C800048000020280300208807002004ED00E0C1
:107C900038B500F0ADFD104CA068C8B90F4800F031
:107CA00075FD0E48143000F071FD0C482060143052
:107CB00060600A4B00202833009003F1500210212D
:107CC0000A2001F06BF8A06010B105A100F02EFEB3
:107CD000BDE8384000F0ACBD84000020EC07002077
:107CE000546D72510000000030B4026C0B46002A43
:107CF0000BD0C1681144C1604468A14201D301683E
:107D0000C16030BC1846F8F7CDBA30BC70472DE9D9
:107D1000F041856B174604460026026C82B1C7B15C
:107D2000E068F8F7BFFAE168206C091AE1602268A0
:107D3000914202D26168081AE060022F16D017E063
:107D40002068A8B9606801F05DFB0646002060600D
:107D50000EE0A068F8F7A6FA216CA0680844A060BD
:107D60006168884204D32068A06001E005B16D1EFF
:107D70006D1CA5633046BDE8F08110B5044690F84F
:107D8000590058B101280CD002280FD0502080F3A0
:107D90001188BFF34F8FBFF36F8FFEE7206B00F0AA
:107DA0005BFD2046BDE8104000F056BD10BD000050
:107DB00010484FF40051420706D0C01D0D4920F075
:107DC0000700411AC1F500510B4A00230144C2E9E2
:107DD00000030839103A21F0070111604B600B6075
:107DE0000B1AC0E9001393604FF000405360D0605D
:107DF00070470000BC0F0020AC000020144E154C52
:107E0000A6F29C474FF08058DFF84C9012E000BF7C
:107E100000F0EEFCF068C568281D00F08EFC2069BB
:107E2000401E2061E068401EE06000F001FD284631
:107E3000FFF7A3FFE0680028EAD138680128F9D9E4
:107E4000C9F80080BFF34F8FBFF36F8FF2E70000D8
:107E5000C40700204800002004ED00E070B51D4676
:107E6000049C51B1C4F80020C4E90F01012120464F
:107E700000F0C8FF84F84C5070BD2460F4E72DE991
:107E8000F0470E46DDE9098417468246910099467F
:107E9000089DA522206BF8F717FA6FF00301206BFD
:107EA00001EB8701084420F00707780707D050202E
:107EB00080F31188BFF34F8FBFF36F8FFEE7221857
:107EC000315C82F83410315C11B1401C1028F6D3BB
:107ED000002684F84360382D00D33725E562C4E9D5
:107EE0001356201D00F05DFC04F1180000F059FC51
:107EF0002461C5F138006462A061666584F8586049
:107F00004A465146384600F077FA2060B8F1000F33
:107F100001D0C8F80040BDE8F0872DE9F0471E46C3
:107F2000DDE9089417460D0080460ED0002C14D0D1
:107F3000FFF7AEFEC4F80080C4E90657C4E908693B
:107F4000201DBDE8F04700F02CBC502080F31188C4
:107F5000BFF34F8FBFF36F8FFEE7BDE8F0870000E0
:107F600030B5114900E011460A688242FBD34B68E4
:107F70005C18844203D1406818444860084643684E
:107F80001C18944209D1084C103C2468A24209D024
:107F900052681A4442600A6812680260814200D046
:107FA000086030BD0460F9E7AC00002070B5002423
:107FB00041600B4D0061914206D8D11A826991420D
:107FC00006D2011D686807E09A4203D2994201D3A4
:107FD000012403E0011D286800F0E6FB204670BD87
:107FE0008400002010B5044600F002FCA06B28B10C
:107FF0005FF0000400F01CFC204610BD0124F9E7EE
:1080000030B589B0304D55E00498002806DADDE936
:108010000601059A9047049800284BDB069C60698E
:1080200010B1201D00F089FB02A800F0B9F802464B
:1080300004980A283ED2DFE800F00505053D263702
:1080400005053D260598A169034601442046FFF732
:10805000ADFF00B3616A20468847E069012829D155
:10806000002000900598A169002342181946204677
:1080700001F0ECFA78B9502080F31188BFF34F8FEC
:10808000BFF36F8FFEE70598A06128B181181346F2
:108090002046FFF78BFF0DE0502080F31188BFF3DF
:1080A0004F8FBFF36F8FFEE794F82C0010B9204676
:1080B00000F0D2FB002204A9A86800F0F5FF002818
:1080C000A2D109B030BD0000840000202DE9FC41A0
:1080D0000F46054600F098FD01A800F061F804463F
:1080E000019818B101F006FABDE8FC81224EAFB14B
:1080F00070680068A8B30027291B3A46B06800F0F2
:1081000029FC01F0F7F90028EED11C494FF080500E
:108110000860BFF34F8FBFF36F8FE5E7A542EBD841
:1081200001F0E8F930682746C068C468201D00F0F7
:1081300004FBE069012810D1A0692B4641193A4699
:108140002046FFF733FF40B1002003460146009070
:108150002A46204601F07AFA20B1616A2046884713
:10816000C2E707E0502080F31188BFF34F8FBFF3C1
:108170006F8FFEE70127BFE78400002004ED00E0D9
:1081800006484168096829B14168C968C9684968F1
:10819000016370474FF0FF31FAE70000480000200C
:1081A00070B5054601F0BCF8064E044630698442BD
:1081B00003D200F009F8012000E0002028602046EA
:1081C000346170BD84000020F8B5194D1FE0C0680F
:1081D000C4680668201D00F0B0FA616A204688472E
:1081E000E069012813D1A0693044B04206D9246166
:1081F0006060211D286800F0D7FA08E000200346DF
:10820000014600903246204601F020FA38B1286835
:1082100001680029DBD16968C5E90010F8BD50206C
:1082200080F31188BFF34F8FBFF36F8FFEE700001D
:108230008400002008484068401C4FF0500080F344
:10824000118804D0BFF34F8FBFF36F8FFEE7BFF3EA
:108250004F8FBFF36F8FFEE7B4000020002150B1B5
:108260000A4B42699A420FD1806AA3F128029042D8
:108270000AD040B108E0502080F31188BFF34F8F3F
:10828000BFF36F8FFEE7012108467047D807002033
:10829000074C2068016841B1C0680021D0F8000097
:1082A000FFF714FFFFF7ACFEF3E701210020F7E72B
:1082B000840000202DE9F041044600F099FA94F979
:1082C000455004F1240609E0606A48B1304601F0E7
:1082D000D9F808B100F08EFB6D1E6DB2002DF3DCF5
:1082E0004FF0FF3684F8456000F0A2FA00F080FA03
:1082F00094F9445004F1100709E0206948B1384668
:1083000001F0C0F808B100F075FB6D1E6DB2002DD4
:10831000F3DC84F84460BDE8F04100F089BA000065
:108320002DE9F0410546002700F06EFC314E306823
:1083300008B9FFF73DFDF06805424BD1C5B30835DC
:1083400068070ED005F00700C0F108000544680773
:1083500007D0502080F31188BFF34F8FBFF36F8F8A
:10836000FEE72DB37068854234D8224810300146AC
:108370000C6801E020460C466168A94202D22168DF
:108380000029F7D131688C4224D007682168016048
:1083900060680837411B10290FD96019420708D0BF
:1083A000502080F31188BFF34F8FBFF36F8FFEE72C
:1083B00010E041606560FFF7D3FD61687068401AA6
:1083C0007060B268904200D2B060F0680143002053
:1083D000C4E9000101F08EF8780707D0502080F33F
:1083E0001188BFF34F8FBFF36F8FFEE73846BDE8AC
:1083F000F08100009C00002010B5031F4FF0807436
:108400001C601B1F21F001011960191F024B0B603A
:10841000143940380A6010BD3582000810B5044692
:108420000246882100F0A3F800284DD0A21C8A2122
:10843000204600F09CF8E8B3221D8C21204600F075
:1084400096F8B8B3A21D8E21204600F090F888B3AC
:1084500004F108029021204600F089F850B304F19D
:108460000A029221204600F082F818B304F10C02AF
:108470009421204600F07BF8E0B104F10E02962131
:10848000204600F074F8A8B104F1100298212046AB
:1084900000F06DF870B104F112029A21204600F04C
:1084A00066F838B104F114029C21204600F05FF810
:1084B00000B100E008E004F116029E21204600F021
:1084C00056F808B1012010BD002010BD3EB514467D
:1084D0000A46818C4FF6FF75CDE9004305EA41015C
:1084E00041F288350295806A0123F8F789FE002859
:1084F00000D001203EBD1CB50446012300F1180246
:10850000A121FFF7E3FF10BB04F11A02E12120468D
:1085100000F02DF8D8B1012304F11C02E32120461C
:10852000FFF7D4FF98B96A46E421204600F01FF80F
:1085300068B101AAE521204600F019F838B10123FD
:1085400004F12202E7212046FFF7C0FF08B1002016
:108550001CBDBDF80000C1B2C0F3032040EA011009
:10856000E083BDF804000009208401201CBD7FB514
:108570001446828C4FF6FF7303EA420541F28836B7
:10858000022303AA8DE84C000A46806A012329468B
:10859000F8F736FE10B1002004B070BDBDF80C0035
:1085A00020800120F8E710B588B0694604A8FEF7DE
:1085B00083FA032802D0012008B010BD07A8FDF7F8
:1085C000E7FF0498F8F7FBF807990C46F7F7F3FE76
:1085D000F8F714F904900598F8F7F1F82146F7F741
:1085E000EAFEF8F70BF905900698F8F7E8F8214647
:1085F000F7F7E1FEF8F702F9069004A8FDF7FEF997
:1086000003A8FDF789FFBDF80C00009941430091D4
:108610000199414301910299414368460291FDF756
:108620004FF90020C8E70000F8B5144C0146224677
:1086300094F82460D2E9000200235D1E56B179B19E
:10864000022111E0C17B10786B460122FAF7C5FACE
:1086500068B90EE0A67A56B111B1617C61B902E049
:108660008DF80030EEE701218DF80010EAE728468A
:10867000F8BD9DF8000060740020F8BDE000002007
:108680002DE9F04106460F46F8F71CFA041E0D4688
:1086900018BF0120284320F00040C0F17F6000F1A6
:1086A000E040C00F0ED0301C18BF0120384320F02E
:1086B0000040C0F17F6000F1E040C00F04BF012026
:1086C000FCF700F920462946BDE8F08130B50C4A98
:1086D00000211368DC6A4FF47A726043B0FBF2F554
:1086E0005A6A586A9042FCD002D9A0EB020202E01A
:1086F000A4EB0202024411440246A942F1D330BD68
:10870000A002002010B503680C68A34205DA9C188B
:1087100004600B689C4200DD036003680C68A342A0
:1087200005DD9B1A03600A68934200DA0260026862
:1087300009688A4200D1016010BDD0E901320169A7
:108740009A60D0E901235A604A68824201D1826866
:108750004A60002202610868401E0860086870478D
:10876000034B036003F15C000860802010607047D9
:1087700004090020044B036003F15C0008604FF41F
:108780008070106070470000600B002000F108014D
:108790004FF0FF32C0E90112C160016100210160A8
:1087A000704700210161704730B50B685A1C02D038
:1087B00000F1080202E0026904E0224654682568DC
:1087C0009D42FAD953684B6099608A605160086194
:1087D0000168491C016030BD42684A6093688B6043
:1087E00093685960916008610168491C0160704795
:1087F000502080F31188BFF34F8FBFF36F8F0A496A
:108800004868401C486001280CD10848006810F0F6
:10881000FF0F07D0502080F31188BFF34F8FBFF3B5
:108820006F8FFEE770470000B400002004ED00E009
:108830000849486828B1401E486001D180F311887A
:108840007047502080F31188BFF34F8FBFF36F8FB5
:10885000FEE70000B400002070B5002827D0144DBA
:10886000A0F108046168E868014207D1502080F354
:108870001188BFF34F8FBFF36F8FFEE722683AB1C5
:10888000502080F31188BFF34F8FBFF36F8FFEE747
:108890008143616000F0B8F9606869680844686005
:1088A0002046FFF75DFBBDE8704000F023BE70BDC1
:1088B0009C0000204FF0E02000210161816105490A
:1088C0004FF47A720968B1FBF2F1491E4161072148
:1088D000016170470C00002010B5F7F75BFC1149EF
:1088E00010280ED300F1E02090F8F0030A789042AF
:1088F00007D2502080F31188BFF34F8FBFF36F8FE3
:10890000FEE709480068896800F4E060884207D9FA
:10891000502080F31188BFF34F8FBFF36F8FFEE7B6
:1089200010BD0000B40000200CED00E010B5084BB5
:10893000002200BF53F832401CB1521C082AF9D360
:1089400010BD43F8321003EBC201486010BD0000B7
:10895000E802002070B515460E460446FFF748FFB2
:1089600094F944100020491C01D184F8440094F982
:108970004510491C01D184F84500FFF759FFA06B51
:1089800028B92A46314604F1240000F051F8204667
:10899000BDE87040FFF78EBC10B5020014D00F4840
:1089A000806B38B1502080F31188BFF34F8FBFF335
:1089B0006F8FFEE700F028F900211046FFF7D2F88C
:1089C00000F098FD002807D105494FF0805008605D
:1089D000BFF34F8FBFF36F8F10BD00004800002022
:1089E00004ED00E002498A6A02604969416070470B
:1089F00048000020014901204862704748000020DB
:108A000010B50C4650B1094909681831FFF7CCFE82
:108A10002046BDE810400121FFF7A4B8502080F3A4
:108A20001188BFF34F8FBFF36F8FFEE74800002020
:108A300070B514460D4668B10A4909681831FFF748
:108A4000CBFE0CB14FF0FF3521462846BDE8704003
:108A5000FFF788B8502080F31188BFF34F8FBFF322
:108A60006F8FFEE74800002070B504002AD01A4D31
:108A7000286884422ED0FFF7BBFE2046FFF7EEFBAE
:108A8000E0B1201DFFF759FEE06AA969884200D9CC
:108A9000A861124900EB800001EB8000211DFFF767
:108AA0009BFEE06A2968C96A884207D30C494FF0E7
:108AB00080500860BFF34F8FBFF36F8FBDE87040E9
:108AC000FFF7B6BE502080F31188BFF34F8FBFF37E
:108AD0006F8FFEE770BD00004800002028030020D3
:108AE00004ED00E030B587B00024039405AA04A982
:108AF00003A80494FFF734FEDDE903010094CDE9F7
:108B00000110002315A11748059A00F0D0FB164D5F
:108B1000002868631FD000F069FD012809D0401CBF
:108B200019D1502080F31188BFF34F8FBFF36F8F9F
:108B3000FEE7502080F31188BFF34F8FBFF36F8F94
:108B40004FF0FF3028630120E8616C6107B0BDE899
:108B5000304000F0ABB807B030BD000049444C4590
:108B600000000000FD7D00084800002070B50446AC
:108B7000FFF73EFE214D04B92C68201DFFF7DDFDF7
:108B8000A06A18B104F11800FFF7D7FD211D1C4899
:108B9000FFF722FE94F858000026012801D184F83E
:108BA0005860FFF745FEE86928B1FFF721FEFFF79F
:108BB000E7FAFFF73DFE2868844213D1E86990B1D7
:108BC000A86B38B1502080F31188BFF34F8FBFF3EB
:108BD0006F8FFEE70B494FF080500860BFF34F8F57
:108BE000BFF36F8F70BD064800682969884201D1C4
:108BF0002E6070BDBDE8704000F00EB84800002047
:108C0000D807002004ED00E00248816B491C816315
:108C10007047000048000020164810B5816B11B164
:108C20000121416210BD002141628169124A01E0C7
:108C3000B9B1491E01EB810352F82330002BF7D064
:108C400001EB810302EB830202F1080453685B68C5
:108C50005360A34201D15B685360DA6802608161AE
:108C600010BD502080F31188BFF34F8FBFF36F8F7B
:108C7000FEE70000480000202803002037B5828C62
:108C80004FF6FF7303EA420484B042F210750123E9
:108C900006AA8DE82C000A46806A2146F8F7D8FB20
:108CA000002800D0012007B030BD00001CB52649C7
:108CB00008780190FF20087008788DF800009DF872
:108CC00000009DF8002000F0F000904207D05020F6
:108CD00080F31188BFF34F8FBFF36F8FFEE79DF8CE
:108CE00000001A4B00F0500018700720986005E053
:108CF0009DF8002052008DF80020401E9DF80020B5
:108D00001206F5D49860032807D0502080F311880C
:108D1000BFF34F8FBFF36F8FFEE74FF44070986043
:108D2000019808700A48016841F470010160016807
:108D300041F070410160FFF7BDFD00205860F7F77A
:108D4000F3F900201CBD000000E400E0B4000020A6
:108D500020ED00E0F8B517460E46050014D0DEB150
:108D600005FB06F05030FFF7DBFA04000AD00020C4
:108D700084F8460004F150023B46314628460094F0
:108D8000FFF76CF82046F8BD502080F31188BFF340
:108D90004F8FBFF36F8FFEE70020E3E738B5049DE8
:108DA00018B153B1CAB181B120E0502080F31188CD
:108DB000BFF34F8FBFF36F8FFEE7502080F3118812
:108DC000BFF34F8FBFF36F8FFEE7502080F3118802
:108DD000BFF34F8FBFF36F8FFEE739B1502080F3A1
:108DE0001188BFF34F8FBFF36F8FFEE750241C46EF
:108DF000012384F846302B460094FFF72FF82046D5
:108E000038BD000070B50D46040025D0FFF7F0FC1A
:108E1000D4E90F20216802FB001161600021A163E9
:108E20002168A1600A46D4E90F01401E00FB012120
:108E3000E16021464FF0FF3001F8440F487004F123
:108E400010008DB1FFF7A2FC04F12400FFF79EFC97
:108E5000FFF7EEFC012070BD502080F31188BFF3B6
:108E60004F8FBFF36F8FFEE721690029F0D000F02C
:108E700009FB0028ECD004494FF080500860BFF394
:108E80004F8FBFF36F8FE3E704ED00E02DE9FF475D
:108E900082B01D468A464FF00008040003D0BAF1A4
:108EA000000F08D011E0502080F31188BFF34F8FDE
:108EB000BFF36F8FFEE7206C38B1502080F311882C
:108EC000BFF34F8FBFF36F8FFEE7022D0AD1E06B28
:108ED000012807D0502080F31188BFF34F8FBFF3D4
:108EE0006F8FFEE700F00EFA3F4F4FF000094FF092
:108EF000805648B9049838B1502080F31188BFF3E8
:108F00004F8FBFF36F8FFEE7FFF772FCA06BE16B33
:108F1000884207D3022D05D00498D0B1B8F1000FD4
:108F20001AD01EE02A4651462046FEF7F0FE616A3E
:108F300019B104F1240000F0A5FA20B13E60BFF39E
:108F40004F8FBFF36F8FFFF773FC012006B0BDE8B2
:108F5000F087FFF76DFC22E06846FFF743FD4FF016
:108F60000108FFF765FCFFF74FFEFFF741FC94F99E
:108F70004400401C01D184F8449094F94500401C01
:108F800001D184F84590FFF753FC04A9684600F02E
:108F900027F930B12046FFF78DF900F0ABFA002039
:108FA000D4E7FFF725FCA06BE16B884213D1FFF7F4
:108FB0003FFC04F110000499FFF722FD2046FFF763
:108FC00079F900F097FA00289ED13E60BFF34F8FE9
:108FD000BFF36F8F98E7FFF72BFC2046FFF76AF986
:108FE00000F088FA90E7000004ED00E02DE9F0477A
:108FF0001F4690468946040003D0B9F1000F08D0FF
:1090000011E0502080F31188BFF34F8FBFF36F8FB3
:10901000FEE7206C38B1502080F31188BFF34F8FEA
:10902000BFF36F8FFEE7022F0AD1E06B012807D054
:10903000502080F31188BFF34F8FBFF36F8FFEE78F
:10904000FFF74AFC5020EFF3118680F31188BFF33D
:109050004F8FBFF36F8FA06BE16B884206D3022F57
:1090600004D0002086F31188BDE8F08794F94550BC
:109070003A4649462046FEF74AFE681C04D06D1C5D
:1090800084F845500120EDE7606A0028FAD004F129
:10909000240000F0F7F90028F4D0B8F1000FF1D067
:1090A0000121C8F80010EDE72DE9F747002683B04D
:1090B0008A46040003D0BAF1000F08D011E0502016
:1090C00080F31188BFF34F8FBFF36F8FFEE7206CE3
:1090D00038B1502080F31188BFF34F8FBFF36F8FEB
:1090E000FEE700F00FF9DFF8F4804FF000094FF0D1
:1090F000805748B9059838B1502080F31188BFF3E4
:109100004F8FBFF36F8FFEE7FFF772FBA56BC5B103
:1091100051462046FEF7E8FD6D1EA563206950B15B
:1091200004F1100000F0AEF928B1C8F80070BFF3E8
:109130004F8FBFF36F8FFFF77BFB012006B0BDE8B9
:10914000F087059808B11EB106E0FFF771FB27E034
:109150006846FFF747FC0126FFF76AFBFFF754FD5F
:10916000FFF746FB94F94400401C01D184F8449079
:1091700094F94500401C01D184F84590FFF758FB55
:1091800005A9684600F02CF8002820460AD0FFF711
:1091900091F800F0AFF92046FEF724FF0028B3D085
:1091A0000020CBE7FEF71EFF90B104F124000599E3
:1091B000FFF726FC2046FFF77DF800F09BF900281A
:1091C000A2D1C8F80070BFF34F8FBFF36F8F9BE73A
:1091D0002046FFF76FF800F08DF995E704ED00E009
:1091E0002DE9F0410C46050011D0C4B1FFF700FB9A
:1091F000174B5A696E682068911B471C17D02F685F
:109200009B6A9F4219D0964217D8012410E0502043
:1092100080F31188BFF34F8FBFF36F8FFEE75020AD
:1092200080F31188BFF34F8FBFF36F8FFEE70024E9
:10923000FFF7FEFA2046BDE8F081884205D9401AC2
:1092400020602846FFF7CEFBF1E700202060DCE736
:10925000480000202DE9FF5F8346DDE90E8799462F
:1092600016468A469000FFF75BF805001CD05C208C
:10927000FFF756F8040014D00020256384F8590045
:10928000CDE90240CDE900874B463246514658466B
:10929000FEF7F5FD2046FEF793FC012004B0BDE883
:1092A000F09F2846FFF7D8FA4FF0FF30F6E7F0B509
:1092B00085B0DDE90B640A9DA6B1DCB15C2700979F
:1092C0002663022684F85960002604AFCDE90246E1
:1092D000CDE90057FEF7D3FD2046FEF771FC049858
:1092E00005B0F0BD502080F31188BFF34F8FBFF35E
:1092F0006F8FFEE7502080F31188BFF34F8FBFF3CD
:109300006F8FFEE70548C16919B1806B18B1002065
:10931000704701207047022070470000480000207D
:1093200001484069704700004800002010B5FFF771
:10933000D3FA0148406910BD480000202DE9F041F2
:109340002E4C0027A06B40B1206A401C2062606A4E
:1093500000B101273846BDE8F0816669761C666178
:1093600013D16068006838B1502080F31188BFF3D2
:109370004F8FBFF36F8FFEE76068A1686160A060E8
:10938000A06A401CA062FEF7FBFE206BDFF8708035
:10939000864209D36068006880B16068C068C568AB
:1093A000686886420DD220632068C06A00EB8001A5
:1093B00058F821000128CAD90127C8E74FF0FF302B
:1093C000F1E7281DFFF7B9F9A86A18B105F11800EF
:1093D000FFF7B3F9E86AA169884200D9A06100EB00
:1093E000800108EB8100291DFFF7F6F9E86A216882
:1093F000C96A8842CED30127CCE70000480000208C
:109400002803002070B504004FF0000133D01B4D3D
:109410002868844207D0502080F31188BFF34F8F13
:10942000BFF36F8FFEE7206D38B1401E2065E36CFF
:10943000E26A9A421FD040B11DE0502080F31188AB
:10944000BFF34F8FBFF36F8FFEE7201DFFF775F956
:10945000E06CE062C0F13800A061E06AA96988426E
:1094600000D9A861064900EB800001EB8000211DB6
:10947000FFF7B2F90121084670BD00004800002046
:109480002803002070B5C068C46854B104F1180006
:109490000646FFF752F9144DA86B50B131461348F8
:1094A00015E0502080F31188BFF34F8FBFF36F8F0B
:1094B000FEE7201DFFF741F9E06AA969884200D95B
:1094C000A8610B4900EB800001EB8000211DFFF734
:1094D00083F9E06A2968C96A884202D90120686272
:1094E00070BD002070BD000048000020B0070020C3
:1094F000280300202DE9F0472C4D00242746A86BB7
:1095000038B1FFF775F9A86B401EA863A86B40B18E
:1095100046E0502080F31188BFF34F8FBFF36F8F69
:10952000FEE72969224E0120D1B3A6F59169804654
:109530003068E0B1F068C46804F11800FFF7FDF886
:10954000201DFFF7FAF8E06AA969884200D9A861EE
:1095500000EB800109EB8100211DFFF73DF9E06A76
:109560002968C96A8842E3D3C5F82480E0E70CB1D2
:10957000FEF706FE2C6A4CB14FEA0806FFF7DEFE46
:1095800000B16E62641EF9D100202862686A38B1A9
:109590000849012738070860BFF34F8FBFF36F8F6B
:1095A000FFF746F93846BDE8F08700004800002084
:1095B000B007002004ED00E02DE9FC4781461E467F
:1095C0001746884630200A9DFEF7AAFE04000AD0FE
:1095D000CDE9005433463A4641464846FEF79DFCE5
:1095E000002084F82C002046BDE8FC8710B586B02A
:1095F000FEF74EFB114CA068B8B100200390049018
:1096000005AA04A903A8FFF7B5F8DDE90321222084
:109610008DE8070000230AA10B48059AFFF747FED3
:10962000E06010B106B0012010BD502080F3118819
:10963000BFF34F8FBFF36F8FFEE700008400002061
:10964000546D722053766300918200082DE9FF412A
:109650001E46134602000A9D4FF0000016D0144C1F
:10966000A768002F0FD0CDE900130292062917DA60
:10967000FFF748FE02284FF000030FD00022694692
:10968000A068FFF703FC04B0BDE8F081502080F330
:109690001188BFF34F8FBFF36F8FFEE72A46EEE7C7
:1096A0000023324669463846FFF7A0FCEBE700008E
:1096B00084000020010202030405060708090A0BC2
:1096C0000C0D0E0F10100000000000000000010241
:1096D000030406070809000000000102030400005B
:1096E00020AD0008000000000000000000000000A5
:1096F0000000000000020000180000000000000050
:10970000000000000000000000000000002F00002A
:1097100000000700070000147F147F1400242A7F34
:109720002A120062640813230036495522500000B3
:109730000503000000001C224100000041221C0023
:109740000014083E08140008083E0808000000A0A5
:1097500060000008080808080000606000000020A1
:1097600010080402003E5149453E0000427F40007F
:10977000004261514946002141454B310018141205
:109780007F10002745454539003C4A4949300001D2
:109790007109050300364949493600064949291E21
:1097A0000000363600000000563600000008142283
:1097B0004100001414141414000041221408000283
:1097C0000151090600324959513E007C1211127CA8
:1097D000007F49494936003E41414122007F4141D5
:1097E000221C007F49494941007F09090901003EC7
:1097F0004149497A007F0808087F0000417F410005
:10980000002040413F01007F08142241007F40407A
:109810004040007F020C027F007F0408107F003E62
:109820004141413E007F09090906003E4151215E48
:10983000007F091929460046494949310001017F45
:109840000101003F4040403F001F2040201F003FDB
:109850004038403F0063140814630007087008078D
:1098600000615149454300007F41410000552A55A0
:109870002A55000041417F0000040201020400401B
:10988000404040400000010204000020545454783D
:10989000007F48444438003844444420003844445D
:1098A000487F00385454541800087E0901020018FB
:1098B000A4A4A47C007F080404780000447D400038
:1098C000004080847D00007F102844000000417F1C
:1098D0004000007C04180478007C080404780038F8
:1098E0004444443800FC242424180018242418FC80
:1098F000007C0804040800485454542000043F44E9
:109900004020003C4040207C001C2040201C003CAB
:109910004030403C004428102844001CA0A0A07CFB
:10992000004464544C441414141414140000000033
:10993000000000000000000000000000000000F82F
:1099400000000000000000333000000000100C0692
:10995000100C0600000000000000000040C078402D
:10996000C0784000043F04043F040400007088FCF9
:1099700008300000001820FF211E0000F008F00051
:10998000E018000000211C031E211E0000F00888C2
:10999000700000001E2123241927211010160E002C
:1099A000000000000000000000000000000000E0D7
:1099B00018040200000000071820400000020418EC
:1099C000E00000000040201807000000404080F048
:1099D000804040000202010F01020200000000F07E
:1099E000000000000101011F010101000000000052
:1099F0000000000080B070000000000000000000C7
:109A0000000000000001010101010101000000004F
:109A100000000000003030000000000000000000E6
:109A200080601804006018060100000000E01008C3
:109A30000810E000000F102020100F00001010F898
:109A4000000000000020203F2020000000700808D7
:109A50000888700000302824222130000030088857
:109A6000884830000018202020110E000000C0207F
:109A700010F8000000070424243F240000F80888A0
:109A8000880808000019212020110E0000E010882D
:109A900088180000000F112020110E00003808085F
:109AA000C83808000000003F00000000007088086F
:109AB00008887000001C222121221C0000E01008F0
:109AC0000810E0000000312222110F00000000C049
:109AD000C0000000000000303000000000000080E6
:109AE00000000000000080600000000000008040D6
:109AF00020100800000102040810200040404040EF
:109B00004040400004040404040404000008102041
:109B10004080000000201008040201000070480886
:109B20000808F0000000003036010000C030C828EE
:109B3000E810E0000718272423140B000000C038A9
:109B4000E0000000203C23020227382008F8888823
:109B500088700000203F202020110E00C03008082F
:109B600008083800071820202010080008F8080806
:109B70000810E000203F202020100F0008F88888FF
:109B8000E8081000203F20202320180008F88888CB
:109B9000E8081000203F200003000000C030080843
:109BA0000838000007182020221E020008F80800CC
:109BB0000008F808203F210101213F20000808F893
:109BC000080800000020203F2020000000000808B6
:109BD000F8080800C08080807F00000008F888C076
:109BE00028180800203F20012638200008F8080027
:109BF00000000000203F20202020300008F8F8005E
:109C0000F8F80800203F003F003F200008F830C06F
:109C10000008F808203F200007183F00E01008085F
:109C20000810E0000F10202020100F0008F808088E
:109C30000808F000203F210101010000E0100808A1
:109C40000810E0000F18242438504F0008F88888C6
:109C500088887000203F2000030C302000708808A6
:109C6000080838000038202121221C00180808F8B4
:109C7000080818000000203F2000000008F8080035
:109C80000008F808001F202020201F000878880006
:109C900000C83808000007380E010000F80800F876
:109CA0000008F800033C0700073C03000818688020
:109CB0008068180820302C03032C30200838C80096
:109CC000C83808000000203F2000000010080808E5
:109CD000C83808002038262120201800000000FE87
:109CE000020202000000007F40404000000C30C033
:109CF00000000000000000010638C000000202025F
:109D0000FE000000004040407F0000000000040210
:109D1000020204000000000000000000000000003B
:109D2000000000008080808080808080000202042B
:109D30000000000000000000000000000000808023
:109D4000808000000019242222223F2008F8008091
:109D500080000000003F112020110E000000008054
:109D600080800000000E11202020110000000080E3
:109D70008088F800000E112020103F200000808015
:109D800080800000001F222222221300008080F029
:109D9000888888180020203F202000000000808054
:109DA00080808000006B94949493600008F8008099
:109DB00080800000203F210000203F2000809898F4
:109DC000000000000020203F202000000000008054
:109DD0009898000000C08080807F000008F8000094
:109DE00080808000203F24022D302000000808F8E9
:109DF000000000000020203F2020000080808080A4
:109E000080808000203F20003F20003F8080008035
:109E100080800000203F210000203F200000808043
:109E200080800000001F202020201F0080800080F4
:109E30008000000080FFA12020110E0000000080A3
:109E400080808000000E112020A0FF808080800094
:109E50008080800020203F212000010000008080C1
:109E6000808080000033242424241900008080E0B6
:109E7000808000000000001F202000008080000083
:109E800000808000001F202020103F208080800064
:109E90000080808000010E30080601008080008074
:109EA000008080800F300C030C300F000080800099
:109EB000808080000020312E0E31200080808000C4
:109EC0000080808080818E70180601000080808074
:109ED000808080000021302C222130000000000012
:109EE000807C020200000000003F40400002027C33
:109EF000800000000040403F000000000000000023
:109F0000FF00000000000000FF00000075191A0C9F
:109F10006A231B1C1F207274433B4138393A6B6C17
:109F2000376F06246D6E70006800000476005401DF
:109F3000F7FD000183000000000800000001001888
:109F400032000500000020410000D242295C0F3E93
:109F50009A99993E3333733F295C0F3E000070009D
:109F6000000000240000000200030000006500540F
:109F7000FFEF0000FA80000B12820001030C30C3D7
:109F80000E8C8CE914D5400213710F8E3883F88340
:109F90003000F883258EF8833000F883FFFFFFFF41
:109FA0000FFEA9D6240004001A8279A10000003C0B
:109FB000FFFF00000010000038836FA2003E033056
:109FC0004000000002CAE3093E80000020000000BB
:109FD000000000004000000060000000000C0000D5
:109FE000000C186E000006920A16C0DFFFFF025632
:109FF000FD8CD377FFE1C496E0C5BEAA0000000047
:10A00000FFFF0B2B00001657000003594000000013
:10A0100000001DFA00026C1D000000003FFFDFEB96
:10A02000003EB3B6000D227800002F3C0000000077
:10A03000001942B5000039A20000B365D90E9FC9CE
:10A040001DCF4C3430000000500000003BB67AE8D1
:10A050000064000000C800000000000010000000C4
:10A060001000FA921000225E000D229F00010000F5
:10A0700000320000FF46000063D400001000000022
:10A0800004D6000004CC000004CC000000001072D4
:10A090000000004000000000000000000006000278
:10A0A0000005000700000000006400000000000040
:10A0B0000000000500050064002000000000000012
:10A0C000000000000000400000000300000000321B
:10A0D000F8980000FF650000830F0000FF9BFC0064
:10A0E0000000000000000000000000000000000070
:10A0F0000000000000000000000000000000000060
:10A1000000000000000000000000100040000000FF
:10A11000000000060000B26A000200000001FB839C
:10A120000068000000D9FC007CF1FF830000000003
:10A1300000650000006403E80064002800000025BA
:10A140000000000016A00000000010000000100039
:10A15000002F0000000001F40000100000280000A3
:10A16000FFFF4581FFFFFA720000000000000000C1
:10A17000004400050005BAC6004778A200000001AF
:10A180000000000000000600000000140000254D43
:10A19000002F706D000005AE000C02D00000000022
:10A1A000000000000000000000000000001B000094
:10A1B000000000000000000000000000006400003B
:10A1C0000008000000000000000000000000000087
:10A1D000000000000000000000000000000000007F
:10A1E000000000000000000000000000000000006F
:10A1F000000000000000000000000000000000005F
:10A20000000000000000000000000000000000004E
:10A21000000000000000000000000000001B000023
:10A220000000000000000000000E000E00000AC741
:10A230000004000000000032FFFFFF9C00000B2B19
:10A24000000000020000000100000064FFE50000C3
:10A2500000000000000000000000000000000001FD
:10A26000000000000001000000000000000180006C
:10A270000001800000018000002426D300000000BF
:10A2800000000000000600100096003C00000000E6
:10A290000000000000000000000000000C0A4E68F2
:10A2A000CDCF770950166759C619CE82000000003D
:10A2B000000000000000000000000000000000009E
:10A2C0000000000017D78400030000000000000019
:10A2D00000000000C7938F9D1E1B1C19000000008A
:10A2E000000000000000000000000000000000006E
:10A2F0000000000002031885000040000000000379
:10A30000000000030000000000000000400000000A
:10A31000000000000000000000000000000000003D
:10A32000000000000000000000000000000000002D
:10A33000000000000000000000000000000000001D
:10A34000677DDF7E72902E554CF6E6880000000097
:10A35000000000000000000000000000D8DCB4B8DD
:10A36000B0D8B9ABF3F8FAB3B7BB8E9EAEF132F505
:10A370001BF1B4B8B08097F1A9DFDFDFAADFDFDF20
:10A38000F2AAC5CDC7A90CC92C97F1A989264666A2
:10A39000B28999A92D557DB0B08AA896365676F126
:10A3A000BAA3B4B280C0B8A89711B28398BAA3F088
:10A3B000240844106418B2B9B49883F1A329557DD8
:10A3C000BAB5B1A38393F0002850F5B2B6AA83932F
:10A3D00028547CF1B9A3829361BAA2DADEDFDB8173
:10A3E0009AB9AEF5606870F1DABAA2DFD9BAA2FA0A
:10A3F000B9A38292DB31BAA2D9BAA2F8DF85A4D080
:10A40000C1BBAD83C2C5C7B8A2DFDFDFBAA0DFDF43
:10A41000DFD8D8F1B8AAB38DB4980D355DB2B6BA0D
:10A42000AF8C96198F9FA70E161EB49AB8AA872CC8
:10A43000547CBAA4B08AB691325676B28494A4C839
:10A4400008CDD8B8B4B0F19982A82D557D98A80E42
:10A45000161EA22C547C92A4F02C5078F184A8985B
:10A46000C4CDFCD80DDBA8FC2DF3D9BAA6F8DABA16
:10A47000A6DED8BAB2B68696A6D0F3C841DAA6C888
:10A48000F8D8B0B4B882A892F52C548898F135D990
:10A49000F418D8F1A2D0F8F9A884D9C7DFF8F88366
:10A4A000C5DADF69DF83C1D8F40114F1A8824EA8B0
:10A4B00084F311D182F5D992289788F109F41C1CF4
:10A4C000D884A8F3C0F9D1D99782F129F40DD8F333
:10A4D000F9F9D1D982F4C203D8DEDF1AD8F1A2FA91
:10A4E000F9A88498D9C7DFF8F8F883C7DADF69DFFD
:10A4F000F883C3D8F40114F198A8822EA884F3112C
:10A50000D182F5D992509788F109F41CD884A8F328
:10A51000C0F8F9D1D99782F149F40DD8F3F9F9D1FE
:10A52000D982F4C403D8DEDFD8F1AD8898CCA8096D
:10A53000F9D98292A8F57CF1883ACF944A6E98DBDB
:10A540006931DAADF2DEF9D88795A8F221D1DAA522
:10A55000F9F417D9F1AE8ED0C0C3AE82C684C3A8B9
:10A560008595C8A588F2C0F1F4010EF18E9EA8C6AB
:10A570003E56F554F18872F40115F19845856EF553
:10A580008E9E0488F142985A8E9E068869F4011CBA
:10A59000F1981E1108D0F504F11E97020298362595
:10A5A000DBF9D985A5F3C1DA85A5F3DFD88595A8B0
:10A5B000F309DAA5FAD88292A8F578F1881A849F6F
:10A5C00026889821DAF41DF3D8879F39D1AFD9DFD7
:10A5D000DFFBF9F40CF3D8FAD0F8DAF9F9D0DFD9C7
:10A5E000F9D8F40BD8F3879F39D1AFD9DFDFF41D49
:10A5F000F3D8FAFCA869F9F9AFD0DADEFAD9F88F06
:10A600009FA8F1CCF398DB45D9AFDFD0F8D8F18F14
:10A610009FA8CAF38809DAAF8FCBF8D8F2AD978D2F
:10A620000CD9A5DFF9BAA6F3FAF412F2D8950DD138
:10A63000D9BAA6F3FADAA5F2C1BAA6F3DFD8F1BA0D
:10A64000B2B68696A6D0CAF349DAA6CBF8D8B0B48B
:10A65000B8D8AD84F2C0DFF18FCBC3A8B2B686966E
:10A66000C8C1CBC3F3B0B48898A821DB718D9D71AC
:10A67000859521D9ADF2FAD88597A828D9F408D8BC
:10A68000F28D29DAF405D9F285A4C2F2D8A88D9406
:10A6900001D1D9F411F2D88721D8F40AD8F28498DC
:10A6A000A8C801D1D9F411D8F3A4C8BBAFD0F2DE49
:10A6B000F8F8F8F8F8F8F8F8D8F1B8F6B5B9B08ABB
:10A6C00095A3DE3CA3D9F8D85CA3D9F8D87CA3D94C
:10A6D000F8D8F8F9D1A5D9DFDAFAD8B18530F7D9A9
:10A6E000DED8F830ADDADED8F2B48C99A32D557DE2
:10A6F000A083DFDFDFB591A0F629D9FBD8A0FC2924
:10A70000D9FAD8A0D051D9F8D8FC51D9F9D879D9EB
:10A71000FBD8A0D0FC79D9FAD8A1F9F9F9F9F9A0B8
:10A72000DADFDFDFD8A1F8F8F8F8F8ACDEF8ADDE54
:10A730008393AC2C547CF1A8DFDFDFF69D2CDAA0EC
:10A74000DFD9FADB2DF8D8A850DAA0D0DED9D0F8BE
:10A75000F8F8DB55F8D8A878DAA0D0DFD9D0FAF825
:10A76000F8F8F8DB7DF8D89CA88CF530DB38D9D028
:10A77000DEDFA0D0DEDFD8A848DB58D9DFD0DEA0EE
:10A78000DFD0DED8A868DB70D9DFDFA0DFDFD8F14B
:10A79000A888902C547C98A8D05C38D1DAF2AE8C82
:10A7A000DFF9D8B087A8C1C1B188A8C6F9F9DA36EF
:10A7B000D8A8F9DA36D8A8F9DA36D8A8F9DA36D826
:10A7C000A8F9DA36D8F78D9DADF818DAF2AEDFD8F1
:10A7D000F7ADFA30D9A4DEF9D8F2AEDEFAF983A7E4
:10A7E000D9C3C5C7F1889BA77AADF7DEDFA4F8848B
:10A7F0009408A797F300AEF29819A488C6A394888A
:10A80000F632DFF28393DB09D9F2AADFD8D8AEF8AB
:10A81000F9D1DAF3A4DEA7F1889B7AD8F38494AE59
:10A8200019F9DAAAF1DFD8A881C0C3C5C7A39283FA
:10A83000F628ADDED9F8D8A350ADD9F8D8A378ADB5
:10A84000D9F8D8F8F9D1A1DADEC3C5C7D8A1819467
:10A85000F818F2B089ACC3C5C7F1D8B8B4B09786C0
:10A86000A8319B069907AB9728889BF00C201440D1
:10A87000B0B4B8F0A88A9A285078B79BA829517923
:10A88000247059446938644831F1BBAB88002C54BA
:10A890007CF0B38BB8A804285078F1B088B4972620
:10A8A000A85998BBABB38B02264666B0B8F08A9C19
:10A8B000A82951798B2951798A2470598B20587194
:10A8C0008A4469388B3940688A6448318B304960E2
:10A8D00088F1AC002C547CF08CA804285078F188C6
:10A8E0009726A85998AC8C02264666F0899CA82920
:10A8F0005179247059446938644831A9880920592C
:10A9000070AB11384069A8193148608CA83C415C93
:10A91000207C00F187981986A86E767EA999882DEB
:10A92000557DD8B1B5B9A3DFDFDFAED0DFAAD0DE69
:10A93000F2ABF8F9D9B087C4AAF1DFDFBBAFDFDF34
:10A94000B9D8B1F1A3978E60DFB084F2C8F8F9D915
:10A95000DED89385F14AB183A308B5839A0810B76E
:10A960009F10D8F1B0BAAEB08AC2B2B68E9EF1FBDB
:10A97000D9F41DD8F9D90CF1D8F8F8AD61D9AEFBEE
:10A98000D8F40CF1D8F8F8AD19D9AEFBDFD8F4162D
:10A99000F1D8F8AD8D61D9F4F4ACF59C9C8DDF2B2A
:10A9A000BAB6AEFAF8F40BD8F1AED0F8AD51DAAED3
:10A9B000FAF8F1D8B9B1B6A3839C08B9B1839AB5B6
:10A9C000AAC0FD3083B79F10B58B93F20202D1ABC2
:10A9D000DADED8F1B080BAABC0C3B284C1C3D8B19B
:10A9E000B9F38BA391B609B4D9ABDEB0879CB9A3F8
:10A9F000DDF1B38B8B8B8B8BB087A3A3A3A3B28B1F
:10AA0000B69BF2A3A3A3A3A3A3A3A3A3A3F1B0877D
:10AA1000B59AA3F39BA3A3DCBAACDFB9A3A3A3A30A
:10AA2000A3A3A3A3A3A3A3A3A3A3A3A3D8D8D8BB3F
:10AA3000B3B7F1AAF9DAFFD9809AAA28B48098A707
:10AA400020B79787A86688F07951F1902C870CA7DA
:10AA500081976293F071716085940129517990A575
:10AA6000F1284C6C870C95188578A38390284C6C42
:10AA7000886CD8F3A28200F210A8921980A2F2D9B1
:10AA800026D8F188A84DD948D896A83980D93CD87D
:10AA90009580A839A68698D92CDA87A72CD8A889BA
:10AAA0009519A980D938D8A88939A980DA3CD8A8BD
:10AAB0002EA83990D90CD8A8953198D90CD8A809C6
:10AAC000D9FFD801DAFFD89539A9DA26FFD890A89E
:10AAD0000D8999A810809821DA2ED88999A83180FB
:10AAE000DA2ED8A886963180DA2ED8A8873180DA77
:10AAF0002ED8A88292F34180F1D92ED8A882F319DA
:10AB000080F1D92ED882ACF3C0A28022F1A62EA764
:10AB10002EA92298A829DAACDEFFD8A2F22AF1A940
:10AB20002E8292A8F23180A696F1D900AC8C9C0CB2
:10AB300030ACDED0DEFFD88C9CACD010ACDE809286
:10AB4000A2F24C82A8F1CAF235F19688A6D900D8B3
:10AB5000F1FF636C6564657200000000746F7263DE
:10AB600068000000000068756D0000000000000033
:10AB7000636C6F636B00000000007072657373009C
:10AB800000000000737465700000000000006D6F2D
:10AB9000726500000000000030000031000032004B
:10ABA000003300003400003500003600003700009C
:10ABB00038000039000031300031310031320031CD
:10ABC000330031340031350031360031370031384F
:10ABD000003139003230003231003232003233007D
:10ABE000323400323500323600323700323800322B
:10ABF00039003330003331005375004D6F00547508
:10AC00000057650054680046720053610000000060
:10AC100000001100220033004400550066000000CF
:10AC200011001A0023002C0035003E0000000B002C
:10AC3000160021002C00370042004D005800630030
:10AC40006E0079003C3C3C00000000000000726592
:10AC5000636F726400000000536F756E6400000043
:10AC60000000506F776572000000000041626F7550
:10AC70007400000000000000140000001E0000002E
:10AC800028000000320000003C00000046000000E8
:10AC9000000000000000F03F000000000000F83F4E
:10ACA00000000000000000000000004003B8E23F88
:10ACB000000000000000000006D0CF43EBFD4C3E3A
:10ACC000033333333333E33FFFAB6FDBB66DDB3F2F
:10ACD0004D268F515555D53F01411DA96074D13F77
:10ACE00065DBC9934A86CD3FEF4E454A287ECA3F71
:10ACF0003E5555555555C53F93BDBE166CC166BFF3
:10AD00002CDE25AF6A56113FF16BD2C541BDBBBEEB
:10AD1000D0A4BE726937663E00000000000000004B
:10AD200064656661756C745461736B0050726F6416
:10AD3000756374204944207265616420617320301A
:10AD400020696E6469636174657320646576696304
:10AD5000652069732065697468657220696E636F28
:10AD60006D70617469626C65206F7220616E204D38
:10AD70005055333035302E0A000000009CAD0008DD
:10AD800000000020B0010000660B000808AE0008BB
:10AD9000B001002060320000B44800083201821087
:10ADA00003A924F41AAA0141135802422017AED570
:10ADB00080A83FD3101140A1C8DA1281CFD9F1DBAE
:10ADC00040A4A68D14AF130C9F1B08280401201A61
:10ADD000342432016904415A020469100114291C07
:10ADE000B237320B321732243231323E320D321B3F
:10ADF0009A292C29143219322672333218322C9A9D
:08AE000025042914C100000023
:04000005080000ED02
:00000001FF
