:020000040800F2
:10000000D835002079020008A3340008C72C000866
:10001000A1340008AF1500080D49000800000000D9
:10002000000000000000000000000000E1010008E6
:100030002F1700080000000025020008D145000825
:10004000930200089302000893020008930200083C
:10005000930200089302000893020008930200082C
:1000600093020008311700083717000893020008B0
:10007000930200089302000893020008930200080C
:1000800093020008930200089302000893020008FC
:100090009302000893020008930200083D1700082D
:1000A00065460008930200089302000893020008C6
:1000B00093020008930200087146000893020008AA
:1000C00093020008930200089302000893020008BC
:1000D00093020008930200089302000893020008AC
:1000E00093020008930200089302000800F002F84F
:1000F00000F067F80AA090E8000C82448344AAF15B
:100100000107DA4501D100F05CF8AFF2090EBAE858
:100110000F0013F0010F18BFFB1A43F0010318473B
:10012000F08D0000108E00000A444FF0000C10F813
:10013000013B13F0070408BF10F8014B1D1108BF65
:1001400010F8015B641E05D010F8016B641E01F805
:10015000016BF9D113F0080F1EBF10F8014BAD1C55
:100160000C1B09D16D1E58BF01F801CBFAD505E073
:1001700014F8016B01F8016B6D1EF9D59142D6D3CD
:10018000704700000023002400250026103A28BFF5
:1001900078C1FBD8520728BF30C148BF0B607047F9
:1001A000662908F0B580002070471FB500F0BEFC3E
:1001B00004000020002107F0B3F9E0601FBD10B576
:1001C00010BD00F0B7FD1146FFF7EFFF04F09EFEF3
:1001D00000F0D5FD03B4FFF7F2FF03BC00F018FEFA
:1001E000224B19680868B0E8F00F80F30988BFF364
:1001F0006F8F4FF0000080F311884EF00D0E7047A6
:100200000000000006480068006880F3088862B6B5
:1002100061B6BFF34F8FBFF36F8F00DF00BF00BF2A
:1002200008ED00E0EFF30980BFF36F8F0F4B1A6802
:1002300020E9F00F106008B54FF0500080F31188EE
:10024000BFF34F8FBFF36F8F06F01CFC4FF0000021
:1002500080F31188BDE8084019680868B0E8F00F1D
:1002600080F30988BFF36F8F704700BF4400002000
:10027000EFF30580704700000948804709480047B0
:10028000FEE7FEE7FEE7FEE7FEE7FEE7FEE7FEE746
:10029000FEE7FEE704480549054A064B70470000A3
:1002A0005B460008ED000008D82F0020D83500205C
:1002B000D8310020D831002053EA020C00F06980C8
:1002C0002DE9F04B4FF00006002B1FBFB3FA83F56A
:1002D00003FA05F424FA05F65E4012BF1643B2FA9B
:1002E00082F502FA05F4C5F120051EBF22FA05FCCD
:1002F00044EA0C04203556EA044C4FEA144418BF73
:10030000641C4FF000084FF00009904271EB030CA1
:1003100039D3002919BFB1FA81F701FA07F6B0FA0B
:1003200080F700FA07F6C7F120071EBF20FA07FC86
:1003300046EA0C062037B6FBF4FCA7EB0507103F96
:1003400007F01F0BCBF120060CFA0BFB2CFA06F67C
:1003500044BFB3460026202FA4BF5E464FF0000BDB
:100360005BEA060C08BF4FF0010B19EB0B09ABFB66
:10037000027C48EB0608C01B06FB02CC0BFB03CC3F
:1003800071EB0C01C1E70B46024641464846BDE809
:10039000F08B13B54FF000004FF00001AFF3008079
:1003A000BDE81C40704710B54C1084EA530404D5D6
:1003B0004042C1F1000138BF491E1B4204D55242E0
:1003C000C3F1000338BF5B1EFFF776FF14F0804FC8
:1003D00004D04042C1F1000138BF491E14F0004F63
:1003E00004D05242C3F1000338BF5B1E10BD0000B1
:1003F0000FB41CB5074B06AA7B44694600900598CC
:1004000000F059FB0020694600F068FB1CBC5DF859
:1004100014FB0000E10600002DE9F0474FF0000A50
:1004200089460446C0F820A02046E1688847002895
:1004300076D0252806D0D4E901219047206A401CB7
:100440002062F1E7E168204600258847C4F81CA037
:1004500006460027C4F818A02A2E09D0304604F01A
:10046000EFFA38B304EB8708303EC8F8186019E09B
:1004700059F8041B204604EB87029161E168884724
:10048000012F064618D1E069002820DA25F0200562
:100490001DE0D8F8180000EB800006EB4000303873
:1004A000C8F818002046E1688847064604F0C8FAF4
:1004B0000028EED1012F0AD02E2E08D12046E16867
:1004C00088477F1C0646022F45F02005C4DBA06943
:1004D000002803DA404245F00105A061E80701D099
:1004E00025F01005B6B1A6F14100192802D8203632
:1004F00045F400654A463146204625604D46FFF7E3
:100500004FFE58B1012806D0ED1D25F0070000F17F
:10051000080989E704E005F1040985E730468AE720
:10052000206ABDE8F087032A40F2308010F0030C07
:1005300000F0158011F8013BBCF1020F624498BF36
:1005400011F801CB00F8013B38BF11F8013BA2F1D3
:10055000040298BF00F801CB38BF00F8013B11F04E
:10056000030300F02580083AC0F0088051F8043BEE
:10057000083A51F804CBA0E80810F5E7121D5CBF5B
:1005800051F8043B40F8043BAFF30080D20724BF8E
:1005900011F8013B11F801CB48BF11F8012B24BF22
:1005A00000F8013B00F801CB48BF00F8012B704771
:1005B00010B5203AC0F00B80B1E81850203AA0E8FE
:1005C0001850B1E81850A0E81850BFF4F5AF5FEA32
:1005D000027C24BFB1E81850A0E8185044BF18C9E5
:1005E00018C0BDE810405FEA827C24BF51F8043B8C
:1005F00040F8043B08BF7047D20728BF31F8023BE0
:1006000048BF11F8012B28BF20F8023B48BF00F873
:10061000012B704702F0FF0343EA032242EA024241
:1006200000F063BA4FF0000200B5134694469646B8
:10063000203922BFA0E80C50A0E80C50B1F12001F5
:10064000BFF4F7AF090728BFA0E80C5048BF0CC0A3
:100650005DF804EB890028BF40F8042B08BF704701
:1006600048BF20F8022B11F0804F18BF00F8012B73
:10067000704770477047704710B500F05BFA00682C
:1006800010BD10B5044600F055FA046010BD704767
:100690002DE9FF4F0C461E464FF0FF378BB0D2E9D5
:1006A0000001DDF860800A908A46C1F30A5505B959
:1006B0003D46002108464FF00000BAF1000F00F45B
:1006C000400005DA00EB80004FF4400101EA5000E1
:1006D0004FEA9059B9F1010F00DDB9460A9850EA86
:1006E0004A000ED044F61050A5F2FF3545432F14B2
:1006F000B8F1000F1ED07542291E1EDDC9F100029F
:100700001CE0B8F1010F4FF0000001D0302103E0F0
:10071000F24305E02154401CB042FBDB304600228E
:10072000002121540B99C1F80880C1E900200FB0C5
:10073000BDE8F08FBD1B6D1CDEE74A4600DA69425A
:1007400006A800F081FA06AB93E8070003AB83E844
:10075000070050460A9900F062FB8DE80700A0F5FB
:1007600000501F3800900398002D0ADD42F21F014F
:100770004A460844002303A90390684600F0CBFDD5
:1007800009E0A0F500504A461F38002303A9039052
:10079000684600F0D5FD8DE807000004000C03D08A
:1007A0004FF0FF30410800E01046B8F1000F03D0D1
:1007B0000022009215461EE0751E05D400F0BEF919
:1007C000303262556D1EF9D5B3460122084302D07E
:1007D00000227F1C04E02078302801D100227F1EF7
:1007E000002A099784D01DE0112D07DA00F0A6F940
:1007F000303262556D1C50EA0102F5D1084302D037
:100800000098C8B10EE00021681E05E0235C625C20
:1008100063542254401E491C8142F7DBAB46A81B9F
:10082000401E0990002004F80B000B98099AC0F8AC
:100830000880C0E9002B7AE711264FF0000857E73F
:100840002DE9F04F88460446D21D22F0070191B0F1
:10085000D1E90001CDE90A0104F059F802460B98EC
:10086000C00F01D02D2007E02068810701D52B2083
:1008700002E0202101EAC000032A099001D0072AE2
:1008800005DB03464146204600F09EF90BE1207847
:10089000800601D5E06900E00620B8F1650F8146C9
:1008A00006D0B8F1660F18D0B8F1670F70D131E0FB
:1008B0000020B9F1110F009001DB112301E009F1D3
:1008C00001030AAA01A90CA8FFF7E2FEDDE90C70FA
:1008D000002609F10105834647E001204B460090C0
:1008E0004FF000470AAA01A90CA8FFF7D1FEDDE9E5
:1008F0000DB00C995D46002610B909F101000D18E4
:10090000B9EB050003D4C0F1FF3609F10105A5EBF1
:1009100009002BE0B9F1010F01DA4FF001090020C5
:10092000B9F1110F0090484601DD112300E00346A4
:100930000AAA01A90CA8FFF7ABFEDDE90C704D4631
:1009400000268346207800070AD4AB4500DA5D46CE
:1009500001A8012D04DD411911F8011C302907D02F
:100960004F4502DA17F1040F04DA012082460FE046
:100970006D1EEEE7002F02DCED1B3E4403E0781C09
:10098000A84200DD7D1CB81B00F1010A4FF00047B2
:100990002078000703D4AA4501DB4FF0FF3A00217D
:1009A000B7F1004F0DF143088DF8431024D0022019
:1009B0002B23002F01DA7F422D230A21021EA0F1F2
:1009C000010000DC5FB197FBF1FC97FBF1F201FB4A
:1009D0001C7C17460CF1300C08F801CDEEE7A8F1AD
:1009E000010003702188090501D5452100E065213A
:1009F000A0F1010800F8011C09980FA9A1EB080754
:100A0000FF1D00B10120411901EBEA70A1693844D2
:100A1000081A401EA0612078C00602D42046AFF319
:100A20000080099828B1D4E901219047206A401C30
:100A300020622078C00622D52046AFF300801EE059
:100A4000002E04DBB34502DD01A8805D00E030200C
:100A5000D4E901219047206A401C2062761CAAF14B
:100A600001005FEA000A0AD100F060F8C06801687E
:100A7000405CD4E901219047206A401C2062281E76
:100A8000A5F10105DCDC07E0D4E9012118F8010B30
:100A90009047206A401C2062381EA7F10107F3DC52
:100AA0002046AFF30080032011B041E601694A1CE3
:100AB00002610878704700B58FB0CDE9013100219F
:100AC000059105497944CDE9031011466846FFF7C1
:100AD000A3FC0FB000BD0000E5FFFFFF0A6802F8AD
:100AE000010B0A6070474FF000020429C0F0128029
:100AF00010F0030C3FF498ADCCF1040CBCF1020FE4
:100B000018BF00F8012BA8BF20F8022BA1EB0C01A5
:100B1000FFF78ABD5FEAC17C24BF00F8012B00F813
:100B2000012B48BF00F8012B7047000000487047B8
:100B3000982F002000487047782F002030B5B0F182
:100B40000A024FEA900E71F100034EEA817EB0EB8B
:100B50000E0061EB91014FEA101E4EEA017E10EB90
:100B60000E0041EB11114FEA102E4EEA016E10EB10
:100B70000E0041EB11214FEA104E4EEA014E10EBF0
:100B80000E0041EB1141401841F100014FEAD00045
:100B900040EA41704FEAD10110EB80054FEA810431
:100BA00044EA907444EB01046D1944EB0404521BB5
:100BB000A3414FF0000348BF0A3200D530BD401CAE
:100BC00041F1000130BD00002DE9F0411F4604460F
:100BD00003260168072A01F4006004DB08B116A5AA
:100BE00005E016A503E008B115A500E015A521F064
:100BF00010002060A069C01EA0610FB1401EA0615E
:100C00002046AFF300804FB1D4E901213846904728
:100C1000206A401C2062C01C206206E0206AFAE7BD
:100C2000D4E9012115F8010B9047761EF8D2204631
:100C3000AFF30080BDE8F0814E414E006E616E0062
:100C4000494E4600696E66002DE9F047814616461A
:100C50008AB0354878440DC88DE80D003248784494
:100C6000801C03AC0DC884E80D0041F69B3008449D
:100C7000372190FBF1F290FBF1F5A5F1800501FB26
:100C800012041B3C02D56442012000E00020DFF882
:100C900098A080460027FA44AAF1BE0A0EE0E007B9
:100CA0000AD03246684607EB470101230AEB81016F
:100CB00000F046FB8DE8070064107F1C002CEED18D
:100CC000194F7F44AE3F19E0E80715D007EB041039
:100CD0000DF1180A90E80E008AE80E00C068F04294
:100CE00001D1981908903246012306A903A800F003
:100CF00027FB03AB83E807006D10641C002DE3D1D4
:100D00004FF0010332466946B8F1000F03A802D044
:100D100000F001FB01E000F013FBC9E90001C9F894
:100D200008200AB0BDE8F0879482000000487047B0
:100D3000782F00207546FFF7F9FFAE46050069469B
:100D4000534620F00700854618B020B5FFF7A2FAF9
:100D5000BDE820404FF000064FF000074FF00008BC
:100D60004FF0000B21F00701AC46ACE8C009ACE83D
:100D7000C009ACE8C009ACE8C0098D46704710B5A1
:100D80000446AFF300802046BDE81040FFF722BACA
:100D90004FF0013C50F8042B51F8043B9A4221D10A
:100DA000A2EB0C03934313EACC1317D150F8042B96
:100DB00051F8043B9A4215D1A2EB0C03934313EA7A
:100DC000CC130BD150F8042B51F8043B9A4209D1B3
:100DD000A2EB0C03934313EACC13DBD04FF00000DB
:100DE000704700BFD01A01BAB1FA81F101F01801C1
:100DF00022FA01F0CB40C1F12001DBB2C0B2C01A2F
:100E00002CFA01F3D11A914311EAC311E6D17047CC
:100E100001491820ABBEFEE72600020070475FEADA
:100E2000400C08BF91F0000F4FEA8C234FEAC1221B
:100E300043EA51514FEA1C5018BF00F5F0404FEA09
:100E4000300018BF41F000415FEA6C5C00F029807F
:100E5000BCF1FF3F08BF40F080407047130C06BF55
:100E600012044FF0100C4FF0000C130E04BF1202CE
:100E70000CF1080C130F04BF12010CF1040C930FBA
:100E800004BF92000CF1020CD30F04BF52000CF10E
:100E9000010C11464FF00002A0F11F00A0EB0C0066
:100EA000704711F0004F08BF704731F000413FF428
:100EB000D5AF0B0C06BF09044FF0100C4FF0000C1F
:100EC0000B0E04BF09020CF1080C0B0F04BF090143
:100ED0000CF1040C8B0F04BF89000CF1020CCB0F3A
:100EE00004BF49000CF1010CCCF12003A0EB0C0075
:100EF00022FA03F302FA0CF241EA030100F10100C5
:100F0000704720F07F4C80EA030023F07F47ACEB72
:100F1000070303F57C5300F0004003F1FF032DE9C4
:100F200080494FEA154B09B44FEA144325EA0B4EAA
:100F300024EA03480FF2042606EB132749083E78FB
:100F40005FEA320203FB0667C7F5000707FB06F6F8
:100F50004FEA54374FEAD64606F1020607FB066C05
:100F6000CCF1005C4FEA1C472CEA074C07FB06F467
:100F70000CFB06F504EB15464FEA961634BF00202D
:100F80004FF000404FEAD13706FB07FC4FEA1C4CFC
:100F90000CFB0BF7D21B03FB0CF761EB07010CFBFF
:100FA0000EF7B0EB074072EB17420CFB08F734BFAB
:100FB000A2EB0742B2EB074261EB17414FEA0C4448
:100FC0004FEA910706FB07FC4FEA1C4C0CFB0BF7A2
:100FD000B0EBC74072EB573203FB0CF734BFA2EB08
:100FE000C742B2EBC74261EB57310CFB0EF7B0EBD7
:100FF000C70072EB57720CFB08F734BFA2EBC702B5
:10100000B2EBC70261EB5771039F4FEA816141EA7E
:10101000921104EBCC044FEAD1374FEA826206FB0F
:1010200007FC42EA90124FEA80604FEA1C4C0CFB2E
:101030000BF7D21B03FB0CF761EB07010CFB0EF760
:10104000B0EB074072EB17420CFB08F734BFA2EB82
:101050000742B2EB074261EB17414FEA8C554FEA6A
:10106000910704EB9C2406FB07FC4FEA1C4C0CFB8D
:101070000BF7B0EBC74072EB573203FB0CF734BFF2
:10108000A2EBC742B2EBC74261EB57310CFB0EF744
:10109000B0EBC70072EB57720CFB08F734BFA2EB42
:1010A000C702B2EBC70261EB577115EB4C254FEA53
:1010B000816141EA92114FEA82624FEAD13742EAF6
:1010C000901206FB07FC44F100044FEA80604FEAEF
:1010D0001C4C0CFB0BF7D21B03FB0CF761EB07015D
:1010E0000CFB0EF7B0EB074072EB17420CFB08F756
:1010F00034BFA2EB0742B2EB074261EB174115EB9D
:101100001C154FEA813141EA92414FEA823242EAAC
:1011100090424FEA80304FEA0C7644F1000448EAEE
:1011200003434EEA0B484FF0000EB2EB080C71EB94
:10113000030724BF624639464EEB0E0E4FF0000BFC
:101140000018524149414BEB0B0BB2EB080C71EB11
:1011500003077BF1000B24BF624639464EEB0E0EAF
:101160004FF0000B0018524149414BEB0B0BB2EB17
:10117000080C71EB03077BF1000B24BF6246394674
:101180004EEB0E0E51EA020718BF46F0010616EBB1
:101190000E7655F1000254F1000103D5BDE8890136
:1011A000BDE80088BDE88901BDE80048B619524194
:1011B00041EB0101A3F10103704780807F7E7D7CBC
:1011C0007B7A7978777676757473727171706F6ED9
:1011D0006E6D6C6C6B6A6A69686867666665646484
:1011E000636362616160605F5F5E5E5D5D5C5C5B0E
:1011F0005B5A5A595958585757565655555554547D
:10120000535352525251515050504F4F4F4E4E4DDA
:101210004D4D4C4C4C4B4B4B4A4A4A494949484826
:101220004847474747464646454545444444444366
:1012300043434342424242414141002B9C4630D409
:1012400077002BD01CB54FEA370703B44FF01000DE
:101250004FF01001BAF1000F06D0BCF1000FDCBF57
:1012600040F0080040F008014FF000000FBCBDE85E
:1012700010400BF1010BBBF1010F08BF5FEA17072C
:1012800022BF12F1010211F101014FF0004143F1BF
:10129000000300F0004043EA00007047F9D357080C
:1012A000D0E746EA064613F1400F4FEA16461FDD27
:1012B00013F1200FDFBF16430A46002120335B42A3
:1012C000BED0C3F1200746EA064602FA07F74FEA06
:1012D000164646EA0706C3F1200722FA03F201FA8E
:1012E00007F721FA03F14FF0000342EA0702A7E7EC
:1012F00046EA020646EA06464FEA164646EA01066E
:10130000BCBF46EA0646360C4FF000034FF0000221
:101310004FF0000194E72DE9804C9A46934670B453
:1013200091E8380007C831EA400C48BF34EA430C62
:1013300003D5FFF7E6FDFFF780FFF0BCBDE8008CAA
:101340002DE9804C9A46934670B491E8380007C85E
:1013500010F0804F08BF13F0804F03D100F005F864
:10136000FFF76BFFF0BCBDE8008C20F07F4780EA00
:10137000030023F07F4C07EB0C03A3F57C5300F034
:101380000040A3F1FE0392F0000F00F0B38095F04F
:10139000000F00F077802DE901494FEA11404FEA34
:1013A000144621EA004800FB06FC24EA064708FB35
:1013B00006F607FB08F800FB07F718EB06484CEBAE
:1013C000164C4FEA124B18EB07484FEA15464CEB08
:1013D000174022EA0B4E0BFB06FC25EA06470EFBE4
:1013E00006F607FB0EFE0BFB07F71EEB064E4CEB5B
:1013F000164C4FF000061EEB074E4CEB174B18EB4C
:101400000B0840F1000018EB0E0B58EB000840F100
:1014100000008F1A4FF000013CBFC943661B14BF88
:10142000B5EB040C00213CBFC943F61B4FEA17443F
:101430004EEA8E0E27EA04454FEA1C4704FB07627A
:101440002CEA074C05FB07F70CFB05F604FB0CFC2C
:1014500016EB074642EB174216EB0C4642EB1C42DA
:101460001BEB060658EB0202414146EA9E0601D5F7
:10147000BDE80189B619524141EB0101A3F1010315
:10148000BDE801894FEA14454FEA114724EA0546B1
:1014900021EA074C05FB07F406FB07F70CFB06F1F6
:1014A00005FB0CFC11EB074144EB17444FEA1247D4
:1014B00011EB0C4144EB1C4422EA074C05FB07F2FC
:1014C00006FB07F70CFB06F605FB0CFC16EB0746C4
:1014D00042EB174216EB0C4642EB1C456A1854F1DE
:1014E000000148BF7047B619524141EB0101A3F119
:1014F0000103704795F0000F37D04FEA11424FEAD1
:10150000144721EA024624EA074C02FB07F106FBD6
:1015100007F70CFB06F402FB0CFC14EB074441EB51
:1015200017414FEA154714EB0C4441EB1C4125EAE7
:10153000074C02FB07F506FB07F70CFB06F602FB60
:101540000CFC16EB074645EB174516EB0C4645EB36
:101550001C42121951F1000148BF7047B61952419F
:1015600041EB0101A3F1010370474FEA14454FEA33
:10157000114724EA054621EA074C05FB07F106FB63
:1015800007F70CFB06F24FF0000605FB0CFC12EB14
:10159000074241EB174112EB0C4251EB1C4148BF93
:1015A0007047921841EB0101A3F101037047FEE778
:1015B00011484188491C89B2418009291AD9002162
:1015C00041800C30C288521C92B2C280092A11D9C3
:1015D0008288521C92B28280C180052A0AD9428830
:1015E000521C92B242808180092A03D90288521C7F
:1015F0000280418070470000F4000020012000F0CC
:101600000DB8000010B50221034800F01DFA0128B2
:1016100000D0002010BD000000080140044B08B1BC
:10162000012200E000220221184600F012BA000058
:10163000000801402DE9F05F82468B460020FFF74D
:10164000EDFF142003F075FC012202211C4800F07C
:1016500000FA3C2004F070FFFFF7D4FF4FF0FF3991
:1016600058BB4FF47A742146012000F04EF820BB9D
:101670002146002000F049F8F8B900F023F8C5B27F
:1016800000F020F800F0FF0800F01CF8C4B200F0F1
:1016900019F8C7B200F016F8C6B20120FFF7BEFF76
:1016A00005EB080020443844B04206D1CAF8005087
:1016B0000020CBF80040BDE8F09F4846FBE7000063
:1016C000000801402DE9F04100242546671E4FF433
:1016D0007A763146012000F018F870B9282004F01D
:1016E0002BFF6400FFF78EFF012801D144F00104B5
:1016F0003146002000F009F810B13846BDE8F0810D
:101700006D1C082DE5DB2046F8E770B50C46054654
:1017100008E0FFF777FFA84201D1002070BD01204B
:1017200004F00AFF641EF4D24FF0FF3070BD704722
:10173000082000F08DB8102000F08AB810B52020E5
:1017400000F086F8BDE81040402000F081B872B685
:10175000FEE7000070B5044600F080F90546601C05
:1017600002D004480078044400F078F9401BA042FD
:10177000FAD370BD000000202DE9F84F054605F0B2
:101780000BFD2E4C216A401AC8282BD305F004FD0E
:1017900020622B482B4FDFF8B0A02C4E4FF00108F1
:1017A0004FF40059402D1FD0202D2BD0102D37D0B5
:1017B000082D17D1082100F047F9012812D130680F
:1017C00001280FD1386800280CD18DF80380002340
:1017D0001A466946E06A05F03FFB0022494650463A
:1017E00000F037F9BDE8F88F402100F02DF901280D
:1017F000F8D130680128F5D138680028F2D18DF889
:101800000080E4E7202100F01FF90128EAD13068C8
:101810000128E7D138680028E4D18DF80180D6E7A7
:10182000102100F011F90128DCD130680128D9D14C
:1018300038680028D6D18DF80280C8E71000002053
:1018400000080140F000002000100140EC000020E2
:10185000044910B50A68024202D00860FFF78CFF05
:1018600010BD0000140401402DE9F84FDFF8B891D5
:101870000024A9F1040B23460F2709F1040AABF158
:10188000040EC9E00125A5402A40AA427DD1674E39
:10189000D1F804C0ACEB0608B44532D014DCBCF17E
:1018A000030F3AD009DCBCF1000F2AD0BCF1010FC4
:1018B0001CD0BCF1020F31D11DE0BCF1110F17D0CB
:1018C000BCF1120F2AD119E0B8F5881F19D006DC37
:1018D000B8F5803F15D0B8F5801F1FD111E0B8F5DD
:1018E000001F0ED0B8F5041F18D10AE0CB6815E030
:1018F000CB681B1D12E0CB6808330FE0CB680C33BC
:101900000CE08B682BB1012B4FF0080303D045612D
:1019100004E0042302E0056100E00023FF2A01D86F
:10192000064601E000F104064FEA840501D9A5F15D
:101930002005D6F8008007FA05FC28EA0C0803FA0F
:1019400005F548EA0508C6F800804D68ED0062D547
:10195000374DAE6946F00106AE61AD6924F003066D
:1019600005F001050095334D06EB050CDCF8085039
:10197000A607360F07FA06F825EA0805DFF8B8804B
:10198000404503D14FF0000817E044E0DFF8AC8099
:10199000404502D14FF001080FE0DFF8A480404538
:1019A00002D14FF0020808E0DFF89880404502D1EC
:1019B0004FF0030801E04FF0040808FA06F848EA7F
:1019C0000508CCF808804D68D9F80060ED024D4656
:1019D00001D5164300E096432E604D68DAF80060AA
:1019E000AD02554601D5164300E096432E604D6882
:1019F000DBF80060AD035D4601D5164300E0964379
:101A00002E604D68DEF80060ED03754601D5164383
:101A100000E096432E60641C0D682A46E5407FF482
:101A200031AFBDE8F88F000008040140000011103C
:101A3000001002400000014000080140000C01407D
:101A400000100140001401408068084000D00120CF
:101A500070470AB1016170470904FBE701488068DB
:101A6000704700000000002070B5040025D094F8F5
:101A70003D00002520B984F83C50204600F078FA5B
:101A8000242084F83D002068016821F001010160F4
:101A90002068016841F4004101602068016821F478
:101AA0000041016000F040FC4D4A6168914201D85C
:101AB0004C4900E04C49884201D2012070BD4B499D
:101AC0002368B0FBF1F15E6826F03F060E435E60CE
:101AD0006368934206D94FF4967359434FF47A736F
:101AE000B1FBF3F12368491C1E6A26F03F0631431F
:101AF00019626168914210D84900401EB0FBF1F2B2
:101B0000521CC2F30B02042A01D2042022E0B0FBD3
:101B1000F1F0401CC0F30B001CE0A268F2B301EB33
:101B2000C10303EB0116431EB3FBF6F35B1C43F446
:101B300080431B0549D092B301EBC10202EB0111B6
:101B4000401EB0FBF1F0401CC0F30B0040F480409D
:101B500040F400402168CA694CF6FF739A43104371
:101B6000C861D4E9071001432068026822F0C0026E
:101B700011430160D4E9030101432068826848F2FF
:101B8000FF339A4311438160D4E90501084321687A
:101B9000CA6822F0FF021043C86001E00EE016E0C0
:101BA0002068016841F0010101602564202084F86B
:101BB0003D00256384F83E50002070BD01EB4106D6
:101BC000431EB3FBF6F35B1CB3E70120C2E701EB56
:101BD0004101401EB0FBF1F0401CC0F30B00B7E721
:101BE000A086010080841E0000093D0040420F00D5
:101BF0002DE9FF4F83B00025DDE910799A46934621
:101C00000446DDF848800095FFF728FF064694F863
:101C10003D0020287CD119230122854920460096C9
:101C200001F068F90028F5D194F83C0001286FD044
:101C3000012084F83C0020680168C90703D10168CD
:101C400041F0010101602068016821F40061016038
:101C5000222084F83D00402084F83E00256467621D
:101C6000A4F82A90608D20857248E062CDE9008654
:101C700053465A462046049901F03EF800287DD18B
:101C8000208DDFF8B491202768B1012814D00228F4
:101C9000206801681ED041F48061016020684169BC
:101CA00080690090B6E0206841698169009101680F
:101CB00041F400710160ADE02068016821F48061A9
:101CC000016072B62068416981690091016841F440
:101CD00000710AE041F40061016072B62068416958
:101CE00081690091016821F48061016062B691E030
:101CF000032868D801280CD0022843464FF0000280
:101D00004946204600960FD001F0F4F8B0BB10E031
:101D10008BE032464146204601F092F970BB2068C4
:101D20000069616A08706CE001F0E4F830BB72B6DB
:101D300034E02068016821F48061016072B6206897
:101D40000069616A0870606A401C6062208D401EF4
:101D50002085608D401E6085384846F2A8110068D5
:101D6000B0FBF1F0C0EBC00000EB80000090401E23
:101D7000009008D020684069C04300E029E0400797
:101D80000CD50098F3E744F8305F6773A5732069BA
:101D900040F02000206162B625731AE020680168D7
:101DA00041F40071016020680069616A0870606A2E
:101DB000401C6062218D491E2185618D491E61850F
:101DC00062B621681BE032464146204601F038F9F0
:101DD00018B1012007B0BDE8F08F20680069616A82
:101DE0000870606A401C6062218D491E2185618DEA
:101DF000491E618521684A69D24352070AD409699C
:101E00000170606A401C6062208D401E2085608DDC
:101E1000401E6085208D00287FF46AAF84F83D70F5
:101E200084F83E5084F83C50D4E70220D2E700000A
:101E3000020010000000FFFF040001000C00002061
:101E40002DE9FF4F83B09A46DDE91197934604468A
:101E5000DDF84080FFF702FE054694F83D0020289B
:101E60007FD11923012240492046009501F042F814
:101E7000002876D194F83C00012872D0012084F823
:101E80003C0020680168C90703D1016841F00101E5
:101E900001602068016821F400610160212084F85C
:101EA0003D00402084F83E0000262664C4F82480CB
:101EB000A4F82A90608D20852C48E062CDE9007559
:101EC00053465A462046049900F094FF70B930E01A
:101ED0002A463946204601F0EBF858B1206C042818
:101EE00004D12068016841F400710160012007B04D
:101EF000BDE8F08F606A216800780861606A401C64
:101F00006062218D491E89B22185628D521E6285D3
:101F100022685369DB435B070BD469B10078106119
:101F2000606A401C6062208D401E2085608D401ECE
:101F30006085208D0028CBD12A463946204600F006
:101F4000ADFF0028CAD154F83D0B016841F400717F
:101F50000160202004F81E09E67766770020C6E7B6
:101F6000FFE70220C3E70000020010000000FFFFAF
:101F700030B585B0002100910191029103911E4D71
:101F800003681E4C122103221D48AB4216D1A369DF
:101F900043F00803A361A369039203F008030493C9
:101FA000C023CDE900316946FFF75EFCE06940F4EB
:101FB0000010E061E06900F4001019E0114DAB423F
:101FC00017D1A36943F00803A361A369039203F047
:101FD000080304934FF44063CDE900316946FFF7ED
:101FE00043FCE06940F48000E061E06900F48000B7
:101FF000049005B030BD00000054004000100240C5
:10200000000C0140005800400248816802781144E9
:102010008160704700000020074810B5016841F05A
:1020200010010160032000F0B7F80F2000F006F85F
:1020300000F050F8002010BD0020024030B50546E9
:102040001F4887B0C16941F00401C161C06906A998
:1020500000F00400009001A800F046F90498B0B127
:1020600000F062F940001749174AB0FBF1F1174838
:10207000491E0260416040F2E7320021C0E90321BD
:102080008160816100F07AFB040003D015E000F06C
:102090004BF9E8E70D4800F0CFFB04000DD11E20FE
:1020A00000F04DF8102D07D2002229461E2000F026
:1020B00053F80748056000E0012407B0204630BD12
:1020C0000010024040420F00000800405C02002067
:1020D000040000200F4808B5816941F001018161C9
:1020E000816901F001010091C16941F08051C16134
:1020F000C069002200F0805000900F21901E00F077
:102100002BF80548416821F0E06141F00071416021
:1021100008BD0000001002400000014000280DDB57
:1021200000F01F02012191404009800000F1E020F1
:10213000C0F88011BFF34F8FBFF36F8F7047002837
:1021400009DB00F01F02012191404009800000F1ED
:10215000E020C0F800117047F0B40E4B1B680C462D
:10216000C3F30223C3F10705042D00D90425191D6B
:10217000072901D2002300E0DB1E012606FA05F143
:10218000491E214099409E40761E16403143F0BCC6
:1021900002F0D1BB0CED00E0064900F00702086830
:1021A0004FF6FF03184040EA0220034A104308603C
:1021B000704700000CED00E00000FA052DE9F04743
:1021C0000F46050061D0434E306800F00700B8426A
:1021D00009D2306820F0070038433060306800F0E2
:1021E0000700B84251D128683B4C810712D54007FF
:1021F00003D5606840F4E06060602878000703D58C
:10220000606840F4605060606068A96820F0F00089
:10221000084360602878C00728D06868012810D07B
:102220002168022810D0890700292EDA616821F080
:10223000030101436160FFF711FC804641F28839D8
:102240000DE021688903EFE78901EDE7FFF706FC60
:10225000A0EB0801494502D90320BDE8F08760687A
:10226000696800F00C00B0EB810FEFD1306800F02E
:102270000700B8420BD9306820F0070038433060BF
:10228000306800F00700B84201D00120E5E7287867
:10229000400705D56068E96820F4E06008436060A5
:1022A0002878000706D56068296920F4605040EA64
:1022B000C100606000F048F86168084AC1F303118A
:1022C000515CC8400649086006480068FFF7B6FE42
:1022D0000020C2E700200240001002406284000893
:1022E0000C000020040000200F2202600C4A5368FA
:1022F00003F003034360536803F0F0038360536803
:1023000003F4E063C36052684FF4E06303EAD2026F
:1023100002610448006800F0070008607047000090
:102320000010024000200240044805490068496846
:10233000044AC1F30221515CC84070470C000020E0
:1023400000100240728400080E4A51680E4801F0E5
:102350000C03042B11D0082B0FD10C48C1F383437D
:10236000C903C05C0AD55168084AC1F34041921EB6
:10237000515C054A5043B0FBF1F0704704494843B3
:10238000704700000010024000127A0052840008DA
:1023900000093D002DE9F84F040070D02078C04DB1
:1023A000C00749D06868C0F38100012807D0686879
:1023B000C0F38100022809D16868C00306D52868E7
:1023C000800339D560680028E7D035E06068B0F553
:1023D000803F0BD010B1B0F5A02F11D0286820F4A9
:1023E00080302860286820F4802002E0286840F4CB
:1023F00080302860606890B1FFF730FB06460AE045
:10240000286840F480202860F0E700BFFFF726FB33
:10241000801B642873D828688003F7D50CE0FFF789
:102420001DFB064605E000BFFFF718FB801B642874
:10243000F0D828688003F7D420789A4E80074FF0B0
:1024400001094FF0000839D5686810F00C0F07D06B
:102450006868C0F38100022809D16868C00306D407
:102460002868800714D52069012808D110E0206968
:10247000B0B1C6F80090FFF7F1FA074605E00AE1AF
:10248000FFF7ECFAC01B0228C4D828688007F7D5EC
:102490002868616920F0F80040EAC10028600DE07A
:1024A000C6F80080FFF7DAFA074604E0FFF7D6FA2D
:1024B000C01B022823D828688007F7D4207800079B
:1024C0002CD57948A169D9B1C0F80090FFF7C6FAB8
:1024D000074604E0FFF7C2FAC01B02280FD8686A5B
:1024E0008007F7D571484FF4FA510068B0FBF1F05E
:1024F000009000BF0098411E0091FAD20EE080E0EB
:10250000C0F80080FFF7AAFA074604E0FFF7A6FA32
:10251000C01B022875D8686A8007F7D42078400766
:1025200060D5E8690027C00008D4E86940F0805011
:10253000E861E869012700F0805000905C4801687C
:10254000C90513D40168834641F480710160FFF727
:1025500085FA824606E000BFFFF780FAA0EB0A008A
:1025600064284ED8DBF80000C005F5D5E0680128E6
:102570000AD008B1052813D0286A20F0010028628B
:10258000286A20F0040002E0286A40F00100286276
:10259000E06841F2883B98B1FFF760FA82460BE0B1
:1025A000286A40F004002862EEE700BFFFF756FA01
:1025B000A0EB0A0159455AD8286A8007F6D50CE0E5
:1025C000FFF74CFA824605E0FFF748FAA0EB0A0154
:1025D00059454CD8286A8007F6D41FB1E86920F025
:1025E0008050E861E06988B36968C1F3810102291C
:1025F00044D00228C6F8608004D0FFF72FFA0446C2
:1026000038E034E0FFF72AFA074604E0FFF726FA3D
:10261000C01B02282BD828688001F7D4206AB0F5A7
:10262000803F05D16868A16820F4003008436860E5
:10263000D4E908010843696821F47411084368600B
:10264000C6F86090FFF70AFA044606E025E000BFEE
:10265000FFF704FA001B022809D828688001F7D583
:102660001BE000BFFFF7FAF9001B022802D9032084
:10267000BDE8F88F28688001F4D40EE00128F7D077
:102680006868226A00F48031914204D1616A00F4E2
:102690007010884201D00120EAE70020E8E700003E
:1026A0000010024000004242800442420C00002020
:1026B000007000407047704770B590F83C20012AC8
:1026C00026D0012480F83C40022280F83D20036897
:1026D0005A689D6822F070060A6832435A600D4BB2
:1026E00002689A4208D0B2F1804F05D00A4B9A4254
:1026F00002D00A4B9A4204D1496825F0800319435D
:10270000916080F83D40002180F83C10084670BD83
:10271000022070BD002C0140000400400008004071
:1027200010B50446022084F83D002068016A41F299
:102730001112114207D1016A9210114203D10168AE
:1027400021F001010160204600F046F8002084F8E5
:10275000460084F83E0084F83F0084F8400084F886
:10276000410084F8420084F8430084F8440084F86F
:10277000450084F83D0084F83C0010BD10B504000D
:1027800003D094F83D0010B107E0012010BD0020F7
:1027900084F83C00204600F031F8022084F83D0027
:1027A000211D206801F06AFF012084F8460084F8AA
:1027B0003E0084F83F0084F8400084F8410084F82B
:1027C000420084F8430084F8440084F8450084F80B
:1027D0003D00002010BD000000680649884207D176
:1027E0000548816921F4006181611820FFF796BCDA
:1027F00070470000002C01400010024008B500683E
:102800000B49884212D10B48816941F40061816112
:102810008069002200F40060009005211820FFF775
:102820009BFCBDE808401820FFF789BC08BD0000EC
:10283000002C01400010024090F83D10012901D009
:1028400001207047022180F83D100168CA6842F0FB
:102850000102CA6000680B49884208D0B0F1804F7D
:1028600005D00949884202D00849884204D18168CC
:1028700001F00701062903D0016841F00101016060
:1028800000207047002C0140000400400008004078
:1028900070B5044690F83C000025012817D00126A9
:1028A00084F83C60022084F83D002068826822F0B1
:1028B000770222F47F4282600868502838D00DDC0D
:1028C00020284FD005DC90B3102811D14AE0022017
:1028D00070BD302846D040280AD13BE060282FD078
:1028E00070280DD0B0F5805F03D0B0F5005F12D036
:1028F000012584F83D60002084F83C00284670BD26
:10290000CB68D1E90121206801F0FBFE20688168D5
:1029100041F0770109E0CB68D1E90121206801F09D
:10292000F0FE2068816841F480418160E1E719E0B0
:10293000CA684968206801F099FF5021206806E0C4
:10294000CA684968206801F0A2FF6021206801F090
:10295000E2FECEE7CA684968206801F087FF40219F
:102960002068F4E7226801461046F0E7704770B52A
:102970000446006801694FF00005C943890715D472
:10298000C168C943890711D4E91E0161012020777C
:10299000206880698007204602D0FFF7E7FF04E047
:1029A00000F098F8204600F0FCF8257720680169CF
:1029B000C943490717D4C168C943490713D46FF005
:1029C00004010161022020772068806910F4407FB3
:1029D000204602D0FFF7CAFF04E000F07BF8204653
:1029E00000F0DFF8257720680169C943090716D48C
:1029F000C168C943090712D46FF0080101610420BE
:102A000020772068C0698007204602D0FFF7AEFF1C
:102A100004E000F05FF8204600F0C3F82577206856
:102A20000169C943C90617D4C168C943C90613D48B
:102A30006FF010010161082020772068C06910F450
:102A4000407F204602D0FFF791FF04E000F042F8FB
:102A5000204600F0A6F8257720680169C943C90718
:102A600008D1C168C943C90704D1891E0161204644
:102A700000F01EF920680169C943090609D4C1683C
:102A8000C943090605D46FF0800101612046FFF7B4
:102A900011FE20680169C943490609D4C168C943C8
:102AA000490605D46FF040010161204600F00AF9A3
:102AB00020680169C94389060BD4C168C9438906E6
:102AC00007D46FF0200101612046BDE87040FFF798
:102AD000F2BD70BD704770B5044690F83C0000260A
:102AE0000D4601280FD0012084F83C006AB1042A69
:102AF0001DD0082A2FD00C2A3FD00126002084F8B0
:102B00003C00304670BD022070BD206801F00CFE14
:102B10002068816941F0080181612068816921F0A4
:102B200004018161206881692A69114311E02068EC
:102B300001F022FE2068816941F400618161206812
:102B4000816921F480618161206881692A6941EA93
:102B500002218161D2E7206801F03AFE2068C16954
:102B600041F00801C1612068C16921F00401C1611F
:102B70002068C1692A69114311E0206801F054FE00
:102B80002068C16941F40061C1612068C16921F414
:102B90008061C1612068C1692A6941EA0221C1617D
:102BA000ACE7704710B50446022249B104290ED0A3
:102BB000082913D094F84100012816D0012010BD37
:102BC00094F83E000128F9D184F83E200FE094F8F3
:102BD0003F000128F2D184F83F2008E094F840003B
:102BE0000128EBD184F8402001E084F84120012243
:102BF000206801F079FD0F492068884203D1426CBA
:102C000042F4004242642068884208D0B0F1804F0C
:102C100005D00949884202D00849884204D1816818
:102C200001F00701062903D0016841F001010160AC
:102C3000002010BD002C01400004004000080040AE
:102C400030B504460D460068002201F04DFD174BDB
:102C500041F2111120688A10984209D1036A0B428F
:102C600006D1036A134203D1436C23F40043436447
:102C70002068036A0B4206D1016A114203D1016840
:102C800021F00101016001203DB1042D08D0082D83
:102C900009D084F84100002030BD84F83E00FAE7F6
:102CA00084F83F00F7E784F84000F4E7002C014087
:102CB00000680349884201D1FFF7A6B970470000B8
:102CC000000800407047FEE701684A69D243520598
:102CD0000FD46FF480624A61002140F8301F202237
:102CE00042738173026942F00402026101730120A0
:102CF00070470020704700002DE9F84F0446006837
:102D000089460B9D01689846174641F48061016031
:102D10002068016841F48071016000954FF0011B4B
:102D20000022594620460A9B00F0E4F84FF4007A4E
:102D300040B120680068C00501D5C4F840A0032058
:102D4000BDE8F88F216809F0FE0008612B4628498C
:102D500020460A9A00F016F9F0BB206841698069A4
:102D600000902A4620460A9900F0A2F940B1206C52
:102D700004283AD12068016841F40071016034E010
:102D8000FEB2B8F1010F09D02168380A08612A465D
:102D900020460A9900F08CF90028E8D120680661E5
:102DA0002A4620460A9900F083F90028DFD12068DE
:102DB000016841F480710160009500225946204667
:102DC0000A9B00F097F80028B3D1216809F0FF00B2
:102DD00040F00100086100E007E02B46044920466E
:102DE0000A9A00F0CFF80028AAD00120A8E7000036
:102DF000020001002DE9F843044600680D46DDE9B4
:102E0000089701689846164641F4807101604B4668
:102E100000224FF001112046009700F06BF848B1F6
:102E200020680068C00502D54FF4007020640320BC
:102E3000BDE8F883216805F0FE0008613B464A467C
:102E40001549204600F09EF888B9206841698069DC
:102E500000903A464946204600F02AF948B1206CD5
:102E6000042804D12068016841F400710160012048
:102E7000DEE7F5B2B8F1010F09D02168300A086128
:102E80003A464946204600F013F90028E7D1206869
:102E900005610020CCE700000200010070B5164675
:102EA0000D4604461EE02046FFF70EFF08B1012044
:102EB00070BD681C16D0FEF7D1FD801BA84200D85B
:102EC00085B920684069C04340070BD5002044F80D
:102ED000300F20216173A073216941F0200121612D
:102EE0002073E4E720684069C0434007DBD400203A
:102EF00070BD00002DE9F047984617460D46044680
:102F0000C1F30746DDF820902AE000BFB8F1FF3F8B
:102F100026D0FEF7A3FDA0EB0901414502D8B8F188
:102F2000000F1DD12068012E16D0806925EA00000F
:102F30000004000C12D00020B84211D1002044F847
:102F4000300F20216173A073216941F020012161BC
:102F500020730120BDE8F0874069E7E70120EBE737
:102F60002068012E0AD0806925EA00000004000CC8
:102F700006D00020B842C9D00020EBE74069F3E753
:102F80000120F7E72DE9F047984616460D4604461E
:102F90004FF000094FF0200AC1F3074723E02068F3
:102FA0004069C043400515D42068016841F40071B0
:102FB000016021686FF480604861C4F8309084F843
:102FC0003DA084F83E90216C41F00401216484F816
:102FD0003C9021E0701C06D0FEF740FDA0EB0800FD
:102FE000B04203D816B1012F1FD021E02068012F75
:102FF00015D0806925EA00000004000C18D000BF3D
:1030000044F8309F84F80DA084F80E90216941F0B7
:103010002001216184F80C900120BDE8F08740690F
:1030200025EA00000004000CEAD12068406901E0B4
:103030002068806925EA00000004000CAFD1ECE7AD
:103040002DE9F041002590460E460446202728E051
:103050004069C043C0060CD454F8301B6FF0100018
:10306000486144F810596777A577206A2062257770
:1030700014E0FEF7F3FCA0EB0800B04200D886B9DC
:1030800020684069C04340060BD544F8305F677341
:10309000A573206940F02000206125730120BDE860
:1030A000F08120684169C9434906D1D40020F6E780
:1030B00070B516460D4604461EE02046FFF704FE96
:1030C00008B1012070BD681C16D0FEF7C7FC801B3C
:1030D000A84200D885B920684069C04300060BD5D6
:1030E000002044F8300F20216173A073216941F062
:1030F000200121612073E4E720684069C043000695
:10310000DBD4002070BD00007CB501F0D7FD39484C
:103110000090002301224FF47A7137A004F082F965
:10312000374C00230122606236480090642136A0AB
:1031300004F078F90421A0620022084603F040FD63
:10314000E062334A0021334801F070FF20632046DB
:103150001824CDE90040002380222FA1324803F03B
:10316000AFFF27480023001DCDE9004080222FA19A
:10317000324803F0A5FF22484FF480750830CDE9AE
:10318000004000232A462EA1324803F099FF1C4834
:1031900000231030CDE9004080222FA1334803F0F6
:1031A0008FFF174800231830CDE90040802230A15E
:1031B000334803F085FF124800231C30CDE900405E
:1031C0002A4630A1334803F07BFF0D4800230C3022
:1031D000CDE90040802230A1344803F071FF084857
:1031E00000231430CDE900402A4631A1354803F0D0
:1031F00067FF7CBDB548000854696D6572310000F9
:1032000010000020B115000854696D65723200008D
:103210007C840008A945000853686F7754696D6580
:103220005461736B000000000144000853686F771D
:103230004D656E755461736B000000001940000805
:1032400053686F7743616C656E6461725461736B30
:1032500000000000313A000853686F77466C6173D4
:10326000684C696768745461736B0000653F0008BF
:1032700053686F7744485431315461736B000000D8
:103280002D3E000853686F77424D503238305461FC
:10329000736B0000C138000853686F77436C6F632D
:1032A0006B54696D655461736B000000C13C00088C
:1032B00053686F7753657474696E675F5461736B9D
:1032C000000000007D410008F0B585B000253448BD
:1032D0000095019502950395816941F01001816186
:1032E000816901F010010491816941F0200181613F
:1032F000816901F020010491816941F0040181613B
:10330000816901F004010491816941F00801816142
:103310008069244E00F008004FF40054049000220D
:1033200021463046FEF795FB1F4F0022022138460A
:10333000FEF78FFB00940124CDE901450225694683
:1033400030460395FEF790FA1120CDE9005069460A
:103350003846CDE90245FEF787FA782000901348F9
:10336000CDE9010469463846FEF77EFA00220521C0
:103370000920FEF7F1FE0920FEF7E1FE00220521FB
:103380000A20FEF7E9FE0A20FEF7D9FE00220521F9
:103390001720FEF7E1FE1720FEF7D1FE05B0F0BDC5
:1033A0000010024000100140000801400000111010
:1033B0000D4810B50B4901600C49416000214FF4E4
:1033C00080428160C0E9031241618161C161016293
:1033D000FEF74AFB002803D0BDE81040FEF7B7B95E
:1033E00010BD0000005400406C010020801A06004F
:1033F0000D4810B50B4901600C49416000214FF4A4
:1034000080428160C0E9031241618161C161016252
:10341000FEF72AFB002803D0BDE81040FEF797B95D
:1034200010BD000000580040C0010020801A0600B6
:1034300010B586B0002419480094019402940394B6
:10344000049415490594016041F61F41C0E9011437
:1034500042F20F71C1604FF48071C0E90414802101
:103460008161FFF78BF908B1FEF771F94FF48050D5
:10347000009069460948FFF70BFA08B1FEF767F9B3
:10348000049404A905480594FFF716F9002801D013
:10349000FEF75DF906B010BD002C014014020020BB
:1034A000FEE7FEE770B5002404F1B000C0B200F002
:1034B0000FF9002000F00CF9102000F009F90025A8
:1034C000002000F017F96D1CEDB2802DF8D3641CBC
:1034D000E4B2082CE8D370BD10B58D2000F0F8F8E8
:1034E000142000F0F5F8BDE81040AF2000F0F0B86F
:1034F00070B5C820FEF72EF9044D0024285D00F0B9
:10350000E7F8641CE4B2172CF8D370BDC4000020A7
:1035100070B5002404F1B000C0B200F0D9F800206A
:1035200000F0D6F8102000F0D3F80025FF2000F0BE
:10353000E1F86D1CEDB2802DF8D3641CE4B2082CC8
:10354000E8D370BD10B50446B031C8B200F0C0F881
:10355000102040EA141000F0BBF804F00F00BDE8A2
:10356000104000F0B5B800002DE9F047203A0024E3
:10357000089E0F468146D5B27F2803D900208F1CB4
:103580008146FFB2102B394612D0FFF7DBFF1B49F3
:1035900005EB450001EB4005285D0EB1C043C0B20C
:1035A00000F0A8F8641CE4B2062CF5D3BDE8F0875F
:1035B000FFF7C8FFDFF8488004EB051118F8010099
:1035C0000EB1C043C0B200F095F8641CE4B2082C00
:1035D000F2D37F1CF9B24846FFF7B4FF00244746F8
:1035E00004EB05103844007A0EB1C043C0B200F0BD
:1035F00081F8641CE4B2082CF2D3D7E7A084000859
:10360000C88600082DE9FF4F81B00026DDE90EA92C
:103610001D469346804634464FEA5A0727E0281B4A
:10362000401EC1B20A2001F0A2FCBBFBF0F00A214F
:10363000B0FBF1F201FB120026B9691E8C4201DADF
:1036400048B101263030C2B207FB0480C0B25346F5
:10365000CDF8009006E007FB0480C0B2534620225C
:10366000CDF800900299FFF77FFF641CE4B2AC42F2
:10367000D5D305B0BDE8F08F2DE9F8431E461746B7
:10368000894604460025DDF8208014E0334649468B
:103690002046CDF80080FFF767FF0C2E10D00834CD
:1036A000E4B27A2C01D90C2E0CD0782C01D9102E32
:1036B00008D06D1CEDB27A5D002AE7D1BDE8F88331
:1036C000A41DEDE709F10100002400F0FF09F0E777
:1036D00001B584B001214FF4807204A88DE8070081
:1036E0000B46002278210248FEF7AAFB05B000BD78
:1036F0006C01002001B584B001214FF4807204A850
:103700008DE807000B46402278210248FEF798FB1F
:1037100005B000BD6C010020010004484FF000011D
:10372000006801D0FFF73EBAFFF78ABABC0000205C
:1037300070B58CB01C216846FCF774FF4FF48070A4
:103740000225CDE90705002407A91048CDE9094560
:10375000FEF78AF80F4E0E484722316815C140F235
:10376000E732E1E80224802261E8044200F086FFAB
:1037700060200090049440F2F310CDE9010500228E
:1037800069463068FFF7A7F90CB070BD000801402A
:10379000002C0140BC0000202DE9F04188B0884693
:1037A00006461C216846FCF73DFF1A4C00212068A4
:1037B000FFF746FA2068FEF7B3FF20681649002598
:1037C00001604721C0E90115144F97FBF6F1491E2E
:1037D000C0E903158021C0E90551FEF7CFFF602045
:1037E00000900220029097FBF6F0401E00FB08F0CC
:1037F000642190FBF1F00495019000226946206855
:10380000FFF769F900212068FFF7CCF908B0BDE89F
:10381000F0810000BC000020002C014040420F005D
:10382000F8B51A4C0025A4F1240620680095C117AC
:1038300000EB5170C0F3C7013079102314A2FFF7D9
:103840001BFF60680095C11700EB5170C0F3C70102
:103850003079102311A2FFF70FFFA0680095C11760
:1038600000EB5170C0F3C701307910230EA2FFF7AF
:1038700003FFE0680095C11700EB5170C0F3C7016A
:10388000307910230BA2FFF7F7FEF8BD2C010020C2
:103890007468616E6B20796F75000000666F6C6CE8
:1038A0006F77696E670000006D792070726F6A65CE
:1038B0006374000040636873266D7A6B000000003B
:1038C000A6B001F0FBF94A4D286820B1012251034E
:1038D0004848FEF7BEF8FFF70BFEFFF7E3FD22A80E
:1038E00001F019F97620ADF85C004348189022A940
:1038F0000EA801F0ACF89DF86A00602876D0002789
:103900000024A8464FF47A79CDF88440FFF7CAFD29
:1039100020AB1EAA1FA90EA801F08EF91F9804F073
:103920008DFB05460E461E9804F088FB2A4633465A
:1039300001F088FA05460E461E9804F07FFB024609
:103940000B462EA101A8FCF753FD0021102301AA6C
:1039500008460094FFF790FE1F9804F06FFB0246A4
:103960000B4629A101A8FCF743FD102301AA02215F
:1039700000200094FFF780FE2A46334625A101A8C7
:10398000FCF736FD102301AA042100200094FFF764
:1039900073FE7FB1209804F051FB02460B4620A134
:1039A00001A8FCF725FD102301AA062100200094A0
:1039B000FFF762FE4A4621A9D8F8000003F0AAFAF0
:1039C0000128A3D19DF8870001289FD1642140F6EA
:1039D000C41001F05BF91548006802F07BFF00207D
:1039E00002F0FAFF8DF8874090E7FFE7012787E7AD
:1039F0003C00002000100140C00100207072653AB8
:103A000020252E306600000074656D703A20252E4A
:103A100031660000616C743A20252E31660000008A
:103A200068756D3A20252E316600000014000020D4
:103A3000B0B001F043F96248006820B1012251039F
:103A40006048FEF706F8FFF753FDFFF72BFD6022F5
:103A50005D4901A8FCF7ACFD5B491822603121A843
:103A6000FCF7A6FD58480DF1680C78300FC88CE8BB
:103A70000F00554A1EAB883207CA83E80700524937
:103A80001822943128A8FCF793FD002081460126D6
:103A90000DF1680805462790FFF704FD00240DF19D
:103AA000840A474604EB440101EB0A020095B8463C
:103AB00017F814000C230121FFF7DEFD641C062C0F
:103AC000F0DD304601F042FA83464FF4FD6001F02C
:103AD000EDF984B201224FF0070A09E0104601F027
:103AE00035FA011991FBFAF30AFB131084B2521C48
:103AF000B242F3D301272E9421E000BFB4FBFAF1C8
:103B00000AFB11402E99641CC1F10701B94201D38F
:103B1000002103E018B909F10101C9B2894607EB98
:103B2000470201A91EAB00950A4433F8191018F892
:103B30001000C1F3C7010C23FFF79EFD7F1C5F45FA
:103B4000DCD92798009500EB400101A80A180C2346
:103B500004217520D21CFFF78FFD19484FF0FF326A
:103B600019A9006803F0D6F99DF86400012812D164
:103B7000642140F6C41001F089F82798761C401C97
:103B8000C0B227900B2801D9002027900C2E00D915
:103B900001268DF864509DF8670001287FF47CAF02
:103BA000642140F6C41001F071F80848006802F082
:103BB00091FE002002F010FF8DF867506CE70000C6
:103BC0003C00002000100140E48C0008140000209C
:103BD0007CB50024102334A2022120460094FFF774
:103BE0004BFD102332A2062100200094FFF744FD74
:103BF0001025314ECDE900543288012302212820BE
:103C0000FFF700FDCDE90054728801230221302026
:103C1000FFF7F8FC102329A2022138200094FFF7B7
:103C20002BFDCDE90054B288012302214020FFF78B
:103C3000E9FCCDE90054F288012302214820FFF776
:103C4000E1FCCDE900540836012332880621282002
:103C5000FFF7D8FCCDE900547288012306213020FB
:103C6000FFF7D0FC102315A2062138200094FFF79F
:103C700003FDCDE90054B288012306214020FFF75F
:103C8000C1FCCDE90054F288012306214820FFF74A
:103C9000B9FCCDE90054A6F10C00012342880421AF
:103CA0005E20FFF7AFFC7CBD5365743A0000000056
:103CB0005265743A00000000F80000203A0000004D
:103CC0001CB500F0FBFFDFF85091D9F8000020B1DF
:103CD000012251035148FDF7BCFEFFF709FCFFF735
:103CE000E1FB4F4D4F4F2C1F05F10808002640F611
:103CF000C41A00BFFFF7D6FBFFF76AFF207830B980
:103D00004FF0FF3201A9D9F8000003F003F99DF844
:103D1000040001280AD16421504600F0B7FF607802
:103D2000401C40B26070042800DD66709DF80500FC
:103D300001280BD16421504600F0A8FF6078401E96
:103D400040B26070002801DA042060709DF806001F
:103D5000012811D16421504600F098FF94F9010028
:103D600004280ED035F81010491C89B225F810101F
:103D7000092901D925F810609DF80700012811D004
:103D800024E038680028F7D003F000FA02460096D5
:103D900000230121386803F08FFB012020708DF88B
:103DA0000660E9E76421504600F070FF267038682D
:103DB00028B100231A460321009603F07DFB1A4820
:103DC000006802F087FD002002F006FE207801283E
:103DD00090D12988B8F80020404691428AD169885C
:103DE0004288914286D1A9888288914282D1E9880D
:103DF000B8F806008142EBD12670386828B100235C
:103E00001A460321009603F057FB4FF47A7150468F
:103E100000F03CFF6EE700003C0000200010014075
:103E2000F800002038000020140000208CB0FDF7BE
:103E3000E5FB00F043FF434D286820B10122510308
:103E40004148FDF706FEFFF753FBFFF72BFB00246D
:103E500018223E4903A80294FCF7AAFBAA464FF495
:103E60007A7B00BFFFF71EFB0AA909A8FDF7E2FB5A
:103E700080B1FDF7C3FB102335A202210A20009474
:103E8000FFF7FAFB102334A204210A200094FFF765
:103E9000F3FB3CE00A990A2091FBF0F291FBF0F869
:103EA00000FB12190999102391FBF0F291FBF0F637
:103EB00000FB121726A202210094FFF7DDFB10255C
:103EC000CDE900540123424602213220FFF79AFB3C
:103ED000CDE9005401234A4602213A20FFF792FB24
:103EE00010231DA204210A200094FFF7C5FBCDE991
:103EF00000540123324604213220FFF783FBCDE931
:103F0000005401233A4604213A20FFF77BFB5A462E
:103F100002A9DAF8000002F0FDFF0128A2D19DF805
:103F20000B0001289ED1642140F6C41000F0AEFEC3
:103F30000B48006802F0CEFC002002F04DFD8DF829
:103F40000B408FE73C00002000100140C48D0008AA
:103F500054656D703A00000048756D693A000000C4
:103F6000140000201CB500F0A9FE254E306820B1D9
:103F7000012251032348FDF76CFDFFF7B9FAFFF763
:103F800091FA0025102320A2032114200095FFF7A9
:103F900073FB204F00244FF0FF3940F6C4184A4607
:103FA00001A9306802F0B6FF9DF80600012815D17E
:103FB0006421404600F06AFE14B1012C0ED103E0EA
:103FC000FFF7A6FA012409E0FFF76CFA10230EA20E
:103FD000032114200095FFF74FFB00249DF80700F4
:103FE0000128DCD16421404600F050FEFFF75AFA68
:103FF000386802F06FFC002002F0EEFCCFE7000012
:104000003C000020001001404C696768743A204F62
:10401000464600001400002008B500F04FFE3C4E5C
:10402000306820B1012251033A48FDF712FDFFF735
:104030005FFAFFF737FAFFF74FFA374C4FF0FF37C9
:1040400000254FF4FA6800BFFFF72CFA00F07AFA67
:104050003A466946306802F05DFF9DF8000001288D
:1040600019D09DF80100012823D09DF803000128F4
:104070002ED09DF802000128E6D16421404600F0D0
:1040800005FE2648006802F025FC002002F0A4FC92
:104090008DF80250D8E7207840B1401E207060684B
:1040A0006421401E6060404600F0F0FD8DF8005035
:1040B000CAE72078052808D2401C20706068642177
:1040C000401C6060404600F0E1FD8DF80150BBE708
:1040D0006421404600F0DAFD20780628B4D2DFE8FB
:1040E00000F003050F1113150D4800E00D4800689E
:1040F00002F0F0FB002002F06FFC8DF80350A3E704
:104100000948F4E70948F2E70948F0E70948EEE70B
:104110003C00002000100140E400002010000020BE
:104120001800002020000020280000201C00002093
:104130002C000020240000202DE9F8430D4E00241F
:104140000D4F2546A6F1100856F8240004EB840113
:1041500007EB4102C11700EB5170C0F3C701009596
:1041600098F800001023FFF787FA641C052CEBDB9E
:10417000BDE8F88318010020908D000886B000F09B
:104180009DFD894F386820B1012251038748FDF712
:1041900060FCFFF7ADF9FFF785F9FFF79DF9844D56
:1041A0004FF0000805F11400A5F11806059006F17E
:1041B0001400049005F10800039006F1080005F1D1
:1041C0000C0B06F10C0ADFF8EC91A5F14C040290FF
:1041D000FFF768F9A06805281BD2DFE800F0031498
:1041E00014141800102374A203214020CDF800807D
:1041F000FFF742FA102373A206213D20CDF800807C
:10420000FFF73AFA05E0E06800F0E2F801E0FFF7B6
:1042100007FBFFF791FFD9F8000028B94FF0FF32F4
:1042200001A9386802F076FE9DF80400012804D048
:104230009DF8050001284ED092E0D9F80010491CE5
:10424000C9F80010A06804282DD005282BD2DFE87B
:1042500000F0030B151D30000122291D544802F007
:1042600087F90122311D06E001225148039902F02D
:104270007FF9029901224E48183812E0012259466E
:104280004B4802F075F901225146F4E748490122F2
:104290001031474802F06CF9454901220839A1F173
:1042A000100002F065F9D9F80000142809D080B395
:1042B00056E001223E48059902F05AF9012204997C
:1042C000D9E7A068042801D0401CA060C9F800808C
:1042D0008DF804803FE0D9F80010491CC9F800109F
:1042E000A06850B3052828D2DFE800F027030B149C
:1042F0001C0001222E48059902F03AF90122049986
:1043000017E00122291D2A4802F032F90122311D4D
:104310000FE020E001222648039902F029F901224A
:10432000029906E001225946214802F021F90122B2
:1043300051461F48183802F01BF9D9F8001014290B
:1043400001D041B10CE0A16809B1491EA160C9F8D2
:1043500000808DF80580642140F6C41000F096FCC2
:104360009DF8060001280CD1642140F6C41000F02D
:104370008DFCE068401C00EBD07121F00101401A77
:10438000E0609DF8070001287FF422AF642140F629
:10439000C41000F07BFC0D48006802F09BFA00207E
:1043A00002F01AFB14E700003C000020001001405E
:1043B00054010020F000002040636873266D7A6B82
:1043C00000000000323032352F313100140000205F
:1043D00008B5002148B1012806D10091102306A29A
:1043E00004214520FFF748F908BD0091102304215E
:1043F00002A26420F6E700006F6666006F6E0000A0
:104400000EB500F05BFC434F386802F0E5FA424815
:10441000006802F0E1FA4148006802F0DDFA404825
:10442000006802F0D9FA3F48006802F0D5FA3E4829
:10443000006802F0D1FA3D48006802F0CDFAFFF7BB
:1044400057F8FFF72FF81026394D0024FFF72AF808
:10445000102338A201211E200094FFF70DF9CDE9A9
:1044600000640123AA7903211420FFF7CBF8CDE9DA
:10447000006401236A7903211C20FFF7C3F810238D
:104480002EA2032124200094FFF7F6F8CDE9006462
:1044900001232A7903212C20FFF7B4F8CDE9006429
:1044A0000123EA7803213420FFF7ACF8102323A27C
:1044B00003213C200094FFF7DFF8CDE900640123DD
:1044C000AA7803214420FFF79DF8CDE90064012379
:1044D0006A7803214C20FFF795F8FA2002F092F950
:1044E000287828B91648002202A9006802F012FDB7
:1044F0009DF80A000128A9D1642140F6C41000F0FB
:10450000C5FB386802F0E6F9002002F065FA8DF884
:104510000A409BE714000020200000202400002017
:104520001C00002018000020280000202C00002083
:10453000DB00002054696D65000000003A000000B7
:104540003C00002038B50024102311A2214620464B
:104550000094FFF791F810230FA20321002000948C
:10456000FFF78AF810230DA2032178200094FFF7AB
:1045700083F80B4800940B494068102300EB80003F
:1045800001EB400203211E20FFF776F838BD000042
:104590004D656E75000000003C0000003E0000000C
:1045A000E4000020A88C0008084C08B5606A48B1F7
:1045B00002F0ECFD02460020034600900121606AF3
:1045C00002F07AFF012000F0DBFCFBE71000002086
:1045D00010B5502080F31188BFF34F8FBFF36F8F5A
:1045E00002F0E2FD18B104494FF08050086000204D
:1045F00080F3118810BD000004ED00E030B58FB0ED
:1046000028216846FCF70EF814210AA8FCF70AF8DE
:1046100001210804CDE90010002402940225049130
:10462000CDE907504FF4E01009906846FDF7B2FE5F
:1046300008B172B6FEE70F20CDE90A054FF480609D
:10464000CDE90C4002210AA80E94FDF7B7FD002821
:1046500001D072B6FEE70FB030BD70470020FFF703
:104660005BB800000148FEF782B900001402002088
:104670000148FEF77CB900005C020020F0B502683A
:10468000164B174C174D4FF08047984205D0B84253
:1046900003D0A04201D0A84203D122F070064A689C
:1046A0003243984205D0B84203D0A04201D0A8427C
:1046B00003D122F44074CA6822434C6922F080027C
:1046C000224302608A68C2620A688262984201D10B
:1046D0000969016301214161F0BD0000002C014026
:1046E000000400400008004010B501F01F03012144
:1046F000046A99408C430462016A9A401143016242
:1047000010BD10B5846842EA032224F47F440A43B2
:104710002243826010BD826822F070020A4342F098
:10472000070181607047000030B5036A026A22F019
:10473000010202624268846924F073050C682C430C
:1047400023F002058B682B430A4DA8420BD123F0BE
:104750000805CB6822F440722B434D6923F0040313
:1047600015438A692A434260846149684163036250
:1047700030BD0000002C014030B5026A036A23F00E
:1047800010030362436884690D6824F4E64444EA34
:1047900005248D6822F0200242EA05120B4DA84242
:1047A0000ED1CD6822F0800242EA05124D6923F451
:1047B000406343EA85038D6922F0400243EA8503A2
:1047C0004360846149688163026230BD002C01400E
:1047D00030B5036A026A22F4807202624268C469D8
:1047E00023F4007324F073050C682C438D6843EAAE
:1047F00005230C4DA8420ED1CD6823F4006343EA93
:1048000005234D6922F4405242EA05128D6923F4D2
:10481000806342EA05124260C4614968C163036271
:1048200030BD0000002C014030B5046A026A22F459
:10483000805202624268C3690D6823F4E64343EA8A
:1048400005238D6824F4005444EA0534064DA8423B
:1048500004D14D6922F4804242EA85124260C3616C
:1048600049680164046230BD002C014010B5036A40
:10487000046A24F001040462846924F0F00444EA28
:10488000021423F00A020A438461026210BD10B5CB
:10489000036A046A24F010040462846923F0A0030C
:1048A00024F4704444EA023243EA01118261016255
:1048B00010BD000014484178491CCAB20021427062
:1048C000092A03D941708278521C82708278052AA5
:1048D00003D98170C278521CC270C278092A03D9E8
:1048E000C1700279521C02710279052A03D9017143
:1048F0004279521C42714279052A03D9417181796A
:10490000491C817170470000DB000020FEE7490070
:1049100050EAC12018BF04204A0D18BF40F0010022
:1049200040F2FF72B2EB515F08BF40F00200012875
:1049300008BF052070470907090E002804DB00F1B5
:10494000E02080F80014704700F00F0000F1E02034
:1049500080F8141D70472DE9F0414F1E00EBC70190
:104960000446D1E9000115461E4637F006020DD077
:104970002A46334603F052F87F1E04EBC703D3E9FF
:10498000002302F0E3FD37F00602F1D1022F25D01B
:10499000042F13D0062F18BFBDE8F0812A463346F6
:1049A00003F03CF8D4E90A2302F0D0FD2A4633464E
:1049B00003F034F8D4E9082302F0C8FD2A46334650
:1049C00003F02CF8D4E9062302F0C0FD2A46334652
:1049D00003F024F8D4E9042302F0B8FD2A46334654
:1049E00003F01CF8D4E9022302F0B0FD2A46334656
:1049F00003F014F8D4E90023BDE8F04102F0A6BDAD
:104A0000002213461046014902F05CBE0000F03F50
:104A100002F09CBD002213461046114602F052BE21
:104A200040F2013200204FF0E04103F0A5BC00004D
:104A3000024A0020110703F09FBC000001FDFFFFA8
:104A400030380A2801D20120704700207047F8B59D
:104A50000546808C0C46762801D0772857D1012353
:104A600005F13202D021284601F0D2FCE8BB95F8CE
:104A70003200582801D0602849D1B622E0212846CA
:104A800002F032F888BB01236A46F321284601F080
:104A9000BFFC0028F7D19DF80000C007F3D12846DD
:104AA00001F05EFC002833D095F83200602804D174
:104AB000284601F0C2FC00282AD0607961784001C4
:104AC00040EA8100C2B2F521284602F00DF860B933
:104AD0002078012801D100202070E078A1784001E1
:104AE00040EA81002178084300E010E0C6B295F862
:104AF0003200602805D12279F221284601F0F4FF26
:104B000028B93246F421284601F0EEFF08B1002012
:104B1000F8BD0120F8BD03210170002242708170B0
:104B2000C1700171417170472DE9FC41044690F854
:104B3000320090460F461E46602804D00EB1002079
:104B40001860002602E00EB1082300E006236A4642
:104B5000F721204601F05CFC10B10020BDE8FC818B
:104B60009DF800009DF8042001039DF801002388B2
:104B700041EA00119DF80200B4F9025041EA101117
:104B80009DF80300000340EA02109DF8052040EA6A
:104B90001210C210A2EB4302C3EB20104043B4F941
:104BA00004306A430013D212584302EBA03505EBE0
:104BB00085008030001238602A46204600F096F8C2
:104BC000C8F80000AEB3BDF80600E18B40BA800320
:104BD000A0EB0150A5F59635B4F92010227F01FB1A
:104BE000150094F922106A4369434FF40043891277
:104BF00003EBE22251439A0102EBA121B4F91A20FE
:104C000000F58040514301F50051C013891348431A
:104C1000C1134943227EC9115143B0EB211001D584
:104C2000002004E04FF0C851884200DD0846001320
:104C30003060012092E70000FEB51C0015460E46CC
:104C400001D002AB00E0002301AA6946FFF76CFF28
:104C5000002818D0009803F0E5FA0B4903F020FA79
:104C60003060019803F0F6FA6FF0070103F0B2FB31
:104C700028603CB1029803F0EDFA6FF0090103F0EF
:104C8000A9FB20600120FEBD0000C84238B50C46DB
:104C90000849096800290BD13221FEF77DFD00206B
:104CA00003460090044822460421006802F004FCF8
:104CB00038BD000014010020C000002008B5FEF738
:104CC00037FD0548002300901A46C82103A002F0D2
:104CD000A9FB0549086008BD5D4600085379737457
:104CE000656D536F756E6400C00000202DE9F05FA4
:104CF00004468B465249D0175118A1FB0182B4F9E2
:104D0000103040F1FF30A8FB039700FB012201FBAC
:104D10000022DE1702FB0373B4F90E5008FB0633C2
:104D2000A5FB017CEE1706FB01C605FB00656E04C2
:104D300046EAD7367F0417EB09055E41B4F90C301B
:104D40004FF0000A1AEB050546EBC309B4F90A3027
:104D5000A8FB037C02FB03C24FEAE37608FB0622B2
:104D6000B4F908304FEA1726A3FB01C84FEAE377EE
:104D700007FB018103FB00104FEA003146EA02669F
:104D80004FEA0C3041EA1C51301841EB2222001C42
:104D9000E18842F50043A0FB016703FB017100FBC2
:104DA0000A104210C31752EA030047D0CBF5801611
:104DB000F017C10741EA5601F607751B40F6354763
:104DC000A5FB070C61EB090101FB07C1002605FBF0
:104DD0000611FBF7E8FAB4F91630420B42EAC14279
:104DE000A3FB027CDD1705FB02C54E1303FB065334
:104DF000A7FB025C03FB02C207FB06226B0E43EA21
:104E0000C2135616B4F91420A2FB007CD51705FB7B
:104E100000C502FB0155FA0CC01842EA4532714147
:104E2000801841EBE5414FEA102040EA0160B4F9F7
:104E300012104FEA01114018BDE8F09F0020FBE777
:104E4000000CFEFF2DE9F04114461F4605460E46B4
:104E50004FF066320F4B2046394602F077FB07468B
:104E60000C462A46334600200B4902F02BFC0B4A25
:104E70000B4B00F02DF900220A4B02F0F5FF3A46E9
:104E8000234602F0CBFDBDE8F0414FF00042064B57
:104E900002F018BC66127140D0BCF8404A2DEE7D7D
:104EA0003659C83F0000F03FBE9F7A3F30B50546F7
:104EB000012802D00023012409E0012030BD204652
:104EC00000F011F801280BD003F26D13641CAC4202
:104ED000F5DB07205B1C93FBF0F100FB113030BDCC
:104EE00003F5B773F2E74FF4C87190FBF1F201FBE1
:104EF000120139B1810707D1642190FBF1F201FB66
:104F0000120008B10120704700207047FDF784F8B7
:104F1000FFF774FBFEF7D8F9FEF74AFAFEF788FAB6
:104F2000FEF766FA00F046F8FEF7EEF800F05EF8DD
:104F3000FEE770B5054600244FF47A7603E030466C
:104F400001F0FAFA641CAC42F9DB70BD0D2809D2FD
:104F5000DFE800F0080B070B090B090B0B090B0925
:104F60000B001D2070471E2070471F20704702460F
:104F7000012000E05043491EC9B2FBD27047000037
:104F800010B5EFF3058149B9EFF3108131B9084944
:104F90000968022905D1EFF3118111B16FF0050401
:104FA00003E0002408B101F02DFC204610BD0000F4
:104FB00094000020EFF3058058B9EFF3108040B95A
:104FC00009490868022801D030B109E0EFF31180E7
:104FD00030B16FF005007047012008600020704775
:104FE0004FF0FF30704700009400002010B5EFF341
:104FF000058060B9EFF3108048B90B4908680228B2
:1050000002D0012806D00BE0EFF3118040B16FF021
:10501000050010BD0220086001F09AFC002010BDC0
:105020004FF0FF3010BD000094000020F0B585B0B7
:105030004FEA01034FF00004EFF305810394A1BB95
:10504000EFF3108189BB21490968022902D1EFF3EE
:10505000118151BB48B3802618218DF8104004AD52
:1050600042B3176807B13D4697691FB139467F1EA5
:10507000382F02D21779FF0702D0002005B0F0BD0B
:10508000576907B1BE08D2F808C0BCF1000F0DD0B7
:10509000D4685C2C18D312693AB137B18DE8061088
:1050A0003246294602F039F803900DE0D7685FB91F
:1050B00012694AB903AACDE90012B2B2294601F039
:1050C000FFFF012800D003940398D7E79400002045
:1050D0002DE9F04D1D460C4698B0174621F00041D1
:1050E00023F00043002814BF4FF0010C4FF0000CD8
:1050F0000CEB440CFE4A0CEB02064FEA620C6645D0
:105100002BD33E0018BF012606EB45061644F94A8C
:10511000964222D3F84A53EA070C02D0944205D1B2
:1051200048B918B000201146BDE8F08D002808BF2E
:105130004FF0000C01D04FF0010C0CEB440212F5C3
:10514000001F0AD8002F14BF4FF0010C4FF0000CC5
:105150000CEB450212F5001F07D918B03A462B4652
:105160002146BDE8F04DFFF753BC0022DFF88CA3C9
:10517000002CB8BF534526DADFF884C36345A8BFC7
:10518000022220DADFF870C39C451CDCDFF874C310
:105190000CEB235CBCF1140F08DDCCF1340627FACC
:1051A00006FC0CFA06F6BE420DD108E05FB9CCF160
:1051B000140623FA06FC0CFA06F69E4203D10CF004
:1051C0000102C2F1020251EA000C19D1002D17DAD6
:1051D000002C18BF022A01D0012A07D00220FBF7B9
:1051E00050FA18B0BDE8F04DFFF70ABC0220FBF7FB
:1051F00048FAFFF705FC18B081F00041BDE8F08DDA
:10520000B7F1000C6CD1534525D104F1804212F561
:10521000801201BF00280020B74918B008BFBDE8C0
:10522000F08DB548884207DC002DA1BF60462946B5
:1052300018B0BDE8F08D07E0281E05DA80F00041C7
:1052400018B06046BDE8F08DAF497944D1E900015E
:1052500018B0BDE8F08DDFF8A0C2634525D1002D60
:105260001FDA19B1514512D1D8B909E0002840F030
:10527000EC82A24A214618B062F31E01BDE8F08D0F
:105280000020214618B060F31E01BDE8F08D08DA59
:1052900018B02346BDE8F04D02460020614602F0FA
:1052A00011BA18B02146BDE8F08D514518DAB5F1B4
:1052B000804F0DD0A5F1005CBCF1FF5C10D1B4F1C2
:1052C000000C0DDB18B06146BDE8F04D01F00DB9E2
:1052D000234618B00246BDE8F04D194602F09EBBC9
:1052E000060024F0004C3BD1D9B1514533D1002CFC
:1052F00006DD002DA1BF0020514618B0BDE8F08D9D
:10530000002C01DD002D1BDB002C13DA002D11DB3E
:10531000012A4FF0000014BF78497C4918B0BDE85D
:10532000F08D022A18BF002C0AD0012A08D1002CC7
:1053300006DA0AE0002CB8BF002D11DA012A04D0E9
:10534000002018B00146BDE8F08D18B000204FF0E5
:105350000041BDE8F08DA1F14050B0F17F601AD05E
:10536000012000EBE47050EA020421D0624C521E8E
:105370004FF0000B104304BF4FF0000B644C654826
:1053800083427CDD644A654893421FDD884217DB17
:10539000002D25DB37E0002C00DA4AB1022A0CBFD1
:1053A00001204FF0FF3018B0BDE8F04D02F0E2BA36
:1053B0000120FBF766F918B0BDE8F04DFFF72ABBF6
:1053C0004D4A8A4202DC002D0ADC1CE0814202DAEE
:1053D000002D18DA04E0484B994220DD002D12DD43
:1053E0000220FBF74EF9FFF71BFB05460E46002295
:1053F00053465846214602F011FB18B066F31E01D1
:105400002846BDE8F08D0220FBF73BF9FFF710FBC3
:105410000A46214618B062F31E01BDE8F08D002255
:105420003046614602F020FD80460E466FF00102D4
:1054300002F0A2FF4FF05532394B02F023FC4246F6
:10544000334602F0EBFA0022364B02F01BFC824698
:105450004246334604911046194602F0DFFA52469E
:10546000049B02F0DBFA8A4600904FF0C0422E4BBC
:105470004046314602F0D2FA2C4A2B4B00E027E09E
:10548000CDE906015146009802F0C8FA8246019122
:10549000274A284B4046314602F0C0FA5246019B4B
:1054A00002F0E2FC82460B4602460591DDE9060168
:1054B00002F04CF8DDE9062300268846304602F06B
:1054C000D3FC5246059B02F0DDFB024600F07EB99C
:1054D0000020B1F5801F07DA35223046614602F020
:1054E0004BFF06466FF0340000EB215024E0000033
:1054F000FFFF1F00FFFF0F000000F03F0000F07FE4
:105500000000404301FCFFFF1A3C00000000F0FFD8
:105510000000F0BF0000E0410000F043FFFFEF3F5C
:105520005555D53F0000E03F4715F73FFE822B65FC
:1055300044DF5DF80BAE543EA0F2FF300190C1F3A2
:10554000130040F07F6141F040510291FE498842D2
:10555000D8BF002004DDFD498142C8BF012001DD24
:105560000D9008E000200D900198401C01900298D9
:10557000A0F5801002900299F54878440B910D999E
:1055800000EBC100D0E900230F9330460A920B993B
:1055900002F06AFCCDE90601DDE90A2130460F9BE5
:1055A00001F0D4FF02460B460020EA4902F08AF8D7
:1055B000059102460B460090DDE9060102F02EFA45
:1055C0001490E5488A464FF0000878440299006834
:1055D00012904FF0005040EA61010D980F9B01EBD3
:1055E000804000F5002109910A9A129802F03CFCD3
:1055F00032460B9B02F046FB4246534602F00EFA3F
:105600000646029140465146099B129A02F006FA5C
:10561000DDE9062302F036FB3246029B02F024FC51
:10562000059B009A02F0FAF90091149A04905346EF
:105630001046194602F0F2F906460246C7480B46E4
:10564000029106217844FFF786F9CDE90510029B07
:1056500032461046194602F0E1F9DDE9053202F062
:10566000DDF905910646534640461946149A01F065
:105670006DFF009B049A02F0D1F93246059B01F0C0
:1056800065FFCDE90510424653461046194602F023
:10569000C5F90022B24B02910A9001F057FFDDE9F3
:1056A000053201F053FF0E464246AD4B404602F034
:1056B000DBFB029B0A9A02F0D7FBDDE9053202F020
:1056C000E1FA424602910A9033461046514602F0F2
:1056D000A5F9CDE906015346149A02990A9802F0F9
:1056E0009DF98A460290334642460099049802F09A
:1056F00095F95346029A01F029FF82460B4602466D
:105700000591DDE9060101F021FFDDE90623002016
:105710008846064602F0A8FB5246059B02F0B2FA04
:10572000824609914FF060428E4B3046414602F06E
:1057300075F9049006918C4A8A4B5046099902F0FB
:105740006DF982460291894A894B3046414602F002
:1057500065F95246029B01F0F9FE864B7B440D9A97
:1057600003EBC203D3E9002301F0F0FE0E90079192
:10577000019802F0FFF80591DDE9061382460E9AC2
:10578000049801F0E3FE7C4A7A440D9B02EBC303CC
:10579000D3E900230093029201F0D8FE5246059B04
:1057A00001F0D4FE0026884652463046059B02F0A2
:1057B0005BFB009B029A02F057FB069B049A02F0E7
:1057C00053FB079B0E9A02F05DFA024600200B463F
:1057D00002903846294602F021F9824601912B4673
:1057E00038461946029A02F03FFB3246434602F021
:1057F00015F95246019B01F0A9FE07468A4632463A
:1058000043462946029802F009F905460E463A46F3
:10581000534601F09BFE594A8846914221DBA8EB92
:10582000020353EA000210D12A46334602F01CFB61
:10583000CDE90401524A534B3846514601F086FEE9
:10584000DDE9042302F0E8F921D20220FAF719FF7A
:10585000FFF7E6F80A46214618B062F31E01BDE8DC
:10586000F08D494B28F000429A4210D3474A08EB8A
:10587000020353EA00027FF4C6AD2A46334602F023
:10588000F3FA3A46534602F0C7F97FF6BCAD002260
:10589000019228F000403E493E4A01EB20518242ED
:1058A00023DA481C4FF4801121FA00F040443A4AB0
:1058B000C0F30A517A44394BA1F2FF31CB4020EAC0
:1058C0000303C0F3130040F48010C1F11401C84079
:1058D00012680190B8F1000FBCBF40420190284609
:1058E000314602F0C1FA05460E462A46334638468E
:1058F000514601F02BFE4FF000084246284B40462F
:10590000059102F08BF8CDE90601264A264B404668
:10591000059902F083F8009102902A4633464046EA
:10592000059902F0A1FA3A46534602F0ABF91F4A34
:105930001F4B02F073F8009B029A01F007FE074626
:10594000884602460B4635E08E9803007AB60B0077
:10595000623800000000F03F9A380000C8370000AD
:105960000000084009C7EE3FFD033ADCF5015B1477
:10597000E02F3EBEA03600006436000000009040DC
:10598000FE822B654715973C00CC904000346F3F5A
:1059900001FCFFFF0000E03FB0350000FFFF0F00FB
:1059A000432EE63F396CA80C615C20BEEF39FAFE4D
:1059B000422EE63FDDE9060101F0C8FDDDE90623E0
:1059C00005460E4602F050FA3A46434602F05AF9AE
:1059D0000F462A46334600901046194602F01EF83C
:1059E000824602462E4888460B4605217844FEF73B
:1059F000B2FF5246434602F011F82A46334602F0FF
:105A000041F980468A463B4628463146009A02F0D4
:105A100005F83B46009A01F099FD0691009000229E
:105A20004FF080434046514602F01EFA0F460C905C
:105A3000424653462846314601F0F0FF3B460C9A59
:105A400001F040FE069B009A02F00EFA2A46334609
:105A500002F00AFA0022134B02F014F905460198ED
:105A60000E4601EB00510815002810DC284631468F
:105A7000019A02F081FCFEF74AFF042808BFFEF7F6
:105A8000D7FF28463146019A02F076FC05460B46C0
:105A900018B02A4658462146BDE8F04D01F0BEBF79
:105AA000503400000000F03F2DE9F041134C0F4648
:105AB000054666692068001D00F075FD681C07D169
:105AC00037B12168BDE8F0410D48091D00F0BABDAD
:105AD00020683544B5424560216805D2A068BDE81C
:105AE000F041091D00F096BD6068091D00F092FDAF
:105AF000206B854200D22563BDE8F0814400002080
:105B0000940700202DE9F041054600F0A7FD2D4C3B
:105B10002069401C206120682B4F10B1E06930B330
:105B20002BE025602069012827D1002606EB86009E
:105B300007EB800000F060FD761C382EF6D323487A
:105B400000F05AFD2148143000F056FD1F4828305F
:105B500000F052FD1D483C3000F04EFD1B48503017
:105B600000F04AFD194860601430A06005E020682C
:105B7000E96AC06A884200D82560E06A401CE06299
:105B80006864E86AA169884200D9A06100EB8000DE
:105B900007EB8000291D00F055FD00F07FFDE06956
:105BA00000280CD02068E96AC06A884207D20849F8
:105BB0004FF080500860BFF34F8FBFF36F8FBDE889
:105BC000F081000044000020E4020020440700208F
:105BD00004ED00E038B500F041FD104CA068C8B9F4
:105BE0000F4800F009FD0E48143000F005FD0C4888
:105BF0002060143060600A4B00202833009003F1CD
:105C0000500210210A2000F0FFFFA06010B105A192
:105C100000F0C2FDBDE8384000F040BD800000202B
:105C2000A8070020546D72510000000030B4026CCF
:105C30000B46002A0BD0C1681144C1604468A142E0
:105C400001D30168C16030BC1846FAF76CBC30BCA7
:105C500070472DE9F041856B174604460026026C1B
:105C600082B1C7B1E068FAF75EFCE168206C091AFE
:105C7000E1602268914202D26168081AE060022F56
:105C800016D017E02068A8B9606801F0F1FA06465E
:105C9000002060600EE0A068FAF745FC216CA06867
:105CA0000844A0606168884204D32068A06001E0D5
:105CB00005B16D1E6D1CA5633046BDE8F08110B5C1
:105CC000044690F8590058B101280CD002280FD092
:105CD000502080F31188BFF34F8FBFF36F8FFEE723
:105CE000206B00F0EFFC2046BDE8104000F0EABC5D
:105CF00010BD000010484FF40051420706D0C01DEF
:105D00000D4920F00700411AC1F500510B4A00234C
:105D10000144C2E900030839103A21F0070111607B
:105D20004B600B600B1AC0E9001393604FF000400A
:105D30005360D06070470000780F0020A80000205A
:105D4000144E154CA6F29C474FF08058DFF84C904B
:105D500012E000BF00F082FCF068C568281D00F06A
:105D600022FC2069401E2061E068401EE06000F0D7
:105D700095FC2846FFF7A3FFE0680028EAD13868C1
:105D80000128F9D9C9F80080BFF34F8FBFF36F8F97
:105D9000F2E70000800700204400002004ED00E04E
:105DA00070B51D46049C51B1C4F80020C4E90F0130
:105DB0000121204600F05CFF84F84C5070BD246047
:105DC000F4E72DE9F0470E46DDE9098417468246DF
:105DD00091009946089DA522206BFAF71BFC6FF0F5
:105DE0000301206B01EB8701084420F007077807C7
:105DF00007D0502080F31188BFF34F8FBFF36F8F10
:105E0000FEE72218315C82F83410315C11B1401C7D
:105E10001028F6D3002684F84360382D00D33725A8
:105E2000E562C4E91356201D00F0F1FB04F11800EF
:105E300000F0EDFB2461C5F138006462A061666585
:105E400084F858604A465146384600F077FA206098
:105E5000B8F1000F01D0C8F80040BDE8F0872DE987
:105E6000F0471E46DDE9089417460D0080460ED027
:105E7000002C14D0FFF7AEFEC4F80080C4E906572A
:105E8000C4E90869201DBDE8F04700F0C0BB502000
:105E900080F31188BFF34F8FBFF36F8FFEE7BDE82C
:105EA000F087000030B5114900E011460A688242CF
:105EB000FBD34B685C18844203D1406818444860A7
:105EC000084643681C18944209D1084C103C2468C9
:105ED000A24209D052681A4442600A6812680260FD
:105EE000814200D0086030BD0460F9E7A8000020BE
:105EF00070B5002441600B4D0061914206D8D11A63
:105F00008269914206D2011D686807E09A4203D275
:105F1000994201D3012403E0011D286800F07AFBB7
:105F2000204670BD8000002010B5044600F096FBAE
:105F3000A06B28B15FF0000400F0B0FB204610BD5C
:105F40000124F9E730B589B0304D55E004980028B8
:105F500006DADDE90601059A9047049800284BDB34
:105F6000069C606910B1201D00F01DFB02A800F026
:105F7000B9F8024604980A283ED2DFE800F0050589
:105F8000053D263705053D260598A16903460144D0
:105F90002046FFF7ADFF00B3616A20468847E069FD
:105FA000012829D1002000900598A16900234218FA
:105FB0001946204601F080FA78B9502080F3118804
:105FC000BFF34F8FBFF36F8FFEE70598A06128B135
:105FD000811813462046FFF78BFF0DE0502080F319
:105FE0001188BFF34F8FBFF36F8FFEE794F82C003B
:105FF00010B9204600F066FB002204A9A86800F052
:1060000089FF0028A2D109B030BD00008000002027
:106010002DE9FC410F46054600F02CFD01A800F0DB
:1060200061F80446019818B101F09AF9BDE8FC81C5
:10603000224EAFB170680068A8B30027291B3A460A
:10604000B06800F0BDFB01F08BF90028EED11C49CF
:106050004FF080500860BFF34F8FBFF36F8FE5E7BD
:10606000A542EBD801F07CF930682746C068C468C7
:10607000201D00F098FAE069012810D1A0692B4694
:1060800041193A462046FFF733FF40B1002003464E
:10609000014600902A46204601F00EFA20B1616ABE
:1060A00020468847C2E707E0502080F31188BFF3FD
:1060B0004F8FBFF36F8FFEE70127BFE780000020FF
:1060C00004ED00E006484168096829B14168C968E3
:1060D000C9684968016370474FF0FF31FAE7000073
:1060E0004400002070B5054601F050F8064E044605
:1060F0003069844203D200F009F8012000E000205A
:1061000028602046346170BD80000020F8B5194D2C
:106110001FE0C068C4680668201D00F044FA616A88
:1061200020468847E069012813D1A0693044B04275
:1061300006D924616060211D286800F06BFA08E030
:1061400000200346014600903246204601F0B4F993
:1061500038B1286801680029DBD16968C5E90010F9
:10616000F8BD502080F31188BFF34F8FBFF36F8FBE
:10617000FEE700008000002008484068401C4FF007
:10618000500080F3118804D0BFF34F8FBFF36F8F9F
:10619000FEE7BFF34F8FBFF36F8FFEE7B000002025
:1061A000002150B10A4B42699A420FD1806AA3F193
:1061B000280290420AD040B108E0502080F31188B4
:1061C000BFF34F8FBFF36F8FFEE701210846704783
:1061D00094070020074C2068016841B1C068002185
:1061E000D0F80000FFF714FFFFF7ACFEF3E7012142
:1061F0000020F7E7800000202DE9F041044600F080
:106200002DFA94F9455004F1240609E0606A48B17A
:10621000304601F06DF808B100F022FB6D1E6DB242
:10622000002DF3DC4FF0FF3684F8456000F036FABD
:1062300000F014FA94F9445004F1100709E02069C1
:1062400048B1384601F054F808B100F009FB6D1E62
:106250006DB2002DF3DC84F84460BDE8F04100F03D
:106260001DBA00002DE9F0410546002700F002FCB0
:10627000314E306808B9FFF73DFDF06805424BD15B
:10628000C5B3083568070ED005F00700C0F1080057
:106290000544680707D0502080F31188BFF34F8F63
:1062A000BFF36F8FFEE72DB37068854234D8224864
:1062B000103001460C6801E020460C466168A94296
:1062C00002D221680029F7D131688C4224D00768B6
:1062D0002168016060680837411B10290FD96019D7
:1062E000420708D0502080F31188BFF34F8FBFF3CF
:1062F0006F8FFEE710E041606560FFF7D3FD6168D6
:106300007068401A7060B268904200D2B060F06865
:1063100001430020C4E9000101F022F8780707D00A
:10632000502080F31188BFF34F8FBFF36F8FFEE7CC
:106330003846BDE8F08100009800002010B5031F2A
:106340004FF080741C601B1F21F001011960191FA0
:10635000024B0B60143940380A6010BD79610008A7
:1063600010B504460246882100F0A3F800284DD05D
:10637000A21C8A21204600F09CF8E8B3221D8C2143
:10638000204600F096F8B8B3A21D8E21204600F0FA
:1063900090F888B304F108029021204600F089F8B3
:1063A00050B304F10A029221204600F082F818B39B
:1063B00004F10C029421204600F07BF8E0B104F1D6
:1063C0000E029621204600F074F8A8B104F11002E4
:1063D0009821204600F06DF870B104F112029A2164
:1063E000204600F066F838B104F114029C212046E2
:1063F00000F05FF800B100E008E004F116029E2111
:10640000204600F056F808B1012010BD002010BD54
:106410003EB514460A46818C4FF6FF75CDE9004320
:1064200005EA410141F288350295806A0123FBF7B4
:10643000DFFB002800D001203EBD1CB5044601232F
:1064400000F11802A121FFF7E3FF10BB04F11A02CB
:10645000E121204600F02DF8D8B1012304F11C02FF
:10646000E3212046FFF7D4FF98B96A46E42120468D
:1064700000F01FF868B101AAE521204600F019F8E4
:1064800038B1012304F12202E7212046FFF7C0FFC3
:1064900008B100201CBDBDF80000C1B2C0F303204C
:1064A00040EA0110E083BDF80400000920840120C7
:1064B0001CBD7FB51446828C4FF6FF7303EA42057C
:1064C00041F28836022303AA8DE84C000A46806A0E
:1064D00001232946FBF78CFB10B1002004B070BDEE
:1064E000BDF80C0020800120F8E72DE9F0410646B8
:1064F0000F4601F0D3FB041E0D4618BF01202843B0
:1065000020F00040C0F17F6000F1E040C00F0ED0ED
:10651000301C18BF0120384320F00040C0F17F60DC
:1065200000F1E040C00F04BF0120FAF7AAF82046AE
:106530002946BDE8F081000030B50C4A00211368FF
:10654000DC6A4FF47A726043B0FBF2F55A6A586A1B
:106550009042FCD002D9A0EB020202E0A4EB0202BE
:10656000024411440246A942F1D330BD5C0200202E
:1065700010B503680C68A34205DA9C1804600B6828
:106580009C4200DD036003680C68A34205DD9B1A92
:1065900003600A68934200DA0260026809688A426E
:1065A00000D1016010BDD0E9013201699A60D0E9E3
:1065B00001235A604A68824201D182684A600022FF
:1065C00002610868401E086008687047034B03605A
:1065D00003F15C000860802010607047C008002054
:1065E000044B036003F15C0008604FF4807010609E
:1065F000704700001C0B002000F108014FF0FF3233
:10660000C0E90112C16001610021016070470021F1
:106610000161704730B50B685A1C02D000F10802C6
:1066200002E0026904E02246546825689D42FAD9D6
:1066300053684B6099608A60516008610168491C29
:10664000016030BD42684A6093688B60936859600E
:10665000916008610168491C01607047502080F317
:106660001188BFF34F8FBFF36F8F0A494868401CF2
:10667000486001280CD10848006810F0FF0F07D0CF
:10668000502080F31188BFF34F8FBFF36F8FFEE769
:1066900070470000B000002004ED00E008494868A1
:1066A00028B1401E486001D180F311887047502006
:1066B00080F31188BFF34F8FBFF36F8FFEE70000A9
:1066C000B000002070B5002827D0144DA0F10804B8
:1066D0006168E868014207D1502080F31188BFF358
:1066E0004F8FBFF36F8FFEE722683AB1502080F3DF
:1066F0001188BFF34F8FBFF36F8FFEE78143616057
:1067000000F0B8F960686968084468602046FFF7DF
:10671000C9FBBDE8704000F023BE70BD98000020AA
:106720004FF0E02000210161816105494FF47A7248
:106730000968B1FBF2F1491E41610721016170470F
:106740000C00002010B5F9F793FD114910280ED365
:1067500000F1E02090F8F0030A78904207D2502030
:1067600080F31188BFF34F8FBFF36F8FFEE70948A7
:106770000068896800F4E060884207D9502080F3FF
:106780001188BFF34F8FBFF36F8FFEE710BD00007E
:10679000B00000200CED00E010B5084B002200BF57
:1067A00053F832401CB1521C082AF9D310BD43F8EB
:1067B000321003EBC201486010BD0000A4020020AB
:1067C00070B515460E460446FFF748FF94F944108D
:1067D0000020491C01D184F8440094F94510491C5B
:1067E00001D184F84500FFF759FFA06B28B92A466C
:1067F000314604F1240000F051F82046BDE8704015
:10680000FFF7FABC10B5020014D00F48806B38B106
:10681000502080F31188BFF34F8FBFF36F8FFEE7D7
:1068200000F028F900211046FFF73EF900F098FD2E
:10683000002807D105494FF080500860BFF34F8F03
:10684000BFF36F8F10BD00004400002004ED00E096
:1068500002498A6A02604969416070474400002029
:1068600001490120486270474400002010B50C46E1
:1068700050B1094909681831FFF7CCFE2046BDE840
:1068800010400121FFF710B9502080F31188BFF3A9
:106890004F8FBFF36F8FFEE74400002070B51446A2
:1068A0000D4668B10A4909681831FFF7CBFE0CB1F3
:1068B0004FF0FF3521462846BDE87040FFF7F4B899
:1068C000502080F31188BFF34F8FBFF36F8FFEE727
:1068D0004400002070B504002AD01A4D2868844274
:1068E0002ED0FFF7BBFE2046FFF75AFCE0B1201D7B
:1068F000FFF759FEE06AA969884200D9A8611249E8
:1069000000EB800001EB8000211DFFF79BFEE06A99
:106910002968C96A884207D30C494FF08050086043
:10692000BFF34F8FBFF36F8FBDE87040FFF7B6BE68
:10693000502080F31188BFF34F8FBFF36F8FFEE7B6
:1069400070BD000044000020E402002004ED00E0DF
:1069500030B587B00024039405AA04A903A80494C1
:10696000FFF734FEDDE903010094CDE901100023B7
:1069700015A11748059A00F0D0FB164D0028686352
:106980001FD000F069FD012809D0401C19D150200A
:1069900080F31188BFF34F8FBFF36F8FFEE7502056
:1069A00080F31188BFF34F8FBFF36F8F4FF0FF302D
:1069B00028630120E8616C6107B0BDE8304000F059
:1069C000ABB807B030BD000049444C4500000000A2
:1069D000415D00084400002070B50446FFF73EFE0C
:1069E000214D04B92C68201DFFF7DDFDA06A18B108
:1069F00004F11800FFF7D7FD211D1C48FFF722FE08
:106A000094F858000026012801D184F85860FFF757
:106A100045FEE86928B1FFF721FEFFF753FBFFF7BA
:106A20003DFE2868844213D1E86990B1A86B38B163
:106A3000502080F31188BFF34F8FBFF36F8FFEE7B5
:106A40000B494FF080500860BFF34F8FBFF36F8F3B
:106A500070BD064800682969884201D12E6070BD6A
:106A6000BDE8704000F00EB84400002094070020FC
:106A700004ED00E00248816B491C8163704700000F
:106A800044000020164810B5816B11B1012141620C
:106A900010BD002141628169124A01E0B9B1491E6D
:106AA00001EB810352F82330002BF7D001EB810377
:106AB00002EB830202F1080453685B685360A3424F
:106AC00001D15B685360DA680260816110BD5020BB
:106AD00080F31188BFF34F8FBFF36F8FFEE7000085
:106AE00044000020E402002037B5828C4FF6FF738B
:106AF00003EA420484B042F21075012306AA8DE82D
:106B00002C000A46806A2146FBF79AF9002800D03B
:106B1000012007B030BD00001CB52649087801905F
:106B2000FF20087008788DF800009DF800009DF89F
:106B3000002000F0F000904207D0502080F3118830
:106B4000BFF34F8FBFF36F8FFEE79DF800001A4B26
:106B500000F0500018700720986005E09DF80020B4
:106B600052008DF80020401E9DF800201206F5D43A
:106B70009860032807D0502080F31188BFF34F8F0F
:106B8000BFF36F8FFEE74FF4407098600198087074
:106B90000A48016841F470010160016841F07041E8
:106BA0000160FFF7BDFD00205860F9F72BFB0020C6
:106BB0001CBD000000E400E0B000002020ED00E07B
:106BC000F8B517460E46050014D0DEB105FB06F0F9
:106BD0005030FFF747FB04000AD0002084F846003D
:106BE00004F150023B46314628460094FFF7D8F89E
:106BF0002046F8BD502080F31188BFF34F8FBFF3BC
:106C00006F8FFEE70020E3E738B5049D18B153B15C
:106C1000CAB181B120E0502080F31188BFF34F8FBB
:106C2000BFF36F8FFEE7502080F31188BFF34F8FC3
:106C3000BFF36F8FFEE7502080F31188BFF34F8FB3
:106C4000BFF36F8FFEE739B1502080F31188BFF397
:106C50004F8FBFF36F8FFEE750241C46012384F84B
:106C600046302B460094FFF79BF8204638BD0000C5
:106C700070B50D46040025D0FFF7F0FCD4E90F20D5
:106C8000216802FB001161600021A1632168A160FD
:106C90000A46D4E90F01401E00FB0121E1602146B4
:106CA0004FF0FF3001F8440F487004F110008DB12F
:106CB000FFF7A2FC04F12400FFF79EFCFFF7EEFCB7
:106CC000012070BD502080F31188BFF34F8FBFF3B8
:106CD0006F8FFEE721690029F0D000F009FB002842
:106CE000ECD004494FF080500860BFF34F8FBFF3E2
:106CF0006F8FE3E704ED00E02DE9FF4782B01D460A
:106D00008A464FF00008040003D0BAF1000F08D003
:106D100011E0502080F31188BFF34F8FBFF36F8FC6
:106D2000FEE7206C38B1502080F31188BFF34F8FFD
:106D3000BFF36F8FFEE7022D0AD1E06B012807D069
:106D4000502080F31188BFF34F8FBFF36F8FFEE7A2
:106D500000F00EFA3F4F4FF000094FF0805648B94F
:106D6000049838B1502080F31188BFF34F8FBFF3E0
:106D70006F8FFEE7FFF772FCA06BE16B884207D3D1
:106D8000022D05D00498D0B1B8F1000F1AD01EE042
:106D90002A4651462046FEF75CFF616A19B104F1AC
:106DA000240000F0A5FA20B13E60BFF34F8FBFF37F
:106DB0006F8FFFF773FC012006B0BDE8F087FFF787
:106DC0006DFC22E06846FFF743FD4FF00108FFF736
:106DD00065FCFFF74FFEFFF741FC94F94400401CAF
:106DE00001D184F8449094F94500401C01D184F805
:106DF0004590FFF753FC04A9684600F027F930B12D
:106E00002046FFF7F9F900F0ABFA0020D4E7FFF7CE
:106E100025FCA06BE16B884213D1FFF73FFC04F126
:106E200010000499FFF722FD2046FFF7E5F900F076
:106E300097FA00289ED13E60BFF34F8FBFF36F8F4C
:106E400098E7FFF72BFC2046FFF7D6F900F088FA09
:106E500090E7000004ED00E02DE9F0471F46904662
:106E60008946040003D0B9F1000F08D011E050208A
:106E700080F31188BFF34F8FBFF36F8FFEE7206C55
:106E800038B1502080F31188BFF34F8FBFF36F8F5D
:106E9000FEE7022F0AD1E06B012807D0502080F3D3
:106EA0001188BFF34F8FBFF36F8FFEE7FFF74AFCE8
:106EB0005020EFF3118680F31188BFF34F8FBFF39B
:106EC0006F8FA06BE16B884206D3022F04D00020A5
:106ED00086F31188BDE8F08794F945503A46494653
:106EE0002046FEF7B6FE681C04D06D1C84F84550A1
:106EF0000120EDE7606A0028FAD004F1240000F0D8
:106F0000F7F90028F4D0B8F1000FF1D00121C8F84A
:106F10000010EDE72DE9F747002683B08A4604000C
:106F200003D0BAF1000F08D011E0502080F311888F
:106F3000BFF34F8FBFF36F8FFEE7206C38B1502047
:106F400080F31188BFF34F8FBFF36F8FFEE700F020
:106F50000FF9DFF8F4804FF000094FF0805748B97F
:106F6000059838B1502080F31188BFF34F8FBFF3DD
:106F70006F8FFEE7FFF772FBA56BC5B15146204648
:106F8000FEF754FE6D1EA563206950B104F1100098
:106F900000F0AEF928B1C8F80070BFF34F8FBFF30F
:106FA0006F8FFFF77BFB012006B0BDE8F0870598E7
:106FB00008B11EB106E0FFF771FB27E06846FFF756
:106FC00047FC0126FFF76AFBFFF754FDFFF746FB7E
:106FD00094F94400401C01D184F8449094F9450090
:106FE000401C01D184F84590FFF758FB05A968467D
:106FF00000F02CF8002820460AD0FFF7FDF800F03A
:10700000AFF92046FEF790FF0028B3D00020CBE771
:10701000FEF78AFF90B104F124000599FFF726FCE2
:107020002046FFF7E9F800F09BF90028A2D1C8F844
:107030000070BFF34F8FBFF36F8F9BE72046FFF7C2
:10704000DBF800F08DF995E704ED00E02DE9F04163
:107050000C46050011D0C4B1FFF700FB174B5A696D
:107060006E682068911B471C17D02F689B6A9F424F
:1070700019D0964217D8012410E0502080F31188CF
:10708000BFF34F8FBFF36F8FFEE7502080F311885F
:10709000BFF34F8FBFF36F8FFEE70024FFF7FEFAB9
:1070A0002046BDE8F081884205D9401A2060284674
:1070B000FFF7CEFBF1E700202060DCE74400002072
:1070C0002DE9FF5F8346DDE90E87994616468A461D
:1070D0009000FFF7C7F805001CD05C20FFF7C2F84E
:1070E000040014D00020256384F85900CDE9024043
:1070F000CDE900874B46324651465846FEF761FEC1
:107100002046FEF7FFFC012004B0BDE8F09F2846B2
:10711000FFF7D8FA4FF0FF30F6E7F0B585B0DDE9BC
:107120000B640A9DA6B1DCB15C270097266302269A
:1071300084F85960002604AFCDE90246CDE9005736
:10714000FEF73FFE2046FEF7DDFC049805B0F0BDDB
:10715000502080F31188BFF34F8FBFF36F8FFEE78E
:10716000502080F31188BFF34F8FBFF36F8FFEE77E
:107170000548C16919B1806B18B100207047012022
:107180007047022070470000440000200148406919
:10719000704700004400002010B5FFF7D3FA014803
:1071A000406910BD440000202DE9F0412E4C00271D
:1071B000A06B40B1206A401C2062606A00B10127C8
:1071C0003846BDE8F0816669761C666113D1606857
:1071D000006838B1502080F31188BFF34F8FBFF3A0
:1071E0006F8FFEE76068A1686160A060A06A401CC4
:1071F000A062FEF767FF206BDFF87080864209D33C
:107200006068006880B16068C068C5686868864268
:107210000DD220632068C06A00EB800158F821007D
:107220000128CAD90127C8E74FF0FF30F1E7281D30
:10723000FFF7B9F9A86A18B105F11800FFF7B3F91B
:10724000E86AA169884200D9A06100EB800108EBDF
:107250008100291DFFF7F6F9E86A2168C96A8842AA
:10726000CED30127CCE7000044000020E402002038
:1072700070B504004FF0000133D01B4D28688442E4
:1072800007D0502080F31188BFF34F8FBFF36F8F6B
:10729000FEE7206D38B1401E2065E36CE26A9A4239
:1072A0001FD040B11DE0502080F31188BFF34F8FF5
:1072B000BFF36F8FFEE7201DFFF775F9E06CE0620A
:1072C000C0F13800A061E06AA969884200D9A861CC
:1072D000064900EB800001EB8000211DFFF7B2F9A9
:1072E0000121084670BD000044000020E402002097
:1072F00070B5C068C46854B104F118000646FFF7C1
:1073000052F9144DA86B50B13146134815E0502086
:1073100080F31188BFF34F8FBFF36F8FFEE7201DFF
:10732000FFF741F9E06AA969884200D9A8610B49D1
:1073300000EB800001EB8000211DFFF783F9E06A7C
:107340002968C96A884202D90120686270BD00209C
:1073500070BD0000440000206C070020E402002003
:107360002DE9F0472C4D00242746A86B38B1FFF7D4
:1073700075F9A86B401EA863A86B40B146E0502089
:1073800080F31188BFF34F8FBFF36F8FFEE729693A
:10739000224E0120D1B3A6F5916980463068E0B154
:1073A000F068C46804F11800FFF7FDF8201DFFF72E
:1073B000FAF8E06AA969884200D9A86100EB800167
:1073C00009EB8100211DFFF73DF9E06A2968C96AD0
:1073D0008842E3D3C5F82480E0E70CB1FEF772FEE3
:1073E0002C6A4CB14FEA0806FFF7DEFE00B16E6270
:1073F000641EF9D100202862686A38B10849012763
:1074000038070860BFF34F8FBFF36F8FFFF746F960
:107410003846BDE8F0870000440000206C070020DB
:1074200004ED00E02DE9FC4781461E4617468846DC
:1074300030200A9DFEF716FF04000AD0CDE9005463
:1074400033463A4641464846FEF709FD002084F897
:107450002C002046BDE8FC8710B586B0FEF7BAFBCD
:10746000114CA068B8B100200390049005AA04A9AB
:1074700003A8FFF7B5F8DDE9032122208DE8070016
:1074800000230AA10B48059AFFF747FEE06010B100
:1074900006B0012010BD502080F31188BFF34F8F3C
:1074A000BFF36F8FFEE7000080000020546D722054
:1074B00053766300D56100082DE9FF411E4613464F
:1074C00002000A9D4FF0000016D0144CA768002F50
:1074D0000FD0CDE900130292062917DAFFF748FE14
:1074E00002284FF000030FD000226946A068FFF782
:1074F00003FC04B0BDE8F081502080F31188BFF395
:107500004F8FBFF36F8FFEE72A46EEE70023324628
:1075100069463846FFF7A0FCEBE70000800000203A
:1075200010B500290AD00878002807D0054878440B
:10753000F9F72EFC002801D0002010BD0248784445
:1075400010BD0000021A0000FA19000010B591EAFF
:10755000030F48BF83F0004300F18E84841A71EB5F
:10756000030C05D2121943EB0C03001B61EB0C0159
:10757000DFF824E14FEA1154A4EB135C1EEA430F39
:1075800018BF9EEA445F73D023EA0E03DCF1200E9D
:1075900021EA045143F4801332D322FA0CFE10EB9B
:1075A0000E0023FA0CFE41EB0E01CCF1200E03FA83
:1075B0000EFE10EB0E0051F10001B1F5801FCCF171
:1075C000200E32D201EB045112FA0EF2BDE8104047
:1075D00058BF7047401C38BF5FEA420218BF70476F
:1075E000002814BF20F0010041F100014FEA4103DF
:1075F00013F5001F38BF7047A1F1C04100F006BB72
:10760000012A43EB0302ACF1200CDCF11F0E32BF68
:107610004FF0000E23FA0CF310EB030041EB045182
:10762000B4EB115FD0D0A1EB045101F580114908F2
:107630005FEA300001EB04510ED350F1000038BF77
:1076400012FA0EFE08D1BDE81040C9E7401C38BF51
:107650005FEA4202CAD1C3E7BDE810404FEA4103E6
:1076600013F5001F38BF7047A1F1C04100F0CEBA3A
:107670009EEA445F08D011EA5E0FBDE8104004BFE7
:1076800001F0004100207047BDE8104070B500F0E7
:107690006FFA00BF64FBBE3E0000E0FF02494FF0FE
:1076A000000000F037BE00BF0000F87F491058BF4F
:1076B000C1F140415B1058BFC3F140438B42EFF32F
:1076C000008070472DE9C04130B4DFF8A0C23CEA29
:1076D000111418BF3CEA131400F0EC8081EA030592
:1076E0001CEA111444EAD57418BF1CEA131500F003
:1076F000C780A4EB05044FF0004545EAC12145EAE7
:10770000C32341EA505143EA525304F17F74994232
:1077100004F500344FEAC0204FEAC22208BF90426D
:1077200000F09C804FEA13650FF24016765D4FEA39
:10773000134506FB05F7C7F1807706FB07F74FEA0D
:10774000D737A7FB03687642C8F58038A7FB06CE7B
:1077500038BFA8F1010807FB08E64FF0000EA6FBB2
:10776000028CE6FB03CEDCF1000CCEF1004E38BFFC
:10777000AEF1010EA6FB0C584FF000074FF00005CC
:10778000E6FB0E87A1FB08C6A0FB07CE16EB0E0694
:1077900045F10005E1FB076515F1E04E7EBFA4F55C
:1077A00080345FEA46066D4116F1800745F1000519
:1077B0004FEA17274FEA066647EA0567A6F1DE4655
:1077C000B6F1805F4FEA15251FD9384624F0010C29
:1077D00005EBC471BCF1FE6F01EB0C1102D8F0BCDB
:1077E000BDE8008124425CBF01F5801E9EEAC47F93
:1077F00002D4F0BCBDE80081244238D4F0BCA1F131
:10780000C041BDE8004100F001BA4FEAD22242EA8D
:1078100043524FEAD323A7FB02864FEAD02040EA27
:10782000415007FB03661EEA0E0F4FEAD12105FB0C
:10783000026658BFA6EB0056B6EB00564FEA520E52
:107840004EEAC37E18EB0E0E56EB530EBDD518EB69
:1078500002085E417F1C55F10005B6E74FF4801524
:107860004FF000074FF000064FF00008ADE7F0BC06
:107870004FF0000001F1C04101F00041BDE800817E
:1078800011EA0C1F0CEA131500D00CE013EA0C1FD0
:1078900000F025804FF00000F0BC81EA030101F008
:1078A0000041BDE80081F0BCBDE8004181EA030170
:1078B00000F0ACB9F0BCBDE8004170B500F058F97B
:1078C000097EFC3E00F007B881EA03014FF000009A
:1078D00001F00041704781EA030100F097B9F0BC64
:1078E000BDE800414FF0000021497047FFFDFBF962
:1078F000F7F5F4F2F0EEEDEBE9E8E6E4E3E1E0DEE3
:10790000DDDBDAD8D7D5D4D3D1D0CFCDCCCBCAC854
:10791000C7C6C5C4C2C1C0BFBEBDBCBBBAB9B8B77B
:10792000B6B5B4B3B2B1B0AFAEADACABAAA9A8A86E
:10793000A7A6A5A4A3A3A2A1A09F9F9E9D9C9C9B3C
:107940009A999998979796959594939392919190E7
:107950008F8F8E8E8D8C8C8B8B8A89898888878778
:107960008685858484838382828181800000FF07ED
:107970000000F87F10F0004248BF4042B0FA80F3A8
:1079800010FA03F10AD0C3F11D0303F580634FEA37
:10799000415002EB035202EBD12170474FF000003F
:1079A0007047000051EA030C17D41CF5801F58BF24
:1079B000BCF5801F00F10680994218BF704708BFD0
:1079C0009042704707D711F5801F58BF13F5801FED
:1079D00019D499427047894270471CF5801F08D519
:1079E000BCF5801FF7D58B4218BF704708BF824295
:1079F00070474FF4001C1CEB410F38BF1CEB430FCA
:107A000001D28B42704770B500F0B2F89224490061
:107A10004FF000514FF08053FFF748BEDFF848C1E8
:107A200070B51CEA111E1EBF1CEA13159EEA0C0F4E
:107A300095EA0C0F00F06F8081EA030423EA4C13EF
:107A40004EEAD47E21EA4C1141F4801143F48013B4
:107A5000AE44A1FB024CA0FB0365AEF17F7E36195C
:107A600055EB0C05A1FB034C4CF10003A0FB021CE1
:107A700016EB0C06654153F10003094218BF46F0AE
:107A8000010613F4007F0BD14FEA03314FEA0530B2
:107A9000340341EA155140EA16506FF003020AE040
:107AA0004FEAC3214FEAC520F40241EA555140EAAA
:107AB00056506FF0020202EB2E4201EB025585EAAE
:107AC000CE710AD05FEA440C18BF24F0004450F194
:107AD000000041F1000120EAD47040F2FE7C6245D2
:107AE00000D270BDA84214BF4FF080444FF0404414
:107AF000002E08BF0024BEF1806FA8BFA1F1C041D5
:107B0000BDE8704080F282804FF0000001F1C0417A
:107B100001F0004170479EEA0C0F0CEA131518BFE4
:107B200095EA0C0F06D04FF0000081EA030E0EF02C
:107B3000004170BD00F01CF88900013E00F007B85C
:107B400000F009B84FEA430C5FEA5C5C08D081EAB8
:107B5000030100F05BB84FEA410C5FEA5C5CF6D1D0
:107B60004FF00000014970470000FF070000F87F58
:107B70000EF1020E2EF0030E5EF8046B364205D4B1
:107B8000012A43EB030515F5001F12D8012841EB2C
:107B9000010C1CF5001F0CD80ED14FEAD17C15F555
:107BA000001F0CEB4C0C0CF1020C08BF4CEBD37C0F
:107BB00004E04FF0080C01E04FEAD37C0CEB4C05DD
:107BC00026FA05F606F00706B6F1040C06D20EEB0F
:107BD000860CBDE870404CF0010C6047DFE80CF00B
:107BE000090B02024FF000414FF00000A1F5002107
:107BF00070BD19461046012851EB010418BFD4F599
:107C0000001484BF002001F0004170BD0808A0F5F9
:107C100000114FEA3101704753EA010C17D41CF5EB
:107C2000801F58BFBCF5801F00F106808B4218BF33
:107C3000704708BF8242704707D713F5801F58BFAF
:107C400011F5801F19D48B4270479B4270471CF579
:107C5000801F08D5BCF5801FF7D5994218BF704723
:107C600008BF904270474FF4001C1CEB430F38BF15
:107C70001CEB410F01D2994270470FB40CBC03BCFE
:107C8000FFF7C1BE91EA030F10B581F000413FF547
:107C900065AC83F0004300F0EFB800002DE9F0413F
:107CA00001F5801CBCF5001FC0F2C3804FEA115CD7
:107CB00021EA0C510CF1FD0C41F480115FEA5C0CDF
:107CC0000CF5C07C01D3400049413DA4890241EA42
:107CD000905187028E0E0A0CA45D04FB04F602FB91
:107CE00006F6C6F14046A4FB0662F60D46EA4226B9
:107CF00006FB06F4A4FB01235242C3F1404338BF04
:107D00005B1EA6FB02420024E6FB0324D20B42EAE0
:107D10004446A6FB0623A1FB02E2A3FB07E4A4184A
:107D20004FF0000252F10002E3FB01426442C2F153
:107D3000404E38BFAEF1010EA6FB04234FF0000207
:107D4000E6FB0E32A2FB03464FF00004B61954F1D5
:107D50000004E2FB0264A1FB06E6A4FB07E816EBC5
:107D600008064FF0000858F10008E4FB016876426D
:107D7000C8F1405838BFA8F10108A2FB06E4A3FBF4
:107D800008E52D194FF0000454F10004E2FB0854FB
:107D9000A1FB05E6A7FB04E818EB06084FF0000678
:107DA00056F10006E1FB048618F1200556F10006A5
:107DB000A809A8F11B08B10908F03F08B8F10A0F9B
:107DC00040EA86601CD901EB0C51BDE8F08100BF90
:107DD000FCF5EEE8E2DDD8D3CFCBC7C3C0BDB9B662
:107DE000B4B1AEACA9A7A5A3A19F9D9B9A98969567
:107DF0009392908F8D8C8B898887868584838281EE
:107E0000A0FB006800FB01F208EB4208B8EB8728F2
:107E100007D5341858EB0104D5D5401C51F10001A9
:107E2000D1E7341A78EB0104CDD4401E71F1000182
:107E3000C9E75FEA4C0C5FEA9C5C0DD105D34FF0BB
:107E4000000001F00041BDE8F081BDE8F04170B5EF
:107E5000FFF78EFE6DDBFFBEBDE8F0414FF0000086
:107E6000004970470000F87F10B591EA030F48BF42
:107E700083F000433FF572AB841A71EB030C07D219
:107E800012198CF0004C43EB0C03001B61EB0C014E
:107E9000DFF8A4E14FEA1154A4EB135C1EEA430F90
:107EA00018BF9EEA445F00F0B08023EA6E0352429E
:107EB00021EA0451C3EB6E0338BF5B1EDCF1200ED8
:107EC00025D322FA0CFE10EB0E0043FA0CFE41EB18
:107ED0000E01CCF1200E03FA0EFE10EB0E0051F154
:107EE0000001CCF1200E29D412FA0EF201EB04515C
:107EF000BDE8104058BF7047401C1CBFB2F1004F96
:107F0000704700280CBF491C20F00100704712EB9D
:107F1000020E43EB030218BF4FF0010E4EEA42027D
:107F2000ACF1200CDCF11E0E54D943FA0CFE10EB20
:107F30000E0051F1FF31CCF11E0ED5D50EF1010E20
:107F400012FA0EFE404141EB010101EB445C5FEA95
:107F50005C5C10D910EBDE7001EB045138BFBEF150
:107F6000004FBDE8104018BF704700280CBF491CE7
:107F700020F00100704730D24FEAD42C11F50011E7
:107F800024F400641BD0B1FA81F20B3AA41AA41EA7
:107F9000D2F12003914030FA03F31943904001EBF2
:107FA000CC71002C01EB0451BDE81040A8BF704714
:107FB00001F1C0414FF0000001F000417047B0FAFC
:107FC00080F310FA03F100D110BDE41A173C480504
:107FD000C90AE4E701EB045110BD491001EB04515B
:107FE000BDE810404FEA300002E04FF0000170475A
:107FF0004A0008BF0042F8D0B2F5001F28BF704702
:1080000001F000414FF0000070479EEA445F07D046
:1080100011EA5E0FBDE8104004BF00210020704748
:10802000BDE8104070B5FFF7A3FD00BF40DFF63E8E
:1080300083F00041104670470000E0FF43004FEA24
:10804000D30C4FEA3C0C43401FBF40070CF160517A
:1080500013F0FE4F70471CF0006F03D100200CF0AE
:10806000004170470CF0004343EA507010B540EAFD
:10807000CC0000F002F900BF000000924FEA0001BE
:10808000FFF7C4BD4FF000414FF00000A1F5002103
:1080900070470000014800F03DB900BF0000C07FFC
:1080A0004FF47F0C1CEAD0121EBF1CEAD11392EAD7
:1080B0000C0F93EA0C0F00F0858090EA010F48BF87
:1080C00042F4807240F4000C41F400002CF07F4137
:1080D00020F07F4000B58142A2EB03020FF2081CA2
:1080E000ACEB504EC0F100009EF800E04FEA4E0E9F
:1080F00000FB0EFC38BF49004FEA2C1C02F5FA02C7
:108100000CFB0EF34FEACE1E4FEA112C4FEAC121B1
:108110000EEB635E42EB22420EFB0CFC4FEA1C535B
:1081200000FB03114FEA112C4FEA01310EFB0CFC4E
:108130004FEADC4C00FB0C11C14228BF09184CEB84
:1081400003335DF804EB10EB410143EBC250B2F591
:108150007C0F38BF704729D512F0F00F1CBF00F11B
:10816000C04000F00040704700818283848586878C
:1081700088898B8C8D8E8F919293959697999A9CE6
:108180009D9FA0A2A3A5A7A8AAACAEB0B2B3B5B755
:10819000B9BCBEC0C2C5C7C9CCCED1D4D7D9DCDF2B
:1081A000E2E6E9ECF0F3F7FAFE0000004FEA400CDB
:1081B0000CF1807CBCF17E4F28BF7047B0F1C0400D
:1081C00000F0A1B890EA010F0CEAD11348BF42F4C5
:1081D0008072624538BF634507D213F47F0F16D013
:1081E00080EA010000F00040704710B500F045F84B
:1081F000097EFC3E00F005B880EA010000F0004076
:10820000704780EA010000F0004000F07CB812F4F2
:108210007F0F04BF0248704780EA010000F073B886
:108220000000C07F10F0004148BF4042B0FA80F328
:1082300010FA03F2C3F19D030BD051EAC35101EBD5
:108240001220530638BF704700F1010008BF20F02C
:1082500001007047B0FA80F310FA03F2C3F19D03F6
:108260000AD0D90501EB1220530638BF704700F140
:10827000010008BF20F0010070470EF1020E2EF041
:10828000030E5EF8044B244204D44FEA4102B2F1DB
:108290007F4F11D84FEA4003B3F17F4F0CD80ED176
:1082A0004FEAD07CB2F17F4F0CEB4C0C0CF1020C7E
:1082B00008BF4CEBD17C04E04FF0080C01E04FEA22
:1082C000D17C0CEB4C0324FA03F404F00704B4F162
:1082D000040C06D20EEB840CBDE810404CF0010CEF
:1082E0006047DFE80CF0070802024FF00040A0F5FD
:1082F000800010BD0846420018BFD2F1807288BFCE
:1083000000F0004010BDFF2141EAD050C005704789
:10831000F8F796BA0CF00F03092B08BF082000F0FD
:108320007F800A2B0BD0082B18BF704708BF1CF0AA
:10833000400F0AD04FF000004FF0000170471CF0D2
:10834000400F18BF4FF0004070471CF0100F08D0CE
:1083500020F0704300F07F4242EAD3014FEA4370BD
:10836000704700F0604021F07F4242EA000201F0D5
:108370007F4040EA727070474FF0FF0C4CF4E06CA5
:108380001CEA11531CBF9CEA030C9445C2BFDA429D
:1083900001EB02517047002B0DD0BCF1000F0FD044
:1083A000002A01F00041A4BF41F0E04141F07F61AB
:1083B0004FF00000704701F000414FF0000070479F
:1083C00050EA01334FF09B0C18BF4CF0806C7FF4E7
:1083D00065A970474FF0FF0212EAD0521CBF92F01D
:1083E000FF038B42C2BFD14200EBC1507047002A4D
:1083F0000AD0002B0BD0002900F00040A4BF40F0B1
:10840000FE4040F40000704700F000407047430217
:108410004FF00B0C18BF4CF0806C7FF43BAE7047F4
:108420001CF4801F11D01CF4E02F03D06FEACC3174
:10843000490070474FF04050EFF3008222F0704245
:1084400042EA000282F3008870474FF00000704754
:10845000010202030405060708090A0B0C0D0E0FA2
:1084600010100000000000000000010203040607D5
:10847000080900000000010203040000048F000846
:1084800000000000000000000000000000000000EC
:1084900000020000180000000000000000000000C2
:1084A0000000000000000000002F00000000070096
:1084B000070000147F147F1400242A7F2A12006210
:1084C00064081323003649552250000005030000BC
:1084D00000001C224100000041221C000014083E44
:1084E00008140008083E0808000000A0600000080A
:1084F000080808080000606000000020100804025E
:10850000003E5149453E0000427F4000004261511B
:108510004946002141454B31001814127F100027B5
:1085200045454539003C4A49493000017109050378
:1085300000364949493600064949291E00003636A9
:10854000000000005636000000081422410000140C
:1085500014141414000041221408000201510906E9
:1085600000324959513E007C1211127C007F49496A
:108570004936003E41414122007F4141221C007F9B
:1085800049494941007F09090901003E4149497AA9
:10859000007F0808087F0000417F41000020404123
:1085A0003F01007F08142241007F40404040007F8F
:1085B000020C027F007F0408107F003E4141413ED3
:1085C000007F09090906003E4151215E007F09191B
:1085D00029460046494949310001017F0101003F18
:1085E0004040403F001F2040201F003F4038403F98
:1085F00000631408146300070870080700615149FC
:10860000454300007F41410000552A552A5500008E
:1086100041417F000004020102040040404040400C
:10862000000001020400002054545478007F4844A4
:10863000443800384444442000384444487F0038DB
:108640005454541800087E0901020018A4A4A47C04
:10865000007F080404780000447D400000408084CE
:108660007D00007F102844000000417F4000007C16
:1086700004180478007C0804047800384444443822
:1086800000FC242424180018242418FC007C08046E
:10869000040800485454542000043F444020003C47
:1086A0004040207C001C2040201C003C4030403CCE
:1086B000004428102844001CA0A0A07C004464545E
:1086C0004C441414141414140000000000000000A2
:1086D0000000000000000000000000F800000000A2
:1086E000000000333000000000100C06100C0600E3
:1086F000000000000000000040C07840C07840004A
:10870000043F04043F040400007088FC08300000AB
:10871000001820FF211E0000F008F000E018000003
:1087200000211C031E211E0000F0088870000000BC
:108730001E2123241927211010160E00000000000E
:108740000000000000000000000000E0180402002B
:10875000000000071820400000020418E00000009C
:108760000040201807000000404080F0804040009A
:108770000202010F01020200000000F000000000F0
:108780000101011F010101000000000000000000C4
:1087900080B0700000000000000000000000000039
:1087A00000010101010101010000000000000000C2
:1087B000003030000000000000000000806018045D
:1087C000006018060100000000E010080810E0003A
:1087D000000F102020100F00001010F80000000003
:1087E0000020203F2020000000700808088870004A
:1087F00000302824222130000030088888483000CA
:108800000018202020110E000000C02010F80000E9
:1088100000070424243F240000F808888808080082
:108820000019212020110E0000E010888818000097
:10883000000F112020110E0000380808C838080069
:108840000000003F000000000070880808887000E9
:10885000001C222121221C0000E010080810E0006A
:108860000000312222110F00000000C0C0000000F3
:108870000000003030000000000000800000000018
:108880000000806000000000000080402010080010
:1088900000010204081020004040404040404000D9
:1088A00004040404040404000008102040800000B4
:1088B0000020100804020100007048080808F000B9
:1088C0000000003036010000C030C828E810E00089
:1088D0000718272423140B000000C038E000000014
:1088E000203C23020227382008F88888887000007E
:1088F000203F202020110E00C03008080808380052
:10890000071820202010080008F808080810E000C8
:10891000203F202020100F0008F88888E808100069
:10892000203F20202320180008F88888E80810003D
:10893000203F200003000000C03008080838000075
:1089400007182020221E020008F808000008F80876
:10895000203F210101213F20000808F808080000FD
:108960000020203F2020000000000808F808080030
:10897000C08080807F00000008F888C028180800A8
:10898000203F20012638200008F8080000000000E1
:10899000203F20202020300008F8F800F8F80800D8
:1089A000203F003F003F200008F830C00008F808D2
:1089B000203F200007183F00E01008080810E000E2
:1089C0000F10202020100F0008F808080808F000F9
:1089D000203F210101010000E01008080810E0001C
:1089E0000F18242438504F0008F8888888887000B1
:1089F000203F2000030C3020007088080808380051
:108A00000038202121221C00180808F80808180046
:108A10000000203F2000000008F808000008F808C7
:108A2000001F202020201F000878880000C8380878
:108A3000000007380E010000F80800F80008F800F0
:108A4000033C0700073C030008186880806818088A
:108A500020302C03032C30200838C800C838080008
:108A60000000203F2000000010080808C838080057
:108A70002038262120201800000000FE02020200FB
:108A80000000007F40404000000C30C000000000AB
:108A9000000000010638C00000020202FE000000D3
:108AA000004040407F000000000004020202040079
:108AB00000000000000000000000000000000000B6
:108AC000808080808080808000020204000000009E
:108AD0000000000000000000000080808080000096
:108AE0000019242222223F2008F800808000000084
:108AF000003F112020110E00000000808080000047
:108B0000000E112020201100000000808088F80055
:108B1000000E112020103F20000080808080000087
:108B2000001F222222221300008080F088888818EB
:108B30000020203F202000000000808080808000F6
:108B4000006B94949493600008F80080808000008B
:108B5000203F210000203F20008098980000000066
:108B60000020203F20200000000000809898000096
:108B700000C08080807F000008F8000080808000B6
:108B8000203F24022D302000000808F800000000DB
:108B90000020203F20200000808080808080800096
:108BA000203F20003F20003F808000808080000028
:108BB000203F210000203F200000808080800000B6
:108BC000001F202020201F008080008080000000E7
:108BD00080FFA12020110E00000000808080800016
:108BE000000E112020A0FF80808080008080800007
:108BF00020203F2120000100000080808080800034
:108C00000033242424241900008080E080800000A8
:108C10000000001F202000008080000000808000F5
:108C2000001F202020103F20808080000080808056
:108C300000010E30080601008080008000808080E6
:108C40000F300C030C300F0000808000808080000B
:108C50000020312E0E312000808080000080808036
:108C600080818E70180601000080808080808000E6
:108C70000021302C2221300000000000807C020204
:108C800000000000003F40400002027C8000000025
:108C90000040403F0000000000000000FF00000016
:108CA00000000000FF000000636C65646572000056
:108CB0000000746F726368000000000068756D004A
:108CC000000000000000636C6F636B000000000098
:108CD000707265737300000000006D6F72650000B4
:108CE00000000000300000310000320000330000BE
:108CF000340000350000360000370000380000392D
:108D00000000313000313100313200313300313474
:108D1000003135003136003137003138003139004B
:108D2000323000323100323200323300323400321D
:108D300035003236003237003238003239003330F5
:108D4000003331005375004D6F00547500576500B6
:108D500054680046720053610000000000001100DA
:108D600022003300440055006600000011001A0084
:108D700023002C0035003E0000000B0016002100EF
:108D80002C00370042004D00580063006E0079004F
:108D90003C3C3C000000000000007265636F7264A0
:108DA00000000000536F756E640000000000506FFB
:108DB000776572000000000041626F75740000006A
:108DC00000000000140000001E0000002800000049
:108DD000320000003C0000004600000000000000DF
:108DE000000000000000F03F000000000000F83F1D
:108DF00000000000000000000000004003B8E23F57
:108E0000000000000000000006D0CF43EBFD4C3E08
:108E1000033333333333E33FFFAB6FDBB66DDB3FFD
:108E20004D268F515555D53F01411DA96074D13F45
:108E300065DBC9934A86CD3FEF4E454A287ECA3F3F
:108E40003E5555555555C53F93BDBE166CC166BFC1
:108E50002CDE25AF6A56113FF16BD2C541BDBBBEBA
:108E6000D0A4BE726937663E00000000000000001A
:108E700002400000000000A00000000005400000CB
:108E8000000000C8000000000C4000000000409CF2
:108E900000000000194000000020BCBE00000000DF
:108EA00034400000BFC91B8E00000004B540000024
:108EB000504BCFD06607E2CF010000006C410000AC
:108EC0003E8251AADFEEA73401000000D942000023
:108ED000DCB5A0E23A301F97FFFFFFFFB44500006A
:108EE000FD25A0C8E9A3C14FFFFFFFFFFF3F000022
:108EF0000000008000000000FF3F00000000008034
:108F00000000000064656661756C745461736B00E9
:108F10004C8F0008000000206C01000028010008B0
:108F2000A48F00086C0100206C340000840100084C
:108F30001C00000043000000F8FFFFFF0C000000D1
:108F40000E0000000F0000002E0000003201821011
:108F500003A524F41AAA0141131402422017AED526
:108F600080A83FD3901140A1C8DA1281CFD9F1DB9C
:108F700040A4A68D14AF5A020429EC0118291CB292
:108F800037320B321732243231323E320D321B9AD5
:108F9000292C29143219322672333218322C9A2590
:048FA000042914008C
:04000005080000ED02
:00000001FF
